trial,region,byte_idx,bit_idx,outcome
0,pk,2337,2,validation_abort
1,pk,2720,7,validation_abort
2,packed_s,167,2,silent_wrong_output
3,packed_s,275,1,silent_wrong_output
4,pk,2918,4,validation_abort
5,pk,1571,6,validation_abort
6,pk,2347,2,validation_abort
7,pk,2608,7,validation_abort
8,packed_s,360,7,silent_wrong_output
9,pk,3042,2,validation_abort
10,pk,1949,1,validation_abort
11,packed_s,1224,3,silent_wrong_output
12,packed_s,1494,7,silent_wrong_output
13,pk,2821,6,validation_abort
14,pk,2560,2,validation_abort
15,pk,2642,6,validation_abort
16,pk,2827,3,validation_abort
17,pk,1704,1,validation_abort
18,packed_s,327,5,silent_wrong_output
19,packed_s,547,7,silent_wrong_output
20,packed_s,401,3,silent_wrong_output
21,pk,2141,4,validation_abort
22,packed_s,1013,1,silent_wrong_output
23,pk,2198,5,validation_abort
24,packed_s,1153,3,silent_wrong_output
25,packed_s,1312,0,silent_wrong_output
26,pk,2405,1,validation_abort
27,pk,1870,2,validation_abort
28,pk,1882,7,validation_abort
29,packed_s,921,4,silent_wrong_output
30,packed_s,1158,3,silent_wrong_output
31,pk,2309,0,validation_abort
32,packed_s,1319,4,silent_wrong_output
33,packed_s,583,4,silent_wrong_output
34,packed_s,181,6,silent_wrong_output
35,packed_s,1267,3,silent_wrong_output
36,packed_s,652,3,silent_wrong_output
37,pk,2528,5,validation_abort
38,pk,2042,1,validation_abort
39,pk,1899,4,validation_abort
40,pk,1569,5,validation_abort
41,pk,2835,6,validation_abort
42,pk,2562,3,validation_abort
43,pk,2165,0,validation_abort
44,packed_s,1258,2,silent_wrong_output
45,pk,2683,4,validation_abort
46,pk,1880,0,validation_abort
47,pk,2388,6,validation_abort
48,packed_s,767,4,silent_wrong_output
49,packed_s,1308,4,silent_wrong_output
50,pk,2656,6,validation_abort
51,pk,3001,2,validation_abort
52,pk,1938,4,validation_abort
53,packed_s,1041,5,silent_wrong_output
54,packed_s,465,4,silent_wrong_output
55,pk,2676,6,validation_abort
56,pk,2157,0,validation_abort
57,pk,2821,3,validation_abort
58,packed_s,872,7,silent_wrong_output
59,pk,2705,6,validation_abort
60,packed_s,604,0,silent_wrong_output
61,packed_s,1157,6,silent_wrong_output
62,pk,2425,5,validation_abort
63,pk,2975,7,validation_abort
64,pk,2884,4,validation_abort
65,packed_s,913,4,silent_wrong_output
66,pk,1935,5,validation_abort
67,packed_s,858,1,silent_wrong_output
68,packed_s,834,6,silent_wrong_output
69,pk,2595,4,validation_abort
70,packed_s,492,5,silent_wrong_output
71,packed_s,723,4,silent_wrong_output
72,pk,2477,0,validation_abort
73,pk,2763,2,validation_abort
74,pk,2121,4,validation_abort
75,packed_s,310,1,silent_wrong_output
76,pk,2275,7,validation_abort
77,pk,2531,4,validation_abort
78,packed_s,293,7,silent_wrong_output
79,pk,2928,0,validation_abort
80,pk,1537,0,validation_abort
81,packed_s,61,1,silent_wrong_output
82,z,3156,6,no_effect
83,packed_s,848,0,silent_wrong_output
84,pk,1806,7,validation_abort
85,packed_s,1428,3,silent_wrong_output
86,pk,1825,1,validation_abort
87,pk,1565,6,validation_abort
88,packed_s,1442,5,silent_wrong_output
89,pk,1929,6,validation_abort
90,packed_s,148,5,silent_wrong_output
91,packed_s,546,7,silent_wrong_output
92,pk,3041,0,validation_abort
93,H_pk,3124,4,validation_abort
94,packed_s,1495,6,silent_wrong_output
95,pk,1626,7,validation_abort
96,pk,2811,5,validation_abort
97,pk,1683,3,validation_abort
98,pk,2689,6,validation_abort
99,pk,2723,4,validation_abort
100,pk,1730,4,validation_abort
101,pk,2628,2,validation_abort
102,packed_s,832,4,silent_wrong_output
103,packed_s,116,1,silent_wrong_output
104,pk,2071,5,validation_abort
105,pk,3090,7,validation_abort
106,H_pk,3117,0,validation_abort
107,pk,2963,3,validation_abort
108,pk,3035,5,validation_abort
109,pk,2053,6,validation_abort
110,pk,2531,4,validation_abort
111,packed_s,1111,1,silent_wrong_output
112,packed_s,1190,6,silent_wrong_output
113,packed_s,1164,1,silent_wrong_output
114,pk,2937,1,validation_abort
115,pk,1915,4,validation_abort
116,packed_s,773,7,silent_wrong_output
117,pk,1960,1,validation_abort
118,pk,2538,7,validation_abort
119,pk,2467,5,validation_abort
120,pk,1923,0,validation_abort
121,pk,2131,2,validation_abort
122,pk,1808,1,validation_abort
123,pk,2465,0,validation_abort
124,pk,2838,6,validation_abort
125,pk,1700,3,validation_abort
126,packed_s,142,7,silent_wrong_output
127,packed_s,929,1,silent_wrong_output
128,pk,2691,3,validation_abort
129,packed_s,287,1,silent_wrong_output
130,packed_s,569,0,silent_wrong_output
131,pk,2016,4,validation_abort
132,packed_s,245,6,silent_wrong_output
133,pk,1599,4,validation_abort
134,pk,2174,4,validation_abort
135,pk,2915,2,validation_abort
136,packed_s,951,0,silent_wrong_output
137,pk,1904,2,validation_abort
138,pk,2663,6,validation_abort
139,packed_s,1175,4,silent_wrong_output
140,pk,2638,4,validation_abort
141,pk,2723,7,validation_abort
142,packed_s,811,0,silent_wrong_output
143,packed_s,1036,7,silent_wrong_output
144,pk,2029,0,validation_abort
145,pk,1630,2,validation_abort
146,pk,2280,3,validation_abort
147,H_pk,3118,6,validation_abort
148,pk,2228,4,validation_abort
149,packed_s,1263,2,silent_wrong_output
150,packed_s,886,7,silent_wrong_output
151,pk,3066,2,validation_abort
152,packed_s,557,2,silent_wrong_output
153,pk,2508,4,validation_abort
154,pk,2425,5,validation_abort
155,packed_s,1496,6,silent_wrong_output
156,packed_s,99,0,silent_wrong_output
157,packed_s,1294,6,silent_wrong_output
158,pk,1630,6,validation_abort
159,pk,2219,4,validation_abort
160,pk,2156,4,validation_abort
161,packed_s,924,5,silent_wrong_output
162,packed_s,1370,1,silent_wrong_output
163,pk,1603,0,validation_abort
164,packed_s,180,2,silent_wrong_output
165,packed_s,1356,4,silent_wrong_output
166,pk,1619,1,validation_abort
167,packed_s,1524,5,silent_wrong_output
168,packed_s,169,0,silent_wrong_output
169,packed_s,851,6,silent_wrong_output
170,pk,2515,7,validation_abort
171,packed_s,1093,6,silent_wrong_output
172,packed_s,1151,7,silent_wrong_output
173,packed_s,1140,4,silent_wrong_output
174,pk,1605,6,validation_abort
175,pk,1598,4,validation_abort
176,pk,2508,1,validation_abort
177,pk,2114,2,validation_abort
178,pk,1735,0,validation_abort
179,pk,1755,7,validation_abort
180,pk,2430,5,validation_abort
181,pk,2953,4,validation_abort
182,packed_s,67,2,silent_wrong_output
183,pk,2949,7,validation_abort
184,packed_s,502,4,silent_wrong_output
185,packed_s,1384,4,silent_wrong_output
186,pk,1612,5,validation_abort
187,packed_s,903,2,silent_wrong_output
188,packed_s,1396,5,silent_wrong_output
189,pk,2917,1,validation_abort
190,pk,1600,0,validation_abort
191,pk,1774,6,validation_abort
192,pk,1605,4,validation_abort
193,pk,2845,2,validation_abort
194,pk,1901,6,validation_abort
195,packed_s,253,0,silent_wrong_output
196,pk,2093,3,validation_abort
197,pk,2847,6,validation_abort
198,pk,2962,6,validation_abort
199,pk,2967,4,validation_abort
200,pk,1905,5,validation_abort
201,z,3140,4,no_effect
202,packed_s,656,3,silent_wrong_output
203,pk,3014,2,validation_abort
204,pk,2941,6,validation_abort
205,pk,2367,1,validation_abort
206,pk,2631,3,validation_abort
207,packed_s,391,3,silent_wrong_output
208,pk,2865,5,validation_abort
209,packed_s,926,4,silent_wrong_output
210,pk,2531,5,validation_abort
211,packed_s,113,3,silent_wrong_output
212,pk,2784,2,validation_abort
213,pk,2209,5,validation_abort
214,packed_s,573,3,silent_wrong_output
215,pk,1858,0,validation_abort
216,pk,1885,5,validation_abort
217,pk,3088,5,validation_abort
218,H_pk,3132,4,validation_abort
219,pk,2599,2,validation_abort
220,pk,2418,1,validation_abort
221,packed_s,749,2,silent_wrong_output
222,packed_s,530,5,silent_wrong_output
223,pk,2355,3,validation_abort
224,pk,2335,2,validation_abort
225,pk,2417,3,validation_abort
226,pk,2849,5,validation_abort
227,pk,1934,3,validation_abort
228,pk,2438,3,validation_abort
229,pk,2076,7,validation_abort
230,packed_s,1352,4,silent_wrong_output
231,pk,1718,6,validation_abort
232,pk,2880,5,validation_abort
233,packed_s,117,4,silent_wrong_output
234,pk,2018,3,validation_abort
235,pk,3094,0,validation_abort
236,pk,3024,2,validation_abort
237,packed_s,316,0,silent_wrong_output
238,packed_s,437,6,silent_wrong_output
239,packed_s,383,1,silent_wrong_output
240,pk,2143,0,validation_abort
241,packed_s,205,2,silent_wrong_output
242,packed_s,674,6,silent_wrong_output
243,packed_s,998,7,silent_wrong_output
244,packed_s,869,3,silent_wrong_output
245,packed_s,653,3,silent_wrong_output
246,packed_s,833,2,silent_wrong_output
247,pk,1928,5,validation_abort
248,pk,2966,5,validation_abort
249,pk,3091,7,validation_abort
250,packed_s,1107,5,silent_wrong_output
251,pk,3068,7,validation_abort
252,pk,2969,4,validation_abort
253,packed_s,651,5,silent_wrong_output
254,packed_s,1386,4,silent_wrong_output
255,pk,2985,3,validation_abort
256,pk,2595,7,validation_abort
257,pk,2219,6,validation_abort
258,packed_s,1472,7,silent_wrong_output
259,pk,1807,4,validation_abort
260,pk,1675,5,validation_abort
261,packed_s,866,4,silent_wrong_output
262,pk,2504,4,validation_abort
263,packed_s,200,0,silent_wrong_output
264,packed_s,830,3,silent_wrong_output
265,packed_s,1047,0,silent_wrong_output
266,packed_s,98,3,silent_wrong_output
267,pk,2988,3,validation_abort
268,pk,1626,4,validation_abort
269,packed_s,850,3,silent_wrong_output
270,packed_s,1181,6,silent_wrong_output
271,pk,2591,6,validation_abort
272,packed_s,210,2,silent_wrong_output
273,packed_s,604,6,silent_wrong_output
274,pk,1734,1,validation_abort
275,pk,2980,6,validation_abort
276,pk,2172,0,validation_abort
277,pk,2745,1,validation_abort
278,pk,2217,1,validation_abort
279,packed_s,778,6,silent_wrong_output
280,z,3151,5,no_effect
281,packed_s,1267,7,silent_wrong_output
282,pk,2307,1,validation_abort
283,pk,2730,2,validation_abort
284,pk,2202,0,validation_abort
285,packed_s,692,1,silent_wrong_output
286,packed_s,360,6,silent_wrong_output
287,pk,2525,5,validation_abort
288,pk,2157,2,validation_abort
289,pk,2074,0,validation_abort
290,packed_s,708,1,silent_wrong_output
291,packed_s,202,3,silent_wrong_output
292,pk,1617,5,validation_abort
293,pk,2357,6,validation_abort
294,pk,1643,4,validation_abort
295,packed_s,659,0,silent_wrong_output
296,pk,1889,3,validation_abort
297,packed_s,1070,2,silent_wrong_output
298,pk,2404,4,validation_abort
299,pk,1777,3,validation_abort
300,pk,2716,4,validation_abort
301,packed_s,230,1,silent_wrong_output
302,pk,2892,5,validation_abort
303,packed_s,1340,3,silent_wrong_output
304,pk,2862,7,validation_abort
305,pk,2700,5,validation_abort
306,packed_s,137,2,silent_wrong_output
307,pk,2235,5,validation_abort
308,pk,2588,4,validation_abort
309,packed_s,49,0,silent_wrong_output
310,pk,1586,7,validation_abort
311,packed_s,357,4,silent_wrong_output
312,pk,2869,2,validation_abort
313,pk,1875,3,validation_abort
314,pk,2598,5,validation_abort
315,pk,1705,7,validation_abort
316,z,3150,0,no_effect
317,pk,2939,1,validation_abort
318,pk,2846,6,validation_abort
319,packed_s,1207,6,silent_wrong_output
320,pk,1956,5,validation_abort
321,pk,1737,7,validation_abort
322,packed_s,453,3,silent_wrong_output
323,packed_s,1060,6,silent_wrong_output
324,packed_s,446,4,silent_wrong_output
325,packed_s,914,3,silent_wrong_output
326,packed_s,1515,4,silent_wrong_output
327,pk,2369,1,validation_abort
328,pk,2302,3,validation_abort
329,packed_s,1252,2,silent_wrong_output
330,H_pk,3108,7,validation_abort
331,packed_s,1175,2,silent_wrong_output
332,packed_s,696,6,silent_wrong_output
333,pk,2188,6,validation_abort
334,packed_s,55,3,silent_wrong_output
335,packed_s,165,3,silent_wrong_output
336,pk,2965,2,validation_abort
337,packed_s,381,2,silent_wrong_output
338,pk,2438,7,validation_abort
339,packed_s,962,7,silent_wrong_output
340,pk,1767,4,validation_abort
341,pk,1755,3,validation_abort
342,pk,2702,3,validation_abort
343,pk,2438,0,validation_abort
344,pk,1827,3,validation_abort
345,pk,1680,3,validation_abort
346,packed_s,1046,4,silent_wrong_output
347,packed_s,546,4,silent_wrong_output
348,packed_s,812,5,silent_wrong_output
349,packed_s,357,4,silent_wrong_output
350,pk,2981,3,validation_abort
351,pk,1850,4,validation_abort
352,packed_s,40,4,silent_wrong_output
353,pk,2191,0,validation_abort
354,pk,1619,1,validation_abort
355,packed_s,215,5,silent_wrong_output
356,packed_s,16,3,silent_wrong_output
357,packed_s,302,2,silent_wrong_output
358,pk,2622,4,validation_abort
359,packed_s,174,4,silent_wrong_output
360,pk,2843,7,validation_abort
361,packed_s,1338,3,silent_wrong_output
362,packed_s,261,4,silent_wrong_output
363,pk,1846,7,validation_abort
364,packed_s,170,5,silent_wrong_output
365,pk,2488,6,validation_abort
366,packed_s,328,4,silent_wrong_output
367,packed_s,398,7,silent_wrong_output
368,packed_s,877,4,silent_wrong_output
369,pk,3096,3,validation_abort
370,pk,2546,6,validation_abort
371,packed_s,635,7,silent_wrong_output
372,pk,2500,5,validation_abort
373,pk,2747,4,validation_abort
374,packed_s,422,4,silent_wrong_output
375,pk,2702,7,validation_abort
376,packed_s,1337,5,silent_wrong_output
377,packed_s,62,2,silent_wrong_output
378,pk,2782,1,validation_abort
379,pk,2349,4,validation_abort
380,packed_s,1131,0,silent_wrong_output
381,pk,2542,7,validation_abort
382,packed_s,1480,4,silent_wrong_output
383,packed_s,1302,6,silent_wrong_output
384,packed_s,385,7,silent_wrong_output
385,packed_s,1240,4,silent_wrong_output
386,packed_s,1455,2,silent_wrong_output
387,packed_s,671,2,silent_wrong_output
388,packed_s,312,6,silent_wrong_output
389,packed_s,981,4,silent_wrong_output
390,pk,1658,7,validation_abort
391,packed_s,153,7,silent_wrong_output
392,packed_s,684,3,silent_wrong_output
393,packed_s,494,2,silent_wrong_output
394,pk,2557,0,validation_abort
395,packed_s,1163,5,silent_wrong_output
396,packed_s,681,1,silent_wrong_output
397,packed_s,1426,6,silent_wrong_output
398,pk,2418,3,validation_abort
399,pk,1610,5,validation_abort
400,packed_s,486,4,silent_wrong_output
401,pk,1862,3,validation_abort
402,packed_s,227,6,silent_wrong_output
403,packed_s,109,7,silent_wrong_output
404,packed_s,895,3,silent_wrong_output
405,pk,1836,1,validation_abort
406,packed_s,1208,0,silent_wrong_output
407,packed_s,1057,2,silent_wrong_output
408,pk,1538,1,validation_abort
409,packed_s,887,2,silent_wrong_output
410,packed_s,1435,7,silent_wrong_output
411,packed_s,265,7,silent_wrong_output
412,pk,2351,4,validation_abort
413,packed_s,807,3,silent_wrong_output
414,packed_s,613,4,silent_wrong_output
415,pk,2490,5,validation_abort
416,packed_s,1112,3,silent_wrong_output
417,pk,1793,3,validation_abort
418,packed_s,518,7,silent_wrong_output
419,pk,2819,6,validation_abort
420,pk,1725,7,validation_abort
421,packed_s,424,1,silent_wrong_output
422,pk,1763,5,validation_abort
423,pk,2361,4,validation_abort
424,pk,1537,2,validation_abort
425,packed_s,21,1,silent_wrong_output
426,pk,2952,1,validation_abort
427,pk,2151,7,validation_abort
428,pk,1944,4,validation_abort
429,pk,2879,0,validation_abort
430,pk,1848,5,validation_abort
431,packed_s,1072,6,silent_wrong_output
432,pk,1561,4,validation_abort
433,packed_s,333,4,silent_wrong_output
434,packed_s,870,5,silent_wrong_output
435,pk,2722,3,validation_abort
436,packed_s,824,3,silent_wrong_output
437,packed_s,239,6,silent_wrong_output
438,pk,2467,5,validation_abort
439,pk,2648,4,validation_abort
440,pk,2993,0,validation_abort
441,packed_s,154,4,silent_wrong_output
442,packed_s,925,6,silent_wrong_output
443,packed_s,1462,3,silent_wrong_output
444,pk,2428,0,validation_abort
445,pk,2425,0,validation_abort
446,pk,1540,5,validation_abort
447,pk,1878,5,validation_abort
448,packed_s,68,0,silent_wrong_output
449,pk,1948,1,validation_abort
450,pk,3079,0,validation_abort
451,packed_s,460,1,silent_wrong_output
452,pk,1973,0,validation_abort
453,packed_s,845,3,silent_wrong_output
454,packed_s,1469,3,silent_wrong_output
455,packed_s,667,7,silent_wrong_output
456,packed_s,715,3,silent_wrong_output
457,packed_s,454,6,silent_wrong_output
458,pk,2635,2,validation_abort
459,pk,1800,3,validation_abort
460,packed_s,1146,6,silent_wrong_output
461,pk,2651,3,validation_abort
462,pk,1592,3,validation_abort
463,pk,2092,2,validation_abort
464,pk,2020,3,validation_abort
465,pk,1828,1,validation_abort
466,packed_s,838,2,silent_wrong_output
467,pk,2842,4,validation_abort
468,pk,2223,7,validation_abort
469,pk,1972,7,validation_abort
470,packed_s,741,0,silent_wrong_output
471,packed_s,1462,0,silent_wrong_output
472,pk,2062,3,validation_abort
473,pk,2118,3,validation_abort
474,pk,2069,3,validation_abort
475,packed_s,451,5,silent_wrong_output
476,packed_s,571,3,silent_wrong_output
477,pk,1733,5,validation_abort
478,packed_s,964,2,silent_wrong_output
479,packed_s,1354,4,silent_wrong_output
480,pk,1569,4,validation_abort
481,pk,2200,5,validation_abort
482,pk,1554,1,validation_abort
483,packed_s,326,2,silent_wrong_output
484,packed_s,1191,7,silent_wrong_output
485,pk,1773,3,validation_abort
486,pk,2101,7,validation_abort
487,pk,2021,1,validation_abort
488,packed_s,831,0,silent_wrong_output
489,pk,2458,6,validation_abort
490,packed_s,669,2,silent_wrong_output
491,pk,2255,7,validation_abort
492,pk,2835,6,validation_abort
493,pk,2714,6,validation_abort
494,pk,2423,6,validation_abort
495,pk,2711,6,validation_abort
496,pk,2621,2,validation_abort
497,packed_s,245,5,silent_wrong_output
498,pk,2312,7,validation_abort
499,pk,1957,3,validation_abort
500,pk,2179,6,validation_abort
501,z,3149,5,no_effect
502,packed_s,522,3,silent_wrong_output
503,packed_s,1098,1,silent_wrong_output
504,packed_s,73,0,silent_wrong_output
505,pk,2015,5,validation_abort
506,packed_s,722,3,silent_wrong_output
507,packed_s,56,1,silent_wrong_output
508,pk,1917,1,validation_abort
509,packed_s,790,7,silent_wrong_output
510,pk,2185,3,validation_abort
511,pk,2787,3,validation_abort
512,packed_s,1090,7,silent_wrong_output
513,packed_s,568,2,silent_wrong_output
514,pk,2085,6,validation_abort
515,pk,3062,0,validation_abort
516,packed_s,1099,5,silent_wrong_output
517,pk,2630,3,validation_abort
518,packed_s,992,7,silent_wrong_output
519,packed_s,471,0,silent_wrong_output
520,packed_s,1057,3,silent_wrong_output
521,pk,2803,2,validation_abort
522,packed_s,573,5,silent_wrong_output
523,packed_s,1073,7,silent_wrong_output
524,packed_s,279,4,silent_wrong_output
525,pk,2680,0,validation_abort
526,packed_s,389,0,silent_wrong_output
527,pk,2160,3,validation_abort
528,pk,2073,2,validation_abort
529,packed_s,773,2,silent_wrong_output
530,pk,2678,1,validation_abort
531,pk,1914,7,validation_abort
532,packed_s,1098,0,silent_wrong_output
533,pk,2820,5,validation_abort
534,pk,1580,7,validation_abort
535,H_pk,3109,1,validation_abort
536,packed_s,748,0,silent_wrong_output
537,packed_s,1298,6,silent_wrong_output
538,pk,1806,7,validation_abort
539,packed_s,1059,3,silent_wrong_output
540,packed_s,332,2,silent_wrong_output
541,pk,1643,3,validation_abort
542,pk,2721,7,validation_abort
543,packed_s,277,5,silent_wrong_output
544,packed_s,1078,7,silent_wrong_output
545,packed_s,1174,6,silent_wrong_output
546,pk,2951,4,validation_abort
547,packed_s,1284,4,silent_wrong_output
548,packed_s,20,4,silent_wrong_output
549,packed_s,535,4,silent_wrong_output
550,packed_s,1216,7,silent_wrong_output
551,pk,1870,1,validation_abort
552,packed_s,1524,2,silent_wrong_output
553,pk,2380,5,validation_abort
554,z,3166,3,no_effect
555,packed_s,1451,0,silent_wrong_output
556,pk,1912,1,validation_abort
557,pk,3055,3,validation_abort
558,pk,2407,1,validation_abort
559,pk,2224,6,validation_abort
560,packed_s,888,0,silent_wrong_output
561,pk,1752,6,validation_abort
562,pk,1603,0,validation_abort
563,packed_s,46,7,silent_wrong_output
564,pk,2998,4,validation_abort
565,packed_s,634,4,silent_wrong_output
566,pk,2647,6,validation_abort
567,pk,3054,6,validation_abort
568,pk,1885,7,validation_abort
569,pk,3072,1,validation_abort
570,pk,1782,0,validation_abort
571,pk,2296,3,validation_abort
572,pk,2990,1,validation_abort
573,packed_s,1156,7,silent_wrong_output
574,pk,2838,6,validation_abort
575,packed_s,1196,3,silent_wrong_output
576,pk,3001,6,validation_abort
577,pk,2761,0,validation_abort
578,packed_s,1333,1,silent_wrong_output
579,packed_s,190,7,silent_wrong_output
580,packed_s,838,0,silent_wrong_output
581,pk,1784,0,validation_abort
582,packed_s,1289,1,silent_wrong_output
583,packed_s,1284,2,silent_wrong_output
584,pk,2667,4,validation_abort
585,packed_s,356,7,silent_wrong_output
586,packed_s,1395,4,silent_wrong_output
587,packed_s,13,0,silent_wrong_output
588,z,3167,7,no_effect
589,pk,2585,2,validation_abort
590,pk,1580,2,validation_abort
591,packed_s,1110,2,silent_wrong_output
592,packed_s,805,0,silent_wrong_output
593,pk,1930,6,validation_abort
594,packed_s,758,3,silent_wrong_output
595,pk,2511,7,validation_abort
596,pk,2544,2,validation_abort
597,pk,2786,4,validation_abort
598,H_pk,3114,7,validation_abort
599,pk,3087,5,validation_abort
600,packed_s,838,0,silent_wrong_output
601,pk,2785,0,validation_abort
602,packed_s,1461,7,silent_wrong_output
603,packed_s,721,3,silent_wrong_output
604,packed_s,608,0,silent_wrong_output
605,packed_s,1480,6,silent_wrong_output
606,pk,2244,5,validation_abort
607,pk,2655,5,validation_abort
608,pk,1944,6,validation_abort
609,pk,2702,1,validation_abort
610,packed_s,1444,3,silent_wrong_output
611,pk,2263,6,validation_abort
612,packed_s,746,2,silent_wrong_output
613,pk,2883,6,validation_abort
614,packed_s,168,0,silent_wrong_output
615,z,3147,2,no_effect
616,packed_s,1433,6,silent_wrong_output
617,packed_s,151,1,silent_wrong_output
618,pk,2756,4,validation_abort
619,packed_s,865,3,silent_wrong_output
620,pk,3093,3,validation_abort
621,pk,2557,3,validation_abort
622,packed_s,451,0,silent_wrong_output
623,packed_s,1123,7,silent_wrong_output
624,packed_s,1179,0,silent_wrong_output
625,packed_s,725,4,silent_wrong_output
626,packed_s,334,7,silent_wrong_output
627,packed_s,54,4,silent_wrong_output
628,pk,3007,4,validation_abort
629,pk,2768,0,validation_abort
630,pk,2054,0,validation_abort
631,pk,2376,0,validation_abort
632,packed_s,700,4,silent_wrong_output
633,packed_s,596,6,silent_wrong_output
634,pk,2985,4,validation_abort
635,pk,2022,3,validation_abort
636,packed_s,949,0,silent_wrong_output
637,packed_s,305,1,silent_wrong_output
638,packed_s,644,5,silent_wrong_output
639,pk,2137,6,validation_abort
640,pk,2079,4,validation_abort
641,packed_s,753,7,silent_wrong_output
642,pk,2682,4,validation_abort
643,packed_s,1288,0,silent_wrong_output
644,pk,2608,2,validation_abort
645,pk,1894,1,validation_abort
646,packed_s,1487,2,silent_wrong_output
647,pk,2913,0,validation_abort
648,pk,2110,2,validation_abort
649,pk,1884,6,validation_abort
650,packed_s,938,4,silent_wrong_output
651,packed_s,327,6,silent_wrong_output
652,pk,1898,0,validation_abort
653,packed_s,1124,4,silent_wrong_output
654,packed_s,1482,7,silent_wrong_output
655,packed_s,911,0,silent_wrong_output
656,packed_s,1010,6,silent_wrong_output
657,pk,2729,5,validation_abort
658,packed_s,1028,0,silent_wrong_output
659,packed_s,729,0,silent_wrong_output
660,packed_s,666,6,silent_wrong_output
661,packed_s,688,4,silent_wrong_output
662,packed_s,632,0,silent_wrong_output
663,packed_s,70,0,silent_wrong_output
664,pk,2157,5,validation_abort
665,packed_s,54,2,silent_wrong_output
666,pk,1934,4,validation_abort
667,packed_s,1040,6,silent_wrong_output
668,packed_s,1172,5,silent_wrong_output
669,packed_s,143,0,silent_wrong_output
670,packed_s,1336,3,silent_wrong_output
671,packed_s,926,7,silent_wrong_output
672,pk,2708,5,validation_abort
673,z,3153,5,no_effect
674,packed_s,1111,5,silent_wrong_output
675,packed_s,938,7,silent_wrong_output
676,packed_s,61,3,silent_wrong_output
677,packed_s,1260,5,silent_wrong_output
678,pk,1560,5,validation_abort
679,packed_s,518,1,silent_wrong_output
680,packed_s,388,1,silent_wrong_output
681,pk,1877,2,validation_abort
682,packed_s,1517,5,silent_wrong_output
683,pk,1996,7,validation_abort
684,pk,1737,4,validation_abort
685,pk,2424,5,validation_abort
686,pk,3005,4,validation_abort
687,packed_s,837,6,silent_wrong_output
688,packed_s,107,3,silent_wrong_output
689,packed_s,789,6,silent_wrong_output
690,pk,1783,7,validation_abort
691,pk,2254,3,validation_abort
692,packed_s,1206,1,silent_wrong_output
693,pk,2050,1,validation_abort
694,pk,1864,5,validation_abort
695,packed_s,212,2,silent_wrong_output
696,pk,1887,1,validation_abort
697,packed_s,1497,2,silent_wrong_output
698,pk,1675,7,validation_abort
699,pk,2988,2,validation_abort
700,packed_s,1044,2,silent_wrong_output
701,pk,2640,7,validation_abort
702,packed_s,1250,1,silent_wrong_output
703,packed_s,1348,6,silent_wrong_output
704,packed_s,558,6,silent_wrong_output
705,packed_s,1317,0,silent_wrong_output
706,packed_s,333,3,silent_wrong_output
707,pk,2742,4,validation_abort
708,packed_s,625,7,silent_wrong_output
709,pk,2886,4,validation_abort
710,packed_s,989,0,silent_wrong_output
711,pk,2933,2,validation_abort
712,packed_s,927,1,silent_wrong_output
713,packed_s,970,3,silent_wrong_output
714,pk,2244,0,validation_abort
715,packed_s,1469,1,silent_wrong_output
716,pk,2445,7,validation_abort
717,pk,2080,3,validation_abort
718,pk,2401,3,validation_abort
719,pk,1745,3,validation_abort
720,packed_s,1245,0,silent_wrong_output
721,packed_s,974,1,silent_wrong_output
722,packed_s,269,7,silent_wrong_output
723,packed_s,1498,3,silent_wrong_output
724,packed_s,1357,6,silent_wrong_output
725,pk,1705,6,validation_abort
726,packed_s,746,3,silent_wrong_output
727,packed_s,441,6,silent_wrong_output
728,pk,2291,7,validation_abort
729,pk,2964,7,validation_abort
730,packed_s,690,5,silent_wrong_output
731,packed_s,507,7,silent_wrong_output
732,pk,1611,0,validation_abort
733,packed_s,642,6,silent_wrong_output
734,pk,2015,7,validation_abort
735,packed_s,1424,6,silent_wrong_output
736,pk,2270,2,validation_abort
737,packed_s,619,1,silent_wrong_output
738,pk,2392,4,validation_abort
739,pk,2949,5,validation_abort
740,packed_s,527,5,silent_wrong_output
741,packed_s,1130,3,silent_wrong_output
742,pk,2200,6,validation_abort
743,packed_s,228,0,silent_wrong_output
744,pk,3036,7,validation_abort
745,packed_s,474,6,silent_wrong_output
746,pk,2785,4,validation_abort
747,pk,2053,4,validation_abort
748,pk,2282,4,validation_abort
749,pk,2528,1,validation_abort
750,pk,2056,1,validation_abort
751,packed_s,497,3,silent_wrong_output
752,pk,2502,5,validation_abort
753,packed_s,157,1,silent_wrong_output
754,pk,1946,3,validation_abort
755,pk,2702,7,validation_abort
756,packed_s,1428,2,silent_wrong_output
757,pk,2044,3,validation_abort
758,pk,1735,3,validation_abort
759,packed_s,900,2,silent_wrong_output
760,pk,2906,3,validation_abort
761,pk,2050,3,validation_abort
762,packed_s,1264,3,silent_wrong_output
763,pk,1954,3,validation_abort
764,H_pk,3119,6,validation_abort
765,pk,2819,1,validation_abort
766,packed_s,235,5,silent_wrong_output
767,pk,2808,4,validation_abort
768,pk,2671,5,validation_abort
769,pk,1557,5,validation_abort
770,pk,1888,4,validation_abort
771,packed_s,645,3,silent_wrong_output
772,packed_s,189,5,silent_wrong_output
773,packed_s,1277,7,silent_wrong_output
774,packed_s,388,4,silent_wrong_output
775,packed_s,777,4,silent_wrong_output
776,packed_s,1529,4,silent_wrong_output
777,pk,2088,3,validation_abort
778,packed_s,877,0,silent_wrong_output
779,packed_s,282,0,silent_wrong_output
780,packed_s,1494,4,silent_wrong_output
781,packed_s,947,1,silent_wrong_output
782,packed_s,1028,1,silent_wrong_output
783,packed_s,384,4,silent_wrong_output
784,packed_s,323,3,silent_wrong_output
785,packed_s,1127,6,silent_wrong_output
786,z,3154,0,no_effect
787,packed_s,556,3,silent_wrong_output
788,packed_s,1428,6,silent_wrong_output
789,packed_s,158,1,silent_wrong_output
790,pk,2777,7,validation_abort
791,pk,2028,2,validation_abort
792,pk,2275,1,validation_abort
793,pk,1881,6,validation_abort
794,packed_s,678,6,silent_wrong_output
795,pk,1577,1,validation_abort
796,packed_s,1054,1,silent_wrong_output
797,packed_s,542,3,silent_wrong_output
798,packed_s,338,4,silent_wrong_output
799,packed_s,1400,5,silent_wrong_output
800,packed_s,870,0,silent_wrong_output
801,packed_s,144,2,silent_wrong_output
802,z,3156,3,no_effect
803,pk,3098,4,validation_abort
804,pk,2238,5,validation_abort
805,packed_s,264,0,silent_wrong_output
806,packed_s,1193,1,silent_wrong_output
807,pk,2469,6,validation_abort
808,packed_s,695,2,silent_wrong_output
809,pk,1650,6,validation_abort
810,packed_s,38,2,silent_wrong_output
811,pk,2204,4,validation_abort
812,pk,2535,2,validation_abort
813,packed_s,1524,4,silent_wrong_output
814,pk,2264,0,validation_abort
815,pk,2239,7,validation_abort
816,pk,2635,4,validation_abort
817,packed_s,858,6,silent_wrong_output
818,packed_s,363,1,silent_wrong_output
819,packed_s,1415,5,silent_wrong_output
820,pk,2514,5,validation_abort
821,pk,1816,3,validation_abort
822,pk,2450,2,validation_abort
823,pk,3077,7,validation_abort
824,pk,2889,2,validation_abort
825,packed_s,253,0,silent_wrong_output
826,packed_s,1146,5,silent_wrong_output
827,pk,3069,4,validation_abort
828,packed_s,542,1,silent_wrong_output
829,pk,2452,1,validation_abort
830,packed_s,1000,0,silent_wrong_output
831,pk,2033,2,validation_abort
832,z,3141,0,no_effect
833,pk,2757,2,validation_abort
834,packed_s,1150,6,silent_wrong_output
835,pk,1772,5,validation_abort
836,packed_s,659,4,silent_wrong_output
837,pk,2971,0,validation_abort
838,pk,1690,0,validation_abort
839,packed_s,1247,0,silent_wrong_output
840,pk,2426,2,validation_abort
841,packed_s,1264,1,silent_wrong_output
842,pk,2386,7,validation_abort
843,pk,2687,1,validation_abort
844,pk,1607,0,validation_abort
845,pk,1819,3,validation_abort
846,pk,2401,4,validation_abort
847,packed_s,1252,6,silent_wrong_output
848,pk,2721,2,validation_abort
849,pk,2771,3,validation_abort
850,packed_s,925,2,silent_wrong_output
851,pk,2381,5,validation_abort
852,pk,2064,7,validation_abort
853,pk,2999,2,validation_abort
854,pk,1594,6,validation_abort
855,H_pk,3119,2,validation_abort
856,packed_s,1186,0,silent_wrong_output
857,packed_s,1496,6,silent_wrong_output
858,pk,1774,5,validation_abort
859,packed_s,479,6,silent_wrong_output
860,pk,2305,7,validation_abort
861,pk,3080,2,validation_abort
862,pk,1798,5,validation_abort
863,pk,2258,5,validation_abort
864,packed_s,1372,3,silent_wrong_output
865,pk,1688,5,validation_abort
866,packed_s,686,2,silent_wrong_output
867,pk,1988,3,validation_abort
868,packed_s,249,3,silent_wrong_output
869,pk,1926,4,validation_abort
870,packed_s,576,0,silent_wrong_output
871,packed_s,569,6,silent_wrong_output
872,z,3164,0,no_effect
873,pk,2734,0,validation_abort
874,pk,3072,3,validation_abort
875,packed_s,1383,7,silent_wrong_output
876,packed_s,1485,1,silent_wrong_output
877,packed_s,260,4,silent_wrong_output
878,packed_s,138,3,silent_wrong_output
879,pk,2250,4,validation_abort
880,packed_s,1535,2,silent_wrong_output
881,packed_s,1442,6,silent_wrong_output
882,pk,3008,0,validation_abort
883,pk,2515,7,validation_abort
884,pk,2089,5,validation_abort
885,pk,1923,4,validation_abort
886,pk,2667,0,validation_abort
887,pk,1964,2,validation_abort
888,packed_s,1245,0,silent_wrong_output
889,packed_s,685,6,silent_wrong_output
890,packed_s,50,6,silent_wrong_output
891,pk,2434,1,validation_abort
892,packed_s,825,6,silent_wrong_output
893,pk,2421,4,validation_abort
894,packed_s,790,3,silent_wrong_output
895,pk,2885,3,validation_abort
896,pk,2033,2,validation_abort
897,pk,1762,2,validation_abort
898,H_pk,3132,1,validation_abort
899,pk,2418,2,validation_abort
900,packed_s,774,0,silent_wrong_output
901,pk,2421,7,validation_abort
902,packed_s,1265,7,silent_wrong_output
903,packed_s,1308,5,silent_wrong_output
904,packed_s,487,5,silent_wrong_output
905,pk,2435,5,validation_abort
906,pk,2873,0,validation_abort
907,pk,2318,0,validation_abort
908,pk,1738,5,validation_abort
909,pk,2513,2,validation_abort
910,packed_s,631,5,silent_wrong_output
911,packed_s,367,1,silent_wrong_output
912,z,3154,1,no_effect
913,packed_s,536,1,silent_wrong_output
914,pk,2389,0,validation_abort
915,packed_s,936,1,silent_wrong_output
916,packed_s,1009,4,silent_wrong_output
917,packed_s,1298,4,silent_wrong_output
918,packed_s,1294,0,silent_wrong_output
919,pk,1783,6,validation_abort
920,packed_s,1352,2,silent_wrong_output
921,packed_s,909,2,silent_wrong_output
922,packed_s,127,0,silent_wrong_output
923,H_pk,3131,7,validation_abort
924,pk,2415,3,validation_abort
925,pk,1646,4,validation_abort
926,packed_s,422,4,silent_wrong_output
927,pk,2347,0,validation_abort
928,packed_s,10,2,silent_wrong_output
929,packed_s,837,4,silent_wrong_output
930,packed_s,725,6,silent_wrong_output
931,packed_s,1437,3,silent_wrong_output
932,pk,1916,3,validation_abort
933,packed_s,1095,3,silent_wrong_output
934,packed_s,1042,7,silent_wrong_output
935,packed_s,1396,2,silent_wrong_output
936,packed_s,50,5,silent_wrong_output
937,packed_s,144,3,silent_wrong_output
938,pk,1696,1,validation_abort
939,pk,2376,6,validation_abort
940,pk,3054,5,validation_abort
941,pk,2053,7,validation_abort
942,packed_s,1201,4,silent_wrong_output
943,pk,1632,2,validation_abort
944,packed_s,789,4,silent_wrong_output
945,pk,1588,5,validation_abort
946,packed_s,531,7,silent_wrong_output
947,packed_s,1316,5,silent_wrong_output
948,pk,2890,3,validation_abort
949,pk,2824,0,validation_abort
950,packed_s,781,0,silent_wrong_output
951,pk,2380,2,validation_abort
952,packed_s,510,2,silent_wrong_output
953,packed_s,1482,2,silent_wrong_output
954,pk,2123,6,validation_abort
955,packed_s,663,3,silent_wrong_output
956,packed_s,472,7,silent_wrong_output
957,packed_s,1040,3,silent_wrong_output
958,pk,2212,6,validation_abort
959,pk,2894,5,validation_abort
960,packed_s,1335,7,silent_wrong_output
961,packed_s,1324,0,silent_wrong_output
962,packed_s,920,2,silent_wrong_output
963,packed_s,1370,7,silent_wrong_output
964,packed_s,899,3,silent_wrong_output
965,packed_s,502,1,silent_wrong_output
966,packed_s,1277,5,silent_wrong_output
967,packed_s,56,1,silent_wrong_output
968,pk,1789,6,validation_abort
969,pk,2803,1,validation_abort
970,pk,2382,5,validation_abort
971,packed_s,563,5,silent_wrong_output
972,pk,2207,6,validation_abort
973,packed_s,994,0,silent_wrong_output
974,pk,1983,5,validation_abort
975,packed_s,483,5,silent_wrong_output
976,pk,3087,1,validation_abort
977,pk,2803,6,validation_abort
978,pk,2839,7,validation_abort
979,packed_s,736,3,silent_wrong_output
980,pk,1718,2,validation_abort
981,packed_s,160,4,silent_wrong_output
982,packed_s,1161,2,silent_wrong_output
983,pk,2903,4,validation_abort
984,packed_s,1104,4,silent_wrong_output
985,packed_s,914,0,silent_wrong_output
986,packed_s,1365,1,silent_wrong_output
987,pk,2098,6,validation_abort
988,pk,3067,5,validation_abort
989,pk,3066,3,validation_abort
990,packed_s,1517,3,silent_wrong_output
991,pk,3004,6,validation_abort
992,pk,2969,2,validation_abort
993,packed_s,870,2,silent_wrong_output
994,packed_s,265,1,silent_wrong_output
995,packed_s,912,4,silent_wrong_output
996,packed_s,436,3,silent_wrong_output
997,pk,1982,6,validation_abort
998,pk,2064,2,validation_abort
999,pk,1809,1,validation_abort
1000,pk,2866,4,validation_abort
1001,pk,2822,0,validation_abort
1002,packed_s,1192,2,silent_wrong_output
1003,packed_s,895,2,silent_wrong_output
1004,packed_s,183,1,silent_wrong_output
1005,packed_s,1471,7,silent_wrong_output
1006,packed_s,298,4,silent_wrong_output
1007,packed_s,1102,6,silent_wrong_output
1008,packed_s,742,6,silent_wrong_output
1009,packed_s,933,2,silent_wrong_output
1010,packed_s,1031,4,silent_wrong_output
1011,packed_s,122,4,silent_wrong_output
1012,packed_s,206,6,silent_wrong_output
1013,pk,2267,0,validation_abort
1014,packed_s,702,4,silent_wrong_output
1015,packed_s,495,4,silent_wrong_output
1016,packed_s,1360,3,silent_wrong_output
1017,pk,2193,6,validation_abort
1018,pk,1738,3,validation_abort
1019,packed_s,125,3,silent_wrong_output
1020,pk,2816,2,validation_abort
1021,packed_s,733,0,silent_wrong_output
1022,packed_s,552,7,silent_wrong_output
1023,packed_s,1025,7,silent_wrong_output
1024,packed_s,1349,2,silent_wrong_output
1025,pk,2543,5,validation_abort
1026,packed_s,924,4,silent_wrong_output
1027,packed_s,56,4,silent_wrong_output
1028,pk,2958,3,validation_abort
1029,pk,1727,6,validation_abort
1030,packed_s,1094,0,silent_wrong_output
1031,pk,2903,7,validation_abort
1032,pk,2506,1,validation_abort
1033,pk,2176,6,validation_abort
1034,H_pk,3130,1,validation_abort
1035,packed_s,1259,3,silent_wrong_output
1036,packed_s,4,6,silent_wrong_output
1037,packed_s,1474,2,silent_wrong_output
1038,packed_s,593,0,silent_wrong_output
1039,pk,1691,3,validation_abort
1040,pk,1690,6,validation_abort
1041,pk,2043,3,validation_abort
1042,packed_s,10,2,silent_wrong_output
1043,packed_s,441,0,silent_wrong_output
1044,packed_s,1226,6,silent_wrong_output
1045,pk,1905,2,validation_abort
1046,packed_s,742,6,silent_wrong_output
1047,pk,2825,3,validation_abort
1048,pk,2993,0,validation_abort
1049,packed_s,1243,4,silent_wrong_output
1050,pk,3083,2,validation_abort
1051,pk,1572,1,validation_abort
1052,packed_s,401,3,silent_wrong_output
1053,pk,2407,2,validation_abort
1054,packed_s,925,6,silent_wrong_output
1055,pk,2258,0,validation_abort
1056,pk,1786,0,validation_abort
1057,packed_s,466,3,silent_wrong_output
1058,packed_s,632,1,silent_wrong_output
1059,packed_s,871,2,silent_wrong_output
1060,H_pk,3120,0,validation_abort
1061,pk,1727,4,validation_abort
1062,pk,2598,1,validation_abort
1063,pk,2078,6,validation_abort
1064,packed_s,629,3,silent_wrong_output
1065,z,3149,1,no_effect
1066,packed_s,1152,5,silent_wrong_output
1067,pk,2694,7,validation_abort
1068,pk,2798,6,validation_abort
1069,z,3149,7,no_effect
1070,packed_s,1094,7,silent_wrong_output
1071,packed_s,245,6,silent_wrong_output
1072,pk,2463,5,validation_abort
1073,packed_s,1454,7,silent_wrong_output
1074,z,3145,2,no_effect
1075,pk,1929,7,validation_abort
1076,packed_s,1428,1,silent_wrong_output
1077,pk,2823,0,validation_abort
1078,pk,2901,1,validation_abort
1079,pk,2193,7,validation_abort
1080,pk,2813,6,validation_abort
1081,packed_s,1525,7,silent_wrong_output
1082,pk,1555,2,validation_abort
1083,packed_s,321,6,silent_wrong_output
1084,pk,3023,0,validation_abort
1085,pk,2305,3,validation_abort
1086,pk,1963,1,validation_abort
1087,pk,1854,0,validation_abort
1088,pk,2046,0,validation_abort
1089,packed_s,1352,6,silent_wrong_output
1090,pk,2288,1,validation_abort
1091,packed_s,611,1,silent_wrong_output
1092,packed_s,1091,3,silent_wrong_output
1093,pk,1702,4,validation_abort
1094,pk,3012,1,validation_abort
1095,packed_s,669,2,silent_wrong_output
1096,pk,2678,7,validation_abort
1097,packed_s,998,4,silent_wrong_output
1098,pk,2573,2,validation_abort
1099,packed_s,1245,4,silent_wrong_output
1100,packed_s,1441,1,silent_wrong_output
1101,pk,2437,0,validation_abort
1102,pk,2909,0,validation_abort
1103,packed_s,199,5,silent_wrong_output
1104,packed_s,7,0,silent_wrong_output
1105,pk,2997,4,validation_abort
1106,pk,2980,7,validation_abort
1107,pk,2290,4,validation_abort
1108,packed_s,2,4,silent_wrong_output
1109,packed_s,1272,1,silent_wrong_output
1110,pk,2928,4,validation_abort
1111,pk,3095,5,validation_abort
1112,pk,2202,4,validation_abort
1113,pk,2337,0,validation_abort
1114,packed_s,1386,6,silent_wrong_output
1115,packed_s,627,5,silent_wrong_output
1116,pk,2579,4,validation_abort
1117,pk,2923,5,validation_abort
1118,packed_s,1521,6,silent_wrong_output
1119,pk,1606,6,validation_abort
1120,packed_s,630,4,silent_wrong_output
1121,packed_s,519,5,silent_wrong_output
1122,z,3146,3,no_effect
1123,packed_s,701,2,silent_wrong_output
1124,packed_s,104,3,silent_wrong_output
1125,pk,2637,1,validation_abort
1126,packed_s,1142,6,silent_wrong_output
1127,pk,1827,4,validation_abort
1128,pk,2184,3,validation_abort
1129,pk,2272,5,validation_abort
1130,packed_s,999,3,silent_wrong_output
1131,pk,1911,0,validation_abort
1132,packed_s,1490,0,silent_wrong_output
1133,packed_s,184,7,silent_wrong_output
1134,pk,2954,2,validation_abort
1135,pk,1982,4,validation_abort
1136,pk,2478,1,validation_abort
1137,packed_s,1481,6,silent_wrong_output
1138,pk,2910,4,validation_abort
1139,pk,2751,1,validation_abort
1140,packed_s,354,2,silent_wrong_output
1141,packed_s,1216,3,silent_wrong_output
1142,packed_s,101,1,silent_wrong_output
1143,pk,2599,2,validation_abort
1144,pk,1963,2,validation_abort
1145,packed_s,158,1,silent_wrong_output
1146,packed_s,177,7,silent_wrong_output
1147,pk,2967,5,validation_abort
1148,pk,2329,4,validation_abort
1149,pk,2590,6,validation_abort
1150,packed_s,1486,4,silent_wrong_output
1151,pk,1864,1,validation_abort
1152,packed_s,397,1,silent_wrong_output
1153,packed_s,705,6,silent_wrong_output
1154,packed_s,1000,0,silent_wrong_output
1155,packed_s,1297,6,silent_wrong_output
1156,pk,2311,0,validation_abort
1157,pk,3048,6,validation_abort
1158,packed_s,1433,4,silent_wrong_output
1159,pk,2117,5,validation_abort
1160,packed_s,842,4,silent_wrong_output
1161,pk,1801,5,validation_abort
1162,packed_s,1497,0,silent_wrong_output
1163,packed_s,32,7,silent_wrong_output
1164,pk,2345,4,validation_abort
1165,pk,2227,4,validation_abort
1166,pk,1855,5,validation_abort
1167,pk,2456,2,validation_abort
1168,packed_s,1214,4,silent_wrong_output
1169,packed_s,102,7,silent_wrong_output
1170,packed_s,107,4,silent_wrong_output
1171,pk,2417,4,validation_abort
1172,pk,1818,2,validation_abort
1173,pk,2037,3,validation_abort
1174,pk,1824,4,validation_abort
1175,pk,2274,2,validation_abort
1176,pk,1939,0,validation_abort
1177,packed_s,131,4,silent_wrong_output
1178,packed_s,765,1,silent_wrong_output
1179,packed_s,90,3,silent_wrong_output
1180,pk,1962,6,validation_abort
1181,packed_s,319,6,silent_wrong_output
1182,pk,2639,2,validation_abort
1183,packed_s,846,0,silent_wrong_output
1184,pk,2172,6,validation_abort
1185,pk,2772,0,validation_abort
1186,pk,2903,2,validation_abort
1187,pk,2259,2,validation_abort
1188,packed_s,1231,5,silent_wrong_output
1189,pk,1785,1,validation_abort
1190,packed_s,757,6,silent_wrong_output
1191,packed_s,1493,5,silent_wrong_output
1192,pk,2387,7,validation_abort
1193,packed_s,451,3,silent_wrong_output
1194,pk,1914,2,validation_abort
1195,pk,1693,2,validation_abort
1196,packed_s,1134,0,silent_wrong_output
1197,pk,2081,0,validation_abort
1198,packed_s,107,5,silent_wrong_output
1199,pk,2028,3,validation_abort
1200,pk,2270,0,validation_abort
1201,packed_s,19,1,silent_wrong_output
1202,packed_s,960,2,silent_wrong_output
1203,packed_s,352,4,silent_wrong_output
1204,pk,2745,1,validation_abort
1205,pk,2027,1,validation_abort
1206,packed_s,65,7,silent_wrong_output
1207,packed_s,529,3,silent_wrong_output
1208,packed_s,727,5,silent_wrong_output
1209,packed_s,77,1,silent_wrong_output
1210,packed_s,428,2,silent_wrong_output
1211,packed_s,746,7,silent_wrong_output
1212,packed_s,846,6,silent_wrong_output
1213,pk,2646,0,validation_abort
1214,pk,2962,6,validation_abort
1215,packed_s,195,3,silent_wrong_output
1216,packed_s,796,6,silent_wrong_output
1217,pk,1857,4,validation_abort
1218,pk,1797,2,validation_abort
1219,pk,2940,3,validation_abort
1220,pk,3078,7,validation_abort
1221,pk,1751,2,validation_abort
1222,packed_s,831,4,silent_wrong_output
1223,packed_s,1308,7,silent_wrong_output
1224,packed_s,74,7,silent_wrong_output
1225,pk,2241,5,validation_abort
1226,packed_s,108,5,silent_wrong_output
1227,packed_s,1044,4,silent_wrong_output
1228,packed_s,821,0,silent_wrong_output
1229,packed_s,761,6,silent_wrong_output
1230,packed_s,849,4,silent_wrong_output
1231,z,3139,0,no_effect
1232,pk,2992,1,validation_abort
1233,pk,2111,4,validation_abort
1234,pk,3085,3,validation_abort
1235,packed_s,245,1,silent_wrong_output
1236,pk,1895,7,validation_abort
1237,pk,2996,5,validation_abort
1238,pk,1718,0,validation_abort
1239,pk,2329,4,validation_abort
1240,packed_s,345,7,silent_wrong_output
1241,pk,2323,5,validation_abort
1242,packed_s,901,1,silent_wrong_output
1243,packed_s,968,4,silent_wrong_output
1244,pk,1990,3,validation_abort
1245,pk,2299,7,validation_abort
1246,pk,1879,4,validation_abort
1247,packed_s,881,1,silent_wrong_output
1248,packed_s,1330,4,silent_wrong_output
1249,packed_s,1098,2,silent_wrong_output
1250,pk,3047,7,validation_abort
1251,packed_s,1506,5,silent_wrong_output
1252,packed_s,1441,2,silent_wrong_output
1253,pk,2017,6,validation_abort
1254,packed_s,1260,3,silent_wrong_output
1255,packed_s,998,3,silent_wrong_output
1256,packed_s,698,0,silent_wrong_output
1257,packed_s,678,1,silent_wrong_output
1258,pk,2036,1,validation_abort
1259,packed_s,923,6,silent_wrong_output
1260,packed_s,46,6,silent_wrong_output
1261,packed_s,1534,2,silent_wrong_output
1262,pk,2280,1,validation_abort
1263,packed_s,1236,3,silent_wrong_output
1264,pk,3003,1,validation_abort
1265,packed_s,84,3,silent_wrong_output
1266,pk,2521,2,validation_abort
1267,packed_s,603,6,silent_wrong_output
1268,pk,1995,5,validation_abort
1269,packed_s,702,7,silent_wrong_output
1270,pk,1642,6,validation_abort
1271,pk,2698,4,validation_abort
1272,pk,2039,7,validation_abort
1273,pk,1764,5,validation_abort
1274,packed_s,172,3,silent_wrong_output
1275,packed_s,1359,4,silent_wrong_output
1276,packed_s,639,1,silent_wrong_output
1277,packed_s,593,6,silent_wrong_output
1278,pk,2338,0,validation_abort
1279,pk,2529,6,validation_abort
1280,pk,2823,5,validation_abort
1281,pk,2647,7,validation_abort
1282,pk,2156,7,validation_abort
1283,pk,2037,5,validation_abort
1284,packed_s,355,2,silent_wrong_output
1285,packed_s,1406,4,silent_wrong_output
1286,packed_s,1118,0,silent_wrong_output
1287,pk,2714,0,validation_abort
1288,packed_s,884,0,silent_wrong_output
1289,packed_s,63,7,silent_wrong_output
1290,pk,1822,3,validation_abort
1291,packed_s,371,4,silent_wrong_output
1292,pk,1606,1,validation_abort
1293,z,3141,1,no_effect
1294,packed_s,1015,4,silent_wrong_output
1295,packed_s,1087,3,silent_wrong_output
1296,packed_s,861,4,silent_wrong_output
1297,pk,1655,4,validation_abort
1298,packed_s,475,1,silent_wrong_output
1299,packed_s,627,7,silent_wrong_output
1300,pk,2432,0,validation_abort
1301,packed_s,371,6,silent_wrong_output
1302,pk,3000,5,validation_abort
1303,pk,2730,1,validation_abort
1304,packed_s,1149,7,silent_wrong_output
1305,z,3167,6,no_effect
1306,packed_s,1385,1,silent_wrong_output
1307,pk,2343,5,validation_abort
1308,pk,2822,0,validation_abort
1309,packed_s,492,6,silent_wrong_output
1310,packed_s,105,6,silent_wrong_output
1311,pk,1922,4,validation_abort
1312,packed_s,240,0,silent_wrong_output
1313,packed_s,361,0,silent_wrong_output
1314,packed_s,47,6,silent_wrong_output
1315,pk,1543,5,validation_abort
1316,pk,2356,5,validation_abort
1317,pk,2481,0,validation_abort
1318,pk,2253,3,validation_abort
1319,packed_s,136,5,silent_wrong_output
1320,packed_s,1391,5,silent_wrong_output
1321,pk,2689,7,validation_abort
1322,pk,2750,6,validation_abort
1323,pk,2164,7,validation_abort
1324,packed_s,901,1,silent_wrong_output
1325,z,3153,2,no_effect
1326,pk,2218,7,validation_abort
1327,packed_s,457,5,silent_wrong_output
1328,packed_s,1293,4,silent_wrong_output
1329,packed_s,917,4,silent_wrong_output
1330,pk,2000,2,validation_abort
1331,pk,1692,0,validation_abort
1332,pk,1837,5,validation_abort
1333,packed_s,1434,4,silent_wrong_output
1334,pk,2185,0,validation_abort
1335,packed_s,240,1,silent_wrong_output
1336,packed_s,499,3,silent_wrong_output
1337,pk,2675,1,validation_abort
1338,pk,2158,2,validation_abort
1339,pk,3081,2,validation_abort
1340,packed_s,739,6,silent_wrong_output
1341,packed_s,642,0,silent_wrong_output
1342,z,3140,5,no_effect
1343,packed_s,1340,4,silent_wrong_output
1344,packed_s,1373,0,silent_wrong_output
1345,pk,2391,6,validation_abort
1346,pk,2901,3,validation_abort
1347,packed_s,608,4,silent_wrong_output
1348,pk,1840,2,validation_abort
1349,packed_s,1224,7,silent_wrong_output
1350,pk,2675,0,validation_abort
1351,packed_s,714,5,silent_wrong_output
1352,pk,1947,7,validation_abort
1353,packed_s,159,1,silent_wrong_output
1354,packed_s,226,6,silent_wrong_output
1355,packed_s,495,1,silent_wrong_output
1356,packed_s,461,3,silent_wrong_output
1357,packed_s,319,0,silent_wrong_output
1358,pk,3096,0,validation_abort
1359,packed_s,741,4,silent_wrong_output
1360,packed_s,166,5,silent_wrong_output
1361,packed_s,571,3,silent_wrong_output
1362,pk,1682,0,validation_abort
1363,packed_s,264,1,silent_wrong_output
1364,pk,2946,4,validation_abort
1365,packed_s,421,4,silent_wrong_output
1366,pk,2793,3,validation_abort
1367,packed_s,1006,7,silent_wrong_output
1368,pk,2528,1,validation_abort
1369,packed_s,701,3,silent_wrong_output
1370,packed_s,856,4,silent_wrong_output
1371,packed_s,68,2,silent_wrong_output
1372,packed_s,485,7,silent_wrong_output
1373,packed_s,561,6,silent_wrong_output
1374,pk,2688,5,validation_abort
1375,packed_s,762,4,silent_wrong_output
1376,packed_s,1226,7,silent_wrong_output
1377,packed_s,233,4,silent_wrong_output
1378,packed_s,1009,6,silent_wrong_output
1379,pk,2132,5,validation_abort
1380,pk,3035,2,validation_abort
1381,pk,1731,4,validation_abort
1382,pk,1846,0,validation_abort
1383,pk,2204,5,validation_abort
1384,packed_s,422,5,silent_wrong_output
1385,packed_s,1443,0,silent_wrong_output
1386,packed_s,876,4,silent_wrong_output
1387,packed_s,1312,1,silent_wrong_output
1388,packed_s,936,6,silent_wrong_output
1389,pk,2862,5,validation_abort
1390,pk,2758,7,validation_abort
1391,packed_s,1192,1,silent_wrong_output
1392,packed_s,203,0,silent_wrong_output
1393,pk,1919,5,validation_abort
1394,pk,2961,1,validation_abort
1395,packed_s,1515,5,silent_wrong_output
1396,packed_s,14,7,silent_wrong_output
1397,pk,2326,4,validation_abort
1398,packed_s,533,0,silent_wrong_output
1399,pk,1622,0,validation_abort
1400,packed_s,289,7,silent_wrong_output
1401,pk,2730,2,validation_abort
1402,packed_s,317,3,silent_wrong_output
1403,packed_s,808,1,silent_wrong_output
1404,packed_s,288,4,silent_wrong_output
1405,packed_s,824,1,silent_wrong_output
1406,packed_s,130,4,silent_wrong_output
1407,pk,3050,7,validation_abort
1408,packed_s,436,6,silent_wrong_output
1409,pk,2069,6,validation_abort
1410,packed_s,488,6,silent_wrong_output
1411,pk,1545,3,validation_abort
1412,packed_s,385,4,silent_wrong_output
1413,pk,2672,6,validation_abort
1414,pk,1977,1,validation_abort
1415,packed_s,415,3,silent_wrong_output
1416,pk,1690,2,validation_abort
1417,packed_s,324,2,silent_wrong_output
1418,pk,2287,3,validation_abort
1419,pk,3089,3,validation_abort
1420,packed_s,484,0,silent_wrong_output
1421,pk,2788,6,validation_abort
1422,packed_s,603,6,silent_wrong_output
1423,pk,2376,3,validation_abort
1424,packed_s,1246,2,silent_wrong_output
1425,packed_s,1215,6,silent_wrong_output
1426,pk,2233,0,validation_abort
1427,packed_s,1140,1,silent_wrong_output
1428,pk,2871,3,validation_abort
1429,pk,1919,4,validation_abort
1430,packed_s,524,1,silent_wrong_output
1431,pk,2968,6,validation_abort
1432,pk,2961,0,validation_abort
1433,packed_s,1452,0,silent_wrong_output
1434,packed_s,715,7,silent_wrong_output
1435,packed_s,1495,4,silent_wrong_output
1436,packed_s,649,2,silent_wrong_output
1437,packed_s,1390,7,silent_wrong_output
1438,pk,1826,3,validation_abort
1439,pk,2989,7,validation_abort
1440,pk,2533,2,validation_abort
1441,pk,2011,4,validation_abort
1442,pk,2331,1,validation_abort
1443,pk,1820,2,validation_abort
1444,packed_s,1148,0,silent_wrong_output
1445,packed_s,1254,7,silent_wrong_output
1446,pk,2580,7,validation_abort
1447,packed_s,1309,5,silent_wrong_output
1448,packed_s,449,7,silent_wrong_output
1449,packed_s,286,6,silent_wrong_output
1450,packed_s,243,2,silent_wrong_output
1451,pk,1650,5,validation_abort
1452,packed_s,1311,6,silent_wrong_output
1453,pk,2917,3,validation_abort
1454,packed_s,574,2,silent_wrong_output
1455,packed_s,672,3,silent_wrong_output
1456,packed_s,1117,7,silent_wrong_output
1457,packed_s,41,4,silent_wrong_output
1458,packed_s,1440,0,silent_wrong_output
1459,pk,2640,0,validation_abort
1460,packed_s,1181,2,silent_wrong_output
1461,packed_s,177,1,silent_wrong_output
1462,pk,2387,2,validation_abort
1463,packed_s,1271,6,silent_wrong_output
1464,packed_s,807,1,silent_wrong_output
1465,pk,2007,6,validation_abort
1466,packed_s,1456,3,silent_wrong_output
1467,packed_s,1025,7,silent_wrong_output
1468,packed_s,1039,3,silent_wrong_output
1469,packed_s,129,7,silent_wrong_output
1470,pk,1603,6,validation_abort
1471,H_pk,3127,1,validation_abort
1472,pk,1565,3,validation_abort
1473,pk,2184,0,validation_abort
1474,packed_s,430,6,silent_wrong_output
1475,packed_s,306,2,silent_wrong_output
1476,pk,3092,5,validation_abort
1477,pk,1769,2,validation_abort
1478,pk,2390,4,validation_abort
1479,pk,1869,4,validation_abort
1480,pk,2923,2,validation_abort
1481,pk,2807,6,validation_abort
1482,packed_s,1410,7,silent_wrong_output
1483,packed_s,978,1,silent_wrong_output
1484,pk,1648,0,validation_abort
1485,packed_s,1004,5,silent_wrong_output
1486,packed_s,30,0,silent_wrong_output
1487,pk,2447,5,validation_abort
1488,packed_s,765,5,silent_wrong_output
1489,packed_s,1063,6,silent_wrong_output
1490,packed_s,1027,5,silent_wrong_output
1491,packed_s,942,6,silent_wrong_output
1492,pk,2287,4,validation_abort
1493,packed_s,801,7,silent_wrong_output
1494,pk,1669,1,validation_abort
1495,packed_s,1147,7,silent_wrong_output
1496,pk,2143,4,validation_abort
1497,pk,1993,4,validation_abort
1498,packed_s,706,2,silent_wrong_output
1499,pk,1783,2,validation_abort
1500,packed_s,1239,0,silent_wrong_output
1501,packed_s,651,7,silent_wrong_output
1502,pk,2436,4,validation_abort
1503,pk,2256,5,validation_abort
1504,pk,2565,4,validation_abort
1505,pk,2041,4,validation_abort
1506,packed_s,420,7,silent_wrong_output
1507,pk,2417,3,validation_abort
1508,packed_s,17,5,silent_wrong_output
1509,packed_s,444,5,silent_wrong_output
1510,pk,2508,6,validation_abort
1511,packed_s,798,0,silent_wrong_output
1512,pk,1980,4,validation_abort
1513,packed_s,968,1,silent_wrong_output
1514,pk,1941,4,validation_abort
1515,pk,2300,7,validation_abort
1516,packed_s,1225,4,silent_wrong_output
1517,packed_s,964,5,silent_wrong_output
1518,packed_s,316,4,silent_wrong_output
1519,packed_s,638,1,silent_wrong_output
1520,pk,1996,0,validation_abort
1521,packed_s,520,0,silent_wrong_output
1522,pk,2235,3,validation_abort
1523,pk,1709,4,validation_abort
1524,pk,2948,5,validation_abort
1525,pk,3034,2,validation_abort
1526,packed_s,949,6,silent_wrong_output
1527,packed_s,1262,3,silent_wrong_output
1528,packed_s,983,7,silent_wrong_output
1529,packed_s,728,2,silent_wrong_output
1530,pk,1998,5,validation_abort
1531,pk,2437,2,validation_abort
1532,pk,2699,1,validation_abort
1533,packed_s,1001,1,silent_wrong_output
1534,packed_s,45,7,silent_wrong_output
1535,pk,3049,7,validation_abort
1536,packed_s,1042,4,silent_wrong_output
1537,packed_s,390,6,silent_wrong_output
1538,packed_s,356,4,silent_wrong_output
1539,packed_s,1157,3,silent_wrong_output
1540,packed_s,404,2,silent_wrong_output
1541,pk,1537,0,validation_abort
1542,pk,2270,6,validation_abort
1543,pk,2753,2,validation_abort
1544,pk,1871,2,validation_abort
1545,packed_s,543,1,silent_wrong_output
1546,packed_s,880,2,silent_wrong_output
1547,packed_s,1255,7,silent_wrong_output
1548,packed_s,1351,1,silent_wrong_output
1549,pk,1941,1,validation_abort
1550,pk,2748,0,validation_abort
1551,pk,2978,1,validation_abort
1552,pk,2372,6,validation_abort
1553,pk,1537,5,validation_abort
1554,pk,1996,4,validation_abort
1555,pk,2644,3,validation_abort
1556,packed_s,843,6,silent_wrong_output
1557,pk,1797,6,validation_abort
1558,packed_s,675,0,silent_wrong_output
1559,pk,2021,7,validation_abort
1560,packed_s,980,3,silent_wrong_output
1561,packed_s,1148,1,silent_wrong_output
1562,packed_s,587,4,silent_wrong_output
1563,packed_s,820,7,silent_wrong_output
1564,packed_s,1312,1,silent_wrong_output
1565,packed_s,1154,7,silent_wrong_output
1566,pk,1810,4,validation_abort
1567,pk,2314,3,validation_abort
1568,packed_s,731,1,silent_wrong_output
1569,packed_s,1255,1,silent_wrong_output
1570,packed_s,249,0,silent_wrong_output
1571,packed_s,1405,0,silent_wrong_output
1572,packed_s,964,5,silent_wrong_output
1573,pk,2359,1,validation_abort
1574,packed_s,262,1,silent_wrong_output
1575,packed_s,233,1,silent_wrong_output
1576,pk,2542,3,validation_abort
1577,packed_s,566,4,silent_wrong_output
1578,packed_s,213,6,silent_wrong_output
1579,packed_s,578,1,silent_wrong_output
1580,pk,2579,7,validation_abort
1581,packed_s,460,0,silent_wrong_output
1582,packed_s,670,4,silent_wrong_output
1583,packed_s,224,4,silent_wrong_output
1584,pk,2282,2,validation_abort
1585,pk,2070,1,validation_abort
1586,pk,1659,0,validation_abort
1587,pk,3043,4,validation_abort
1588,pk,2940,6,validation_abort
1589,pk,2743,1,validation_abort
1590,pk,2216,1,validation_abort
1591,packed_s,1229,6,silent_wrong_output
1592,pk,2276,4,validation_abort
1593,packed_s,1293,4,silent_wrong_output
1594,pk,2683,5,validation_abort
1595,packed_s,705,6,silent_wrong_output
1596,pk,2693,7,validation_abort
1597,pk,2375,1,validation_abort
1598,pk,2671,2,validation_abort
1599,pk,2207,2,validation_abort
1600,packed_s,74,7,silent_wrong_output
1601,packed_s,7,5,silent_wrong_output
1602,H_pk,3127,1,validation_abort
1603,packed_s,1401,0,silent_wrong_output
1604,pk,2482,5,validation_abort
1605,pk,2104,6,validation_abort
1606,packed_s,890,5,silent_wrong_output
1607,pk,1605,3,validation_abort
1608,packed_s,352,3,silent_wrong_output
1609,packed_s,1013,6,silent_wrong_output
1610,packed_s,371,4,silent_wrong_output
1611,packed_s,1518,6,silent_wrong_output
1612,packed_s,202,6,silent_wrong_output
1613,pk,1943,7,validation_abort
1614,packed_s,847,1,silent_wrong_output
1615,pk,1799,7,validation_abort
1616,pk,2180,3,validation_abort
1617,pk,1741,7,validation_abort
1618,pk,3016,5,validation_abort
1619,pk,1865,1,validation_abort
1620,packed_s,824,4,silent_wrong_output
1621,packed_s,1373,6,silent_wrong_output
1622,packed_s,653,6,silent_wrong_output
1623,pk,2811,0,validation_abort
1624,packed_s,530,4,silent_wrong_output
1625,pk,2582,5,validation_abort
1626,packed_s,713,2,silent_wrong_output
1627,pk,2141,6,validation_abort
1628,pk,2713,6,validation_abort
1629,packed_s,377,2,silent_wrong_output
1630,packed_s,1317,7,silent_wrong_output
1631,packed_s,1197,1,silent_wrong_output
1632,pk,2148,1,validation_abort
1633,packed_s,269,7,silent_wrong_output
1634,packed_s,44,5,silent_wrong_output
1635,packed_s,592,1,silent_wrong_output
1636,packed_s,232,3,silent_wrong_output
1637,packed_s,583,0,silent_wrong_output
1638,pk,1604,4,validation_abort
1639,packed_s,1494,1,silent_wrong_output
1640,pk,3030,0,validation_abort
1641,pk,2372,2,validation_abort
1642,pk,2324,5,validation_abort
1643,packed_s,1502,6,silent_wrong_output
1644,packed_s,1224,6,silent_wrong_output
1645,pk,1763,3,validation_abort
1646,pk,2491,6,validation_abort
1647,pk,3052,3,validation_abort
1648,packed_s,849,7,silent_wrong_output
1649,packed_s,933,6,silent_wrong_output
1650,pk,1940,0,validation_abort
1651,packed_s,1257,1,silent_wrong_output
1652,packed_s,26,3,silent_wrong_output
1653,packed_s,1518,3,silent_wrong_output
1654,packed_s,88,2,silent_wrong_output
1655,pk,3013,0,validation_abort
1656,pk,2879,7,validation_abort
1657,pk,1659,4,validation_abort
1658,packed_s,614,1,silent_wrong_output
1659,pk,2068,6,validation_abort
1660,pk,2753,7,validation_abort
1661,packed_s,39,5,silent_wrong_output
1662,packed_s,11,2,silent_wrong_output
1663,pk,2395,3,validation_abort
1664,pk,1610,0,validation_abort
1665,packed_s,18,3,silent_wrong_output
1666,packed_s,936,1,silent_wrong_output
1667,packed_s,78,6,silent_wrong_output
1668,pk,2007,1,validation_abort
1669,packed_s,1281,6,silent_wrong_output
1670,pk,1820,5,validation_abort
1671,packed_s,703,0,silent_wrong_output
1672,pk,2058,5,validation_abort
1673,packed_s,1102,5,silent_wrong_output
1674,packed_s,382,7,silent_wrong_output
1675,packed_s,76,0,silent_wrong_output
1676,packed_s,511,0,silent_wrong_output
1677,pk,1594,6,validation_abort
1678,pk,2073,3,validation_abort
1679,packed_s,1084,4,silent_wrong_output
1680,packed_s,198,1,silent_wrong_output
1681,pk,1903,4,validation_abort
1682,pk,1691,1,validation_abort
1683,packed_s,49,2,silent_wrong_output
1684,pk,1706,7,validation_abort
1685,packed_s,176,3,silent_wrong_output
1686,packed_s,980,3,silent_wrong_output
1687,pk,1664,4,validation_abort
1688,packed_s,479,0,silent_wrong_output
1689,pk,2569,7,validation_abort
1690,packed_s,218,7,silent_wrong_output
1691,pk,2349,5,validation_abort
1692,packed_s,1179,3,silent_wrong_output
1693,pk,2795,2,validation_abort
1694,pk,2814,1,validation_abort
1695,packed_s,854,6,silent_wrong_output
1696,pk,2925,7,validation_abort
1697,pk,2093,5,validation_abort
1698,pk,1876,0,validation_abort
1699,packed_s,249,6,silent_wrong_output
1700,packed_s,1314,5,silent_wrong_output
1701,packed_s,147,2,silent_wrong_output
1702,pk,1836,0,validation_abort
1703,pk,2148,3,validation_abort
1704,pk,2267,6,validation_abort
1705,packed_s,1345,7,silent_wrong_output
1706,packed_s,1447,6,silent_wrong_output
1707,pk,1799,3,validation_abort
1708,packed_s,378,5,silent_wrong_output
1709,packed_s,164,0,silent_wrong_output
1710,pk,3031,2,validation_abort
1711,packed_s,1347,0,silent_wrong_output
1712,packed_s,576,6,silent_wrong_output
1713,packed_s,639,4,silent_wrong_output
1714,packed_s,144,0,silent_wrong_output
1715,packed_s,1465,5,silent_wrong_output
1716,packed_s,105,3,silent_wrong_output
1717,packed_s,1117,0,silent_wrong_output
1718,pk,2604,7,validation_abort
1719,pk,2947,7,validation_abort
1720,packed_s,38,0,silent_wrong_output
1721,packed_s,899,7,silent_wrong_output
1722,packed_s,75,2,silent_wrong_output
1723,packed_s,870,2,silent_wrong_output
1724,pk,1586,5,validation_abort
1725,packed_s,1106,1,silent_wrong_output
1726,packed_s,643,0,silent_wrong_output
1727,packed_s,1480,0,silent_wrong_output
1728,pk,2013,5,validation_abort
1729,packed_s,548,1,silent_wrong_output
1730,pk,3088,0,validation_abort
1731,packed_s,532,7,silent_wrong_output
1732,packed_s,1048,2,silent_wrong_output
1733,packed_s,226,1,silent_wrong_output
1734,packed_s,1104,1,silent_wrong_output
1735,pk,3049,5,validation_abort
1736,packed_s,738,2,silent_wrong_output
1737,pk,3013,1,validation_abort
1738,pk,2947,0,validation_abort
1739,packed_s,1300,4,silent_wrong_output
1740,packed_s,226,6,silent_wrong_output
1741,H_pk,3114,0,validation_abort
1742,pk,2376,7,validation_abort
1743,packed_s,433,3,silent_wrong_output
1744,packed_s,297,3,silent_wrong_output
1745,pk,2576,6,validation_abort
1746,pk,2676,0,validation_abort
1747,packed_s,115,6,silent_wrong_output
1748,pk,2609,2,validation_abort
1749,pk,2240,1,validation_abort
1750,pk,2278,6,validation_abort
1751,pk,1542,4,validation_abort
1752,pk,2494,5,validation_abort
1753,packed_s,1007,2,silent_wrong_output
1754,pk,2474,6,validation_abort
1755,packed_s,875,6,silent_wrong_output
1756,pk,1727,4,validation_abort
1757,packed_s,1015,7,silent_wrong_output
1758,packed_s,1162,7,silent_wrong_output
1759,pk,1945,3,validation_abort
1760,packed_s,1162,3,silent_wrong_output
1761,packed_s,1189,5,silent_wrong_output
1762,pk,2345,2,validation_abort
1763,pk,1765,4,validation_abort
1764,packed_s,399,0,silent_wrong_output
1765,pk,2401,2,validation_abort
1766,packed_s,970,2,silent_wrong_output
1767,pk,3034,2,validation_abort
1768,packed_s,1174,2,silent_wrong_output
1769,packed_s,1479,5,silent_wrong_output
1770,pk,2176,7,validation_abort
1771,pk,2560,0,validation_abort
1772,packed_s,784,4,silent_wrong_output
1773,packed_s,147,1,silent_wrong_output
1774,packed_s,1081,3,silent_wrong_output
1775,packed_s,521,2,silent_wrong_output
1776,packed_s,307,5,silent_wrong_output
1777,pk,2576,6,validation_abort
1778,packed_s,643,7,silent_wrong_output
1779,pk,1727,4,validation_abort
1780,pk,1717,2,validation_abort
1781,packed_s,1389,2,silent_wrong_output
1782,pk,1966,6,validation_abort
1783,pk,1814,7,validation_abort
1784,packed_s,130,5,silent_wrong_output
1785,packed_s,958,0,silent_wrong_output
1786,packed_s,311,6,silent_wrong_output
1787,pk,2911,1,validation_abort
1788,pk,2063,0,validation_abort
1789,pk,2559,3,validation_abort
1790,packed_s,1083,3,silent_wrong_output
1791,packed_s,1530,0,silent_wrong_output
1792,packed_s,1107,2,silent_wrong_output
1793,pk,3096,5,validation_abort
1794,pk,2838,1,validation_abort
1795,packed_s,328,2,silent_wrong_output
1796,pk,1572,2,validation_abort
1797,pk,2197,6,validation_abort
1798,pk,2205,3,validation_abort
1799,pk,2296,3,validation_abort
1800,pk,2690,3,validation_abort
1801,pk,2265,0,validation_abort
1802,pk,2790,3,validation_abort
1803,packed_s,992,6,silent_wrong_output
1804,packed_s,1400,1,silent_wrong_output
1805,packed_s,1403,4,silent_wrong_output
1806,packed_s,877,3,silent_wrong_output
1807,packed_s,489,3,silent_wrong_output
1808,pk,2295,1,validation_abort
1809,pk,1883,6,validation_abort
1810,H_pk,3116,3,validation_abort
1811,packed_s,1011,6,silent_wrong_output
1812,pk,2525,2,validation_abort
1813,packed_s,464,2,silent_wrong_output
1814,pk,2091,2,validation_abort
1815,packed_s,961,4,silent_wrong_output
1816,pk,1618,3,validation_abort
1817,pk,1718,7,validation_abort
1818,pk,1833,0,validation_abort
1819,packed_s,1511,3,silent_wrong_output
1820,packed_s,1148,3,silent_wrong_output
1821,pk,2400,2,validation_abort
1822,pk,2006,5,validation_abort
1823,packed_s,391,0,silent_wrong_output
1824,packed_s,118,5,silent_wrong_output
1825,pk,2028,7,validation_abort
1826,pk,2827,0,validation_abort
1827,packed_s,232,0,silent_wrong_output
1828,pk,2833,5,validation_abort
1829,pk,2097,1,validation_abort
1830,pk,2892,1,validation_abort
1831,pk,1842,5,validation_abort
1832,packed_s,927,4,silent_wrong_output
1833,packed_s,570,0,silent_wrong_output
1834,pk,2235,7,validation_abort
1835,packed_s,741,3,silent_wrong_output
1836,pk,2760,6,validation_abort
1837,pk,1887,7,validation_abort
1838,packed_s,493,7,silent_wrong_output
1839,pk,2496,2,validation_abort
1840,packed_s,1347,3,silent_wrong_output
1841,packed_s,30,0,silent_wrong_output
1842,pk,1592,3,validation_abort
1843,pk,2551,3,validation_abort
1844,pk,3027,3,validation_abort
1845,pk,2621,1,validation_abort
1846,pk,2763,7,validation_abort
1847,pk,2063,7,validation_abort
1848,packed_s,612,7,silent_wrong_output
1849,pk,2332,7,validation_abort
1850,pk,2751,3,validation_abort
1851,packed_s,1212,4,silent_wrong_output
1852,packed_s,286,6,silent_wrong_output
1853,packed_s,189,2,silent_wrong_output
1854,pk,2754,7,validation_abort
1855,packed_s,625,5,silent_wrong_output
1856,pk,3000,0,validation_abort
1857,pk,2141,4,validation_abort
1858,packed_s,456,6,silent_wrong_output
1859,pk,2231,3,validation_abort
1860,pk,2321,1,validation_abort
1861,pk,2597,1,validation_abort
1862,packed_s,425,2,silent_wrong_output
1863,packed_s,1513,3,silent_wrong_output
1864,pk,1750,7,validation_abort
1865,pk,1921,7,validation_abort
1866,pk,2414,6,validation_abort
1867,pk,2978,5,validation_abort
1868,packed_s,15,5,silent_wrong_output
1869,pk,2903,7,validation_abort
1870,packed_s,1214,2,silent_wrong_output
1871,packed_s,608,2,silent_wrong_output
1872,pk,1593,4,validation_abort
1873,packed_s,1283,4,silent_wrong_output
1874,pk,2224,3,validation_abort
1875,packed_s,852,4,silent_wrong_output
1876,pk,1886,4,validation_abort
1877,packed_s,186,1,silent_wrong_output
1878,pk,2937,5,validation_abort
1879,pk,2288,2,validation_abort
1880,pk,1744,2,validation_abort
1881,pk,1961,5,validation_abort
1882,pk,2116,1,validation_abort
1883,pk,2178,3,validation_abort
1884,packed_s,1243,2,silent_wrong_output
1885,packed_s,852,3,silent_wrong_output
1886,packed_s,929,0,silent_wrong_output
1887,packed_s,1015,5,silent_wrong_output
1888,pk,2791,5,validation_abort
1889,pk,2638,5,validation_abort
1890,packed_s,960,0,silent_wrong_output
1891,packed_s,1243,0,silent_wrong_output
1892,packed_s,795,7,silent_wrong_output
1893,pk,2694,3,validation_abort
1894,pk,2119,0,validation_abort
1895,packed_s,1052,7,silent_wrong_output
1896,pk,1708,6,validation_abort
1897,packed_s,794,6,silent_wrong_output
1898,pk,1769,6,validation_abort
1899,pk,2021,7,validation_abort
1900,packed_s,225,5,silent_wrong_output
1901,pk,3055,4,validation_abort
1902,pk,2292,2,validation_abort
1903,pk,1865,1,validation_abort
1904,pk,2666,1,validation_abort
1905,packed_s,917,0,silent_wrong_output
1906,packed_s,726,2,silent_wrong_output
1907,pk,1785,6,validation_abort
1908,packed_s,109,5,silent_wrong_output
1909,packed_s,487,7,silent_wrong_output
1910,pk,2834,2,validation_abort
1911,packed_s,203,4,silent_wrong_output
1912,pk,1566,1,validation_abort
1913,packed_s,399,1,silent_wrong_output
1914,pk,2476,5,validation_abort
1915,pk,1661,4,validation_abort
1916,pk,1670,3,validation_abort
1917,pk,2333,0,validation_abort
1918,packed_s,848,1,silent_wrong_output
1919,packed_s,303,7,silent_wrong_output
1920,z,3167,2,no_effect
1921,pk,2361,7,validation_abort
1922,packed_s,550,4,silent_wrong_output
1923,pk,3004,6,validation_abort
1924,pk,2180,4,validation_abort
1925,packed_s,835,5,silent_wrong_output
1926,packed_s,1287,0,silent_wrong_output
1927,pk,1730,7,validation_abort
1928,pk,1898,4,validation_abort
1929,packed_s,671,2,silent_wrong_output
1930,pk,2725,0,validation_abort
1931,pk,2975,3,validation_abort
1932,packed_s,680,1,silent_wrong_output
1933,packed_s,230,3,silent_wrong_output
1934,packed_s,752,6,silent_wrong_output
1935,packed_s,331,6,silent_wrong_output
1936,packed_s,337,0,silent_wrong_output
1937,packed_s,175,5,silent_wrong_output
1938,pk,2924,4,validation_abort
1939,pk,1585,5,validation_abort
1940,packed_s,1211,6,silent_wrong_output
1941,pk,2406,3,validation_abort
1942,packed_s,529,0,silent_wrong_output
1943,packed_s,1075,5,silent_wrong_output
1944,packed_s,483,0,silent_wrong_output
1945,pk,1548,5,validation_abort
1946,pk,2375,5,validation_abort
1947,pk,2012,5,validation_abort
1948,packed_s,897,5,silent_wrong_output
1949,pk,2830,6,validation_abort
1950,pk,1898,7,validation_abort
1951,packed_s,1386,4,silent_wrong_output
1952,pk,2525,7,validation_abort
1953,packed_s,925,6,silent_wrong_output
1954,pk,2292,0,validation_abort
1955,packed_s,1425,6,silent_wrong_output
1956,packed_s,624,3,silent_wrong_output
1957,pk,2642,7,validation_abort
1958,packed_s,1427,7,silent_wrong_output
1959,packed_s,531,2,silent_wrong_output
1960,pk,2340,1,validation_abort
1961,pk,2753,0,validation_abort
1962,packed_s,477,1,silent_wrong_output
1963,pk,2133,5,validation_abort
1964,pk,3076,0,validation_abort
1965,packed_s,894,3,silent_wrong_output
1966,pk,2706,7,validation_abort
1967,H_pk,3127,5,validation_abort
1968,pk,2426,2,validation_abort
1969,packed_s,60,6,silent_wrong_output
1970,pk,2124,2,validation_abort
1971,pk,2982,1,validation_abort
1972,pk,1940,6,validation_abort
1973,packed_s,783,4,silent_wrong_output
1974,pk,2578,7,validation_abort
1975,pk,1557,4,validation_abort
1976,pk,2972,5,validation_abort
1977,packed_s,229,0,silent_wrong_output
1978,pk,1632,7,validation_abort
1979,packed_s,893,6,silent_wrong_output
1980,packed_s,498,0,silent_wrong_output
1981,packed_s,733,1,silent_wrong_output
1982,pk,1598,5,validation_abort
1983,packed_s,982,1,silent_wrong_output
1984,packed_s,1172,0,silent_wrong_output
1985,packed_s,204,3,silent_wrong_output
1986,packed_s,430,4,silent_wrong_output
1987,packed_s,1124,5,silent_wrong_output
1988,pk,1988,3,validation_abort
1989,packed_s,131,6,silent_wrong_output
1990,pk,2728,4,validation_abort
1991,pk,3054,5,validation_abort
1992,packed_s,306,4,silent_wrong_output
1993,pk,1670,1,validation_abort
1994,pk,2863,0,validation_abort
1995,pk,1773,1,validation_abort
1996,pk,1895,7,validation_abort
1997,pk,2199,3,validation_abort
1998,pk,1995,1,validation_abort
1999,pk,2478,3,validation_abort
2000,pk,1853,5,validation_abort
2001,packed_s,341,1,silent_wrong_output
2002,pk,1761,7,validation_abort
2003,packed_s,1455,7,silent_wrong_output
2004,pk,2311,2,validation_abort
2005,pk,2408,3,validation_abort
2006,pk,2533,4,validation_abort
2007,pk,1555,3,validation_abort
2008,pk,2722,5,validation_abort
2009,packed_s,594,4,silent_wrong_output
2010,packed_s,1163,4,silent_wrong_output
2011,pk,2511,2,validation_abort
2012,packed_s,694,0,silent_wrong_output
2013,packed_s,968,2,silent_wrong_output
2014,pk,2698,5,validation_abort
2015,pk,2244,1,validation_abort
2016,pk,2575,2,validation_abort
2017,pk,1669,4,validation_abort
2018,pk,1754,1,validation_abort
2019,packed_s,596,3,silent_wrong_output
2020,packed_s,1107,4,silent_wrong_output
2021,pk,2317,7,validation_abort
2022,packed_s,1150,0,silent_wrong_output
2023,packed_s,241,1,silent_wrong_output
2024,pk,1680,1,validation_abort
2025,z,3167,3,no_effect
2026,packed_s,40,5,silent_wrong_output
2027,packed_s,228,3,silent_wrong_output
2028,packed_s,548,4,silent_wrong_output
2029,pk,1970,0,validation_abort
2030,packed_s,93,6,silent_wrong_output
2031,packed_s,485,4,silent_wrong_output
2032,pk,3067,4,validation_abort
2033,packed_s,211,5,silent_wrong_output
2034,packed_s,497,6,silent_wrong_output
2035,packed_s,481,6,silent_wrong_output
2036,pk,2229,3,validation_abort
2037,pk,2718,2,validation_abort
2038,pk,2034,7,validation_abort
2039,pk,1842,7,validation_abort
2040,pk,3006,5,validation_abort
2041,pk,2773,6,validation_abort
2042,pk,2646,2,validation_abort
2043,pk,3046,3,validation_abort
2044,packed_s,622,7,silent_wrong_output
2045,pk,2481,3,validation_abort
2046,packed_s,511,0,silent_wrong_output
2047,pk,1909,4,validation_abort
2048,pk,2006,7,validation_abort
2049,packed_s,159,3,silent_wrong_output
2050,pk,2629,7,validation_abort
2051,pk,2688,2,validation_abort
2052,packed_s,251,5,silent_wrong_output
2053,pk,1595,5,validation_abort
2054,pk,2171,3,validation_abort
2055,pk,2292,7,validation_abort
2056,pk,3063,3,validation_abort
2057,pk,2594,2,validation_abort
2058,pk,2217,2,validation_abort
2059,packed_s,154,7,silent_wrong_output
2060,H_pk,3127,6,validation_abort
2061,packed_s,724,5,silent_wrong_output
2062,pk,2538,1,validation_abort
2063,packed_s,1471,0,silent_wrong_output
2064,pk,1620,7,validation_abort
2065,pk,2511,2,validation_abort
2066,packed_s,1445,7,silent_wrong_output
2067,pk,2270,4,validation_abort
2068,pk,1722,4,validation_abort
2069,packed_s,1050,6,silent_wrong_output
2070,packed_s,102,5,silent_wrong_output
2071,pk,2294,4,validation_abort
2072,packed_s,74,5,silent_wrong_output
2073,H_pk,3121,6,validation_abort
2074,packed_s,1364,6,silent_wrong_output
2075,pk,3052,2,validation_abort
2076,packed_s,464,3,silent_wrong_output
2077,pk,2625,4,validation_abort
2078,pk,1829,4,validation_abort
2079,pk,2413,6,validation_abort
2080,packed_s,70,4,silent_wrong_output
2081,packed_s,808,1,silent_wrong_output
2082,packed_s,71,1,silent_wrong_output
2083,pk,2551,3,validation_abort
2084,pk,3018,5,validation_abort
2085,pk,1734,1,validation_abort
2086,packed_s,1460,0,silent_wrong_output
2087,packed_s,1205,4,silent_wrong_output
2088,packed_s,1219,6,silent_wrong_output
2089,packed_s,218,1,silent_wrong_output
2090,pk,2782,1,validation_abort
2091,packed_s,1293,4,silent_wrong_output
2092,pk,2207,6,validation_abort
2093,pk,2919,0,validation_abort
2094,packed_s,797,0,silent_wrong_output
2095,pk,1827,5,validation_abort
2096,packed_s,1533,7,silent_wrong_output
2097,packed_s,1119,5,silent_wrong_output
2098,packed_s,167,7,silent_wrong_output
2099,pk,2580,6,validation_abort
2100,packed_s,1259,7,silent_wrong_output
2101,packed_s,1424,3,silent_wrong_output
2102,packed_s,777,0,silent_wrong_output
2103,pk,2457,5,validation_abort
2104,pk,2579,0,validation_abort
2105,pk,2317,1,validation_abort
2106,packed_s,722,2,silent_wrong_output
2107,packed_s,330,1,silent_wrong_output
2108,packed_s,320,6,silent_wrong_output
2109,packed_s,284,1,silent_wrong_output
2110,packed_s,233,7,silent_wrong_output
2111,pk,2264,4,validation_abort
2112,packed_s,989,6,silent_wrong_output
2113,packed_s,693,3,silent_wrong_output
2114,pk,2748,1,validation_abort
2115,packed_s,1206,3,silent_wrong_output
2116,pk,1559,0,validation_abort
2117,packed_s,819,4,silent_wrong_output
2118,packed_s,641,5,silent_wrong_output
2119,packed_s,1015,2,silent_wrong_output
2120,packed_s,790,5,silent_wrong_output
2121,packed_s,826,1,silent_wrong_output
2122,pk,2411,3,validation_abort
2123,packed_s,440,6,silent_wrong_output
2124,packed_s,965,0,silent_wrong_output
2125,packed_s,1184,6,silent_wrong_output
2126,packed_s,1065,2,silent_wrong_output
2127,H_pk,3125,6,validation_abort
2128,pk,1727,3,validation_abort
2129,pk,2764,1,validation_abort
2130,pk,2648,1,validation_abort
2131,packed_s,827,3,silent_wrong_output
2132,pk,1552,1,validation_abort
2133,packed_s,1064,1,silent_wrong_output
2134,pk,2429,0,validation_abort
2135,packed_s,882,7,silent_wrong_output
2136,pk,3046,1,validation_abort
2137,packed_s,589,7,silent_wrong_output
2138,packed_s,562,6,silent_wrong_output
2139,pk,1791,2,validation_abort
2140,packed_s,281,4,silent_wrong_output
2141,packed_s,707,5,silent_wrong_output
2142,packed_s,768,6,silent_wrong_output
2143,pk,1683,2,validation_abort
2144,packed_s,1432,5,silent_wrong_output
2145,pk,2935,6,validation_abort
2146,packed_s,1215,3,silent_wrong_output
2147,packed_s,1013,4,silent_wrong_output
2148,packed_s,433,4,silent_wrong_output
2149,packed_s,103,7,silent_wrong_output
2150,pk,2447,5,validation_abort
2151,pk,2494,3,validation_abort
2152,z,3149,2,no_effect
2153,pk,1811,3,validation_abort
2154,pk,2492,3,validation_abort
2155,packed_s,287,1,silent_wrong_output
2156,pk,1631,5,validation_abort
2157,pk,2062,6,validation_abort
2158,pk,2081,2,validation_abort
2159,packed_s,1014,3,silent_wrong_output
2160,pk,2913,5,validation_abort
2161,pk,1938,4,validation_abort
2162,packed_s,249,2,silent_wrong_output
2163,pk,2575,0,validation_abort
2164,packed_s,326,6,silent_wrong_output
2165,pk,3010,2,validation_abort
2166,packed_s,1205,0,silent_wrong_output
2167,pk,2375,2,validation_abort
2168,pk,3070,0,validation_abort
2169,pk,2487,1,validation_abort
2170,packed_s,1503,0,silent_wrong_output
2171,pk,2262,6,validation_abort
2172,packed_s,927,3,silent_wrong_output
2173,pk,2214,7,validation_abort
2174,pk,2214,4,validation_abort
2175,packed_s,307,6,silent_wrong_output
2176,packed_s,1126,6,silent_wrong_output
2177,packed_s,53,6,silent_wrong_output
2178,packed_s,266,0,silent_wrong_output
2179,packed_s,1171,5,silent_wrong_output
2180,packed_s,383,3,silent_wrong_output
2181,packed_s,1118,6,silent_wrong_output
2182,pk,2523,6,validation_abort
2183,packed_s,1335,4,silent_wrong_output
2184,packed_s,1377,7,silent_wrong_output
2185,pk,2573,0,validation_abort
2186,packed_s,990,3,silent_wrong_output
2187,packed_s,544,1,silent_wrong_output
2188,packed_s,935,3,silent_wrong_output
2189,packed_s,821,1,silent_wrong_output
2190,pk,1957,3,validation_abort
2191,packed_s,1242,2,silent_wrong_output
2192,packed_s,1004,1,silent_wrong_output
2193,pk,2892,7,validation_abort
2194,packed_s,1495,6,silent_wrong_output
2195,pk,2539,7,validation_abort
2196,pk,2758,5,validation_abort
2197,pk,1818,5,validation_abort
2198,H_pk,3114,2,validation_abort
2199,pk,1839,2,validation_abort
2200,pk,3014,1,validation_abort
2201,pk,2637,1,validation_abort
2202,pk,1767,5,validation_abort
2203,packed_s,43,3,silent_wrong_output
2204,pk,1688,7,validation_abort
2205,packed_s,1180,5,silent_wrong_output
2206,pk,2554,6,validation_abort
2207,pk,1943,5,validation_abort
2208,pk,2067,3,validation_abort
2209,packed_s,1502,0,silent_wrong_output
2210,pk,1810,1,validation_abort
2211,pk,2657,0,validation_abort
2212,pk,2145,0,validation_abort
2213,pk,2162,0,validation_abort
2214,packed_s,1382,0,silent_wrong_output
2215,pk,3004,6,validation_abort
2216,packed_s,896,6,silent_wrong_output
2217,packed_s,619,4,silent_wrong_output
2218,packed_s,418,0,silent_wrong_output
2219,pk,2117,3,validation_abort
2220,pk,2958,0,validation_abort
2221,pk,2782,0,validation_abort
2222,packed_s,506,2,silent_wrong_output
2223,packed_s,965,7,silent_wrong_output
2224,pk,1540,6,validation_abort
2225,packed_s,1155,0,silent_wrong_output
2226,pk,1705,6,validation_abort
2227,pk,2977,4,validation_abort
2228,pk,2696,7,validation_abort
2229,packed_s,835,0,silent_wrong_output
2230,pk,1692,6,validation_abort
2231,pk,2272,7,validation_abort
2232,packed_s,1061,6,silent_wrong_output
2233,packed_s,480,3,silent_wrong_output
2234,packed_s,557,5,silent_wrong_output
2235,packed_s,1148,5,silent_wrong_output
2236,packed_s,282,0,silent_wrong_output
2237,pk,2393,5,validation_abort
2238,packed_s,712,1,silent_wrong_output
2239,pk,3039,5,validation_abort
2240,pk,1572,7,validation_abort
2241,H_pk,3135,1,validation_abort
2242,pk,2902,0,validation_abort
2243,packed_s,1001,2,silent_wrong_output
2244,pk,2953,2,validation_abort
2245,pk,2998,5,validation_abort
2246,packed_s,1483,7,silent_wrong_output
2247,packed_s,186,1,silent_wrong_output
2248,pk,1947,2,validation_abort
2249,pk,2348,5,validation_abort
2250,packed_s,659,3,silent_wrong_output
2251,pk,2913,4,validation_abort
2252,packed_s,716,0,silent_wrong_output
2253,packed_s,1402,3,silent_wrong_output
2254,packed_s,1027,0,silent_wrong_output
2255,packed_s,585,5,silent_wrong_output
2256,pk,1703,6,validation_abort
2257,pk,2014,3,validation_abort
2258,packed_s,583,1,silent_wrong_output
2259,pk,1933,0,validation_abort
2260,packed_s,1331,6,silent_wrong_output
2261,pk,2554,2,validation_abort
2262,pk,2179,3,validation_abort
2263,packed_s,1445,6,silent_wrong_output
2264,pk,2432,2,validation_abort
2265,packed_s,1069,4,silent_wrong_output
2266,pk,2308,1,validation_abort
2267,pk,1668,1,validation_abort
2268,pk,2682,5,validation_abort
2269,packed_s,299,5,silent_wrong_output
2270,packed_s,936,3,silent_wrong_output
2271,pk,2401,1,validation_abort
2272,pk,1936,7,validation_abort
2273,packed_s,95,7,silent_wrong_output
2274,pk,2763,2,validation_abort
2275,pk,2466,0,validation_abort
2276,packed_s,837,2,silent_wrong_output
2277,pk,1570,0,validation_abort
2278,pk,2399,1,validation_abort
2279,pk,2545,3,validation_abort
2280,packed_s,1239,6,silent_wrong_output
2281,packed_s,1087,1,silent_wrong_output
2282,packed_s,679,5,silent_wrong_output
2283,pk,2241,6,validation_abort
2284,pk,1962,7,validation_abort
2285,packed_s,808,2,silent_wrong_output
2286,packed_s,1210,4,silent_wrong_output
2287,packed_s,868,4,silent_wrong_output
2288,packed_s,1335,1,silent_wrong_output
2289,pk,2673,5,validation_abort
2290,packed_s,1118,4,silent_wrong_output
2291,packed_s,950,0,silent_wrong_output
2292,packed_s,1392,3,silent_wrong_output
2293,packed_s,378,2,silent_wrong_output
2294,pk,2764,1,validation_abort
2295,pk,3056,1,validation_abort
2296,packed_s,154,6,silent_wrong_output
2297,pk,2004,3,validation_abort
2298,pk,1642,2,validation_abort
2299,packed_s,1115,3,silent_wrong_output
2300,pk,3080,4,validation_abort
2301,pk,1779,6,validation_abort
2302,pk,1974,2,validation_abort
2303,packed_s,760,1,silent_wrong_output
2304,pk,2457,2,validation_abort
2305,packed_s,1268,6,silent_wrong_output
2306,pk,2023,1,validation_abort
2307,packed_s,546,7,silent_wrong_output
2308,pk,2859,5,validation_abort
2309,pk,1939,5,validation_abort
2310,pk,2025,0,validation_abort
2311,packed_s,565,4,silent_wrong_output
2312,packed_s,1417,6,silent_wrong_output
2313,packed_s,870,3,silent_wrong_output
2314,packed_s,228,7,silent_wrong_output
2315,packed_s,1370,6,silent_wrong_output
2316,pk,2357,4,validation_abort
2317,pk,1959,1,validation_abort
2318,pk,2674,2,validation_abort
2319,pk,2751,6,validation_abort
2320,packed_s,1497,4,silent_wrong_output
2321,packed_s,1095,0,silent_wrong_output
2322,packed_s,526,2,silent_wrong_output
2323,packed_s,1404,1,silent_wrong_output
2324,pk,2182,0,validation_abort
2325,pk,1764,7,validation_abort
2326,pk,2722,6,validation_abort
2327,pk,1775,7,validation_abort
2328,pk,1665,1,validation_abort
2329,pk,1698,2,validation_abort
2330,pk,1566,5,validation_abort
2331,pk,2333,5,validation_abort
2332,packed_s,241,2,silent_wrong_output
2333,pk,3051,7,validation_abort
2334,pk,2678,6,validation_abort
2335,pk,2137,0,validation_abort
2336,packed_s,19,7,silent_wrong_output
2337,pk,1864,5,validation_abort
2338,packed_s,940,0,silent_wrong_output
2339,pk,2706,1,validation_abort
2340,packed_s,1004,0,silent_wrong_output
2341,pk,1923,0,validation_abort
2342,pk,2175,4,validation_abort
2343,packed_s,812,4,silent_wrong_output
2344,pk,2006,3,validation_abort
2345,pk,2278,3,validation_abort
2346,packed_s,1126,3,silent_wrong_output
2347,packed_s,1190,5,silent_wrong_output
2348,packed_s,1152,2,silent_wrong_output
2349,packed_s,88,2,silent_wrong_output
2350,pk,1846,2,validation_abort
2351,packed_s,385,4,silent_wrong_output
2352,pk,2013,3,validation_abort
2353,pk,1574,3,validation_abort
2354,packed_s,1067,7,silent_wrong_output
2355,pk,2243,2,validation_abort
2356,packed_s,2,2,silent_wrong_output
2357,packed_s,503,7,silent_wrong_output
2358,pk,2748,2,validation_abort
2359,packed_s,494,0,silent_wrong_output
2360,pk,2002,1,validation_abort
2361,pk,2605,7,validation_abort
2362,packed_s,130,3,silent_wrong_output
2363,packed_s,961,1,silent_wrong_output
2364,pk,2134,0,validation_abort
2365,pk,1748,0,validation_abort
2366,packed_s,533,5,silent_wrong_output
2367,packed_s,883,2,silent_wrong_output
2368,pk,1835,6,validation_abort
2369,packed_s,1445,7,silent_wrong_output
2370,packed_s,676,6,silent_wrong_output
2371,packed_s,978,5,silent_wrong_output
2372,pk,2967,5,validation_abort
2373,pk,2874,2,validation_abort
2374,packed_s,1432,3,silent_wrong_output
2375,packed_s,267,5,silent_wrong_output
2376,pk,2786,5,validation_abort
2377,packed_s,1355,4,silent_wrong_output
2378,packed_s,903,6,silent_wrong_output
2379,pk,1643,4,validation_abort
2380,packed_s,640,5,silent_wrong_output
2381,pk,1755,0,validation_abort
2382,packed_s,412,7,silent_wrong_output
2383,packed_s,692,6,silent_wrong_output
2384,pk,2630,3,validation_abort
2385,packed_s,1433,5,silent_wrong_output
2386,packed_s,1106,0,silent_wrong_output
2387,pk,2444,6,validation_abort
2388,pk,2927,4,validation_abort
2389,pk,2013,0,validation_abort
2390,packed_s,905,1,silent_wrong_output
2391,pk,1759,4,validation_abort
2392,pk,2954,3,validation_abort
2393,packed_s,714,3,silent_wrong_output
2394,pk,2433,3,validation_abort
2395,packed_s,418,6,silent_wrong_output
2396,pk,3099,3,validation_abort
2397,packed_s,626,6,silent_wrong_output
2398,pk,2673,1,validation_abort
2399,pk,1817,5,validation_abort
2400,pk,2369,2,validation_abort
2401,pk,1661,0,validation_abort
2402,pk,2233,4,validation_abort
2403,packed_s,1281,5,silent_wrong_output
2404,pk,2678,7,validation_abort
2405,packed_s,1467,6,silent_wrong_output
2406,pk,2508,3,validation_abort
2407,pk,1838,0,validation_abort
2408,packed_s,1318,7,silent_wrong_output
2409,packed_s,252,5,silent_wrong_output
2410,packed_s,1368,4,silent_wrong_output
2411,pk,2550,7,validation_abort
2412,packed_s,576,1,silent_wrong_output
2413,packed_s,640,7,silent_wrong_output
2414,pk,2645,7,validation_abort
2415,packed_s,1099,7,silent_wrong_output
2416,packed_s,284,5,silent_wrong_output
2417,packed_s,332,6,silent_wrong_output
2418,packed_s,362,0,silent_wrong_output
2419,packed_s,331,1,silent_wrong_output
2420,pk,2972,4,validation_abort
2421,packed_s,1429,6,silent_wrong_output
2422,packed_s,1368,4,silent_wrong_output
2423,packed_s,662,3,silent_wrong_output
2424,pk,2581,7,validation_abort
2425,z,3143,3,no_effect
2426,pk,1651,2,validation_abort
2427,packed_s,236,3,silent_wrong_output
2428,pk,2947,0,validation_abort
2429,z,3155,0,no_effect
2430,packed_s,452,6,silent_wrong_output
2431,pk,2176,3,validation_abort
2432,pk,2860,7,validation_abort
2433,pk,2356,6,validation_abort
2434,packed_s,987,4,silent_wrong_output
2435,pk,2836,6,validation_abort
2436,packed_s,1429,5,silent_wrong_output
2437,packed_s,866,1,silent_wrong_output
2438,packed_s,193,0,silent_wrong_output
2439,pk,2520,5,validation_abort
2440,pk,2411,1,validation_abort
2441,pk,3051,6,validation_abort
2442,pk,2581,3,validation_abort
2443,pk,2053,2,validation_abort
2444,packed_s,136,0,silent_wrong_output
2445,packed_s,1425,0,silent_wrong_output
2446,packed_s,1274,3,silent_wrong_output
2447,pk,1677,4,validation_abort
2448,packed_s,1242,1,silent_wrong_output
2449,pk,1541,3,validation_abort
2450,pk,1969,2,validation_abort
2451,packed_s,996,7,silent_wrong_output
2452,packed_s,1530,4,silent_wrong_output
2453,pk,2917,7,validation_abort
2454,z,3160,7,no_effect
2455,packed_s,343,6,silent_wrong_output
2456,packed_s,1507,0,silent_wrong_output
2457,packed_s,283,2,silent_wrong_output
2458,pk,2901,1,validation_abort
2459,pk,1779,2,validation_abort
2460,packed_s,93,3,silent_wrong_output
2461,pk,1708,7,validation_abort
2462,packed_s,247,2,silent_wrong_output
2463,packed_s,1006,6,silent_wrong_output
2464,pk,2066,3,validation_abort
2465,pk,3046,4,validation_abort
2466,pk,2780,4,validation_abort
2467,pk,3064,0,validation_abort
2468,packed_s,800,5,silent_wrong_output
2469,packed_s,734,2,silent_wrong_output
2470,pk,1951,3,validation_abort
2471,pk,1598,1,validation_abort
2472,packed_s,144,5,silent_wrong_output
2473,pk,2682,4,validation_abort
2474,packed_s,269,5,silent_wrong_output
2475,pk,1710,4,validation_abort
2476,pk,2211,3,validation_abort
2477,pk,2305,3,validation_abort
2478,pk,2642,0,validation_abort
2479,pk,1793,1,validation_abort
2480,pk,2750,0,validation_abort
2481,pk,2059,5,validation_abort
2482,pk,2840,0,validation_abort
2483,pk,2855,0,validation_abort
2484,packed_s,279,1,silent_wrong_output
2485,packed_s,561,3,silent_wrong_output
2486,packed_s,733,5,silent_wrong_output
2487,pk,2233,1,validation_abort
2488,pk,2577,3,validation_abort
2489,packed_s,721,6,silent_wrong_output
2490,pk,1780,4,validation_abort
2491,packed_s,798,2,silent_wrong_output
2492,packed_s,585,0,silent_wrong_output
2493,pk,3008,1,validation_abort
2494,packed_s,1462,5,silent_wrong_output
2495,pk,2626,6,validation_abort
2496,packed_s,547,6,silent_wrong_output
2497,pk,2866,4,validation_abort
2498,pk,2558,6,validation_abort
2499,packed_s,539,5,silent_wrong_output
2500,pk,1614,3,validation_abort
2501,packed_s,1032,1,silent_wrong_output
2502,pk,2708,4,validation_abort
2503,packed_s,83,6,silent_wrong_output
2504,packed_s,590,1,silent_wrong_output
2505,packed_s,1525,0,silent_wrong_output
2506,pk,2576,4,validation_abort
2507,packed_s,191,2,silent_wrong_output
2508,packed_s,1417,2,silent_wrong_output
2509,packed_s,424,6,silent_wrong_output
2510,packed_s,1451,0,silent_wrong_output
2511,packed_s,132,3,silent_wrong_output
2512,packed_s,1308,2,silent_wrong_output
2513,packed_s,171,0,silent_wrong_output
2514,packed_s,159,1,silent_wrong_output
2515,packed_s,95,7,silent_wrong_output
2516,pk,2020,5,validation_abort
2517,packed_s,288,1,silent_wrong_output
2518,pk,2067,1,validation_abort
2519,pk,2131,6,validation_abort
2520,packed_s,343,6,silent_wrong_output
2521,packed_s,643,5,silent_wrong_output
2522,pk,2302,3,validation_abort
2523,pk,2481,2,validation_abort
2524,pk,1887,1,validation_abort
2525,pk,1748,4,validation_abort
2526,pk,2089,0,validation_abort
2527,pk,2821,5,validation_abort
2528,pk,2160,7,validation_abort
2529,pk,2652,6,validation_abort
2530,pk,2219,4,validation_abort
2531,pk,2504,5,validation_abort
2532,pk,2444,4,validation_abort
2533,pk,2274,2,validation_abort
2534,packed_s,1401,2,silent_wrong_output
2535,packed_s,1505,2,silent_wrong_output
2536,pk,1587,1,validation_abort
2537,packed_s,889,0,silent_wrong_output
2538,pk,1930,5,validation_abort
2539,packed_s,492,3,silent_wrong_output
2540,pk,2081,1,validation_abort
2541,pk,1924,4,validation_abort
2542,pk,2575,2,validation_abort
2543,pk,3097,7,validation_abort
2544,packed_s,1377,6,silent_wrong_output
2545,pk,1559,5,validation_abort
2546,packed_s,284,0,silent_wrong_output
2547,pk,2905,6,validation_abort
2548,packed_s,148,3,silent_wrong_output
2549,packed_s,567,6,silent_wrong_output
2550,pk,2306,6,validation_abort
2551,pk,1712,7,validation_abort
2552,packed_s,1305,5,silent_wrong_output
2553,packed_s,534,1,silent_wrong_output
2554,packed_s,1074,6,silent_wrong_output
2555,pk,2121,7,validation_abort
2556,pk,1593,2,validation_abort
2557,pk,1713,3,validation_abort
2558,packed_s,703,1,silent_wrong_output
2559,packed_s,1326,1,silent_wrong_output
2560,pk,1735,0,validation_abort
2561,packed_s,613,6,silent_wrong_output
2562,H_pk,3111,4,validation_abort
2563,packed_s,376,6,silent_wrong_output
2564,packed_s,1137,2,silent_wrong_output
2565,pk,2241,2,validation_abort
2566,pk,1734,0,validation_abort
2567,packed_s,473,2,silent_wrong_output
2568,packed_s,474,5,silent_wrong_output
2569,pk,2789,2,validation_abort
2570,pk,2103,3,validation_abort
2571,packed_s,1511,3,silent_wrong_output
2572,pk,2957,2,validation_abort
2573,packed_s,1036,4,silent_wrong_output
2574,packed_s,306,7,silent_wrong_output
2575,packed_s,684,5,silent_wrong_output
2576,packed_s,880,4,silent_wrong_output
2577,pk,2538,0,validation_abort
2578,packed_s,244,5,silent_wrong_output
2579,packed_s,1210,0,silent_wrong_output
2580,pk,2063,0,validation_abort
2581,packed_s,560,7,silent_wrong_output
2582,pk,2341,5,validation_abort
2583,packed_s,1336,6,silent_wrong_output
2584,packed_s,1276,7,silent_wrong_output
2585,pk,1620,0,validation_abort
2586,pk,2813,4,validation_abort
2587,packed_s,984,1,silent_wrong_output
2588,packed_s,144,4,silent_wrong_output
2589,pk,2300,4,validation_abort
2590,pk,1830,3,validation_abort
2591,pk,1841,1,validation_abort
2592,pk,3001,3,validation_abort
2593,pk,2590,5,validation_abort
2594,packed_s,114,7,silent_wrong_output
2595,packed_s,1375,1,silent_wrong_output
2596,packed_s,1121,3,silent_wrong_output
2597,packed_s,218,4,silent_wrong_output
2598,packed_s,820,5,silent_wrong_output
2599,packed_s,852,4,silent_wrong_output
2600,pk,1755,6,validation_abort
2601,packed_s,1074,3,silent_wrong_output
2602,packed_s,377,5,silent_wrong_output
2603,packed_s,932,1,silent_wrong_output
2604,pk,2311,3,validation_abort
2605,pk,2234,7,validation_abort
2606,pk,3081,0,validation_abort
2607,packed_s,247,1,silent_wrong_output
2608,packed_s,1356,1,silent_wrong_output
2609,pk,2345,0,validation_abort
2610,pk,2542,1,validation_abort
2611,pk,1828,0,validation_abort
2612,pk,1551,3,validation_abort
2613,pk,2520,2,validation_abort
2614,pk,3013,5,validation_abort
2615,pk,1609,5,validation_abort
2616,packed_s,1040,4,silent_wrong_output
2617,pk,1955,5,validation_abort
2618,pk,2270,2,validation_abort
2619,packed_s,1042,5,silent_wrong_output
2620,packed_s,525,5,silent_wrong_output
2621,packed_s,593,0,silent_wrong_output
2622,packed_s,202,0,silent_wrong_output
2623,packed_s,578,7,silent_wrong_output
2624,packed_s,170,2,silent_wrong_output
2625,pk,2744,7,validation_abort
2626,packed_s,1040,5,silent_wrong_output
2627,H_pk,3113,3,validation_abort
2628,packed_s,313,4,silent_wrong_output
2629,pk,2997,1,validation_abort
2630,packed_s,1365,2,silent_wrong_output
2631,packed_s,1132,0,silent_wrong_output
2632,pk,2220,5,validation_abort
2633,packed_s,755,3,silent_wrong_output
2634,pk,2346,7,validation_abort
2635,packed_s,1013,6,silent_wrong_output
2636,packed_s,1298,0,silent_wrong_output
2637,pk,1577,3,validation_abort
2638,packed_s,734,6,silent_wrong_output
2639,packed_s,23,2,silent_wrong_output
2640,pk,3059,0,validation_abort
2641,packed_s,1361,7,silent_wrong_output
2642,packed_s,272,3,silent_wrong_output
2643,pk,2736,3,validation_abort
2644,pk,1865,0,validation_abort
2645,pk,2844,6,validation_abort
2646,pk,2783,0,validation_abort
2647,H_pk,3107,7,validation_abort
2648,packed_s,354,4,silent_wrong_output
2649,pk,2964,1,validation_abort
2650,packed_s,920,0,silent_wrong_output
2651,packed_s,416,5,silent_wrong_output
2652,packed_s,753,2,silent_wrong_output
2653,pk,2809,2,validation_abort
2654,pk,2855,1,validation_abort
2655,pk,2919,5,validation_abort
2656,packed_s,562,6,silent_wrong_output
2657,packed_s,310,1,silent_wrong_output
2658,pk,2126,6,validation_abort
2659,pk,1715,4,validation_abort
2660,pk,1625,5,validation_abort
2661,pk,2290,1,validation_abort
2662,pk,1597,4,validation_abort
2663,pk,1973,3,validation_abort
2664,packed_s,38,4,silent_wrong_output
2665,packed_s,1140,5,silent_wrong_output
2666,packed_s,570,7,silent_wrong_output
2667,pk,2548,4,validation_abort
2668,pk,1890,4,validation_abort
2669,packed_s,906,4,silent_wrong_output
2670,packed_s,1071,2,silent_wrong_output
2671,packed_s,1207,1,silent_wrong_output
2672,pk,1949,3,validation_abort
2673,packed_s,119,1,silent_wrong_output
2674,packed_s,305,5,silent_wrong_output
2675,pk,2852,3,validation_abort
2676,packed_s,1451,1,silent_wrong_output
2677,packed_s,1480,7,silent_wrong_output
2678,pk,2685,5,validation_abort
2679,pk,1778,6,validation_abort
2680,pk,1963,2,validation_abort
2681,pk,2562,4,validation_abort
2682,packed_s,492,1,silent_wrong_output
2683,packed_s,1196,0,silent_wrong_output
2684,packed_s,355,4,silent_wrong_output
2685,pk,2458,7,validation_abort
2686,pk,2100,7,validation_abort
2687,packed_s,7,4,silent_wrong_output
2688,pk,1871,2,validation_abort
2689,pk,2707,1,validation_abort
2690,pk,2572,7,validation_abort
2691,pk,1636,0,validation_abort
2692,pk,2914,4,validation_abort
2693,pk,1671,0,validation_abort
2694,packed_s,928,4,silent_wrong_output
2695,pk,2290,7,validation_abort
2696,pk,1947,7,validation_abort
2697,H_pk,3128,0,validation_abort
2698,pk,1857,6,validation_abort
2699,packed_s,147,1,silent_wrong_output
2700,pk,1903,3,validation_abort
2701,pk,1908,7,validation_abort
2702,packed_s,60,2,silent_wrong_output
2703,pk,2457,4,validation_abort
2704,packed_s,910,1,silent_wrong_output
2705,pk,2113,3,validation_abort
2706,pk,1963,5,validation_abort
2707,packed_s,404,5,silent_wrong_output
2708,pk,2247,4,validation_abort
2709,packed_s,857,6,silent_wrong_output
2710,pk,3065,1,validation_abort
2711,pk,3002,3,validation_abort
2712,pk,3091,0,validation_abort
2713,packed_s,180,2,silent_wrong_output
2714,pk,2359,4,validation_abort
2715,pk,2719,3,validation_abort
2716,packed_s,241,2,silent_wrong_output
2717,pk,1867,3,validation_abort
2718,packed_s,1202,0,silent_wrong_output
2719,pk,2268,4,validation_abort
2720,pk,2767,7,validation_abort
2721,packed_s,1498,5,silent_wrong_output
2722,packed_s,526,4,silent_wrong_output
2723,pk,1927,1,validation_abort
2724,pk,2697,4,validation_abort
2725,pk,1766,7,validation_abort
2726,packed_s,771,5,silent_wrong_output
2727,packed_s,228,7,silent_wrong_output
2728,packed_s,1019,1,silent_wrong_output
2729,pk,2137,3,validation_abort
2730,pk,1884,3,validation_abort
2731,packed_s,1302,1,silent_wrong_output
2732,pk,1779,6,validation_abort
2733,pk,1835,3,validation_abort
2734,packed_s,430,0,silent_wrong_output
2735,pk,1854,2,validation_abort
2736,packed_s,866,0,silent_wrong_output
2737,pk,2517,6,validation_abort
2738,packed_s,426,0,silent_wrong_output
2739,packed_s,476,4,silent_wrong_output
2740,pk,2455,4,validation_abort
2741,pk,2078,6,validation_abort
2742,pk,2668,5,validation_abort
2743,packed_s,791,4,silent_wrong_output
2744,pk,2995,0,validation_abort
2745,packed_s,889,7,silent_wrong_output
2746,pk,1899,7,validation_abort
2747,packed_s,1420,7,silent_wrong_output
2748,pk,2153,1,validation_abort
2749,packed_s,658,5,silent_wrong_output
2750,packed_s,790,6,silent_wrong_output
2751,packed_s,631,7,silent_wrong_output
2752,z,3166,7,no_effect
2753,pk,2194,3,validation_abort
2754,packed_s,125,2,silent_wrong_output
2755,pk,2813,2,validation_abort
2756,pk,1563,3,validation_abort
2757,packed_s,887,1,silent_wrong_output
2758,pk,2968,6,validation_abort
2759,packed_s,111,7,silent_wrong_output
2760,pk,1920,7,validation_abort
2761,pk,2714,1,validation_abort
2762,packed_s,750,6,silent_wrong_output
2763,packed_s,611,0,silent_wrong_output
2764,pk,2808,7,validation_abort
2765,pk,1977,0,validation_abort
2766,pk,1831,3,validation_abort
2767,packed_s,735,2,silent_wrong_output
2768,pk,2045,5,validation_abort
2769,pk,2838,7,validation_abort
2770,pk,2371,1,validation_abort
2771,packed_s,1090,6,silent_wrong_output
2772,packed_s,626,2,silent_wrong_output
2773,pk,1912,6,validation_abort
2774,packed_s,911,4,silent_wrong_output
2775,packed_s,462,4,silent_wrong_output
2776,pk,2328,6,validation_abort
2777,pk,1918,2,validation_abort
2778,packed_s,1349,2,silent_wrong_output
2779,pk,1791,0,validation_abort
2780,packed_s,663,5,silent_wrong_output
2781,pk,2320,7,validation_abort
2782,pk,2219,4,validation_abort
2783,H_pk,3134,3,validation_abort
2784,pk,1891,3,validation_abort
2785,pk,1543,3,validation_abort
2786,pk,2244,2,validation_abort
2787,packed_s,817,3,silent_wrong_output
2788,pk,1917,5,validation_abort
2789,packed_s,764,6,silent_wrong_output
2790,pk,2945,3,validation_abort
2791,z,3144,4,no_effect
2792,pk,2998,3,validation_abort
2793,packed_s,1066,2,silent_wrong_output
2794,pk,2166,4,validation_abort
2795,pk,1558,3,validation_abort
2796,packed_s,1055,2,silent_wrong_output
2797,pk,2108,7,validation_abort
2798,pk,3079,6,validation_abort
2799,pk,2042,3,validation_abort
2800,pk,2296,7,validation_abort
2801,pk,2349,7,validation_abort
2802,packed_s,943,2,silent_wrong_output
2803,pk,2180,2,validation_abort
2804,pk,2312,5,validation_abort
2805,packed_s,510,1,silent_wrong_output
2806,pk,2522,7,validation_abort
2807,pk,2540,6,validation_abort
2808,packed_s,229,6,silent_wrong_output
2809,pk,1833,7,validation_abort
2810,pk,1849,3,validation_abort
2811,packed_s,421,1,silent_wrong_output
2812,z,3158,5,no_effect
2813,pk,2076,1,validation_abort
2814,packed_s,881,0,silent_wrong_output
2815,packed_s,847,5,silent_wrong_output
2816,packed_s,1387,4,silent_wrong_output
2817,pk,2192,2,validation_abort
2818,pk,3021,2,validation_abort
2819,pk,2112,3,validation_abort
2820,packed_s,1189,1,silent_wrong_output
2821,pk,1737,4,validation_abort
2822,pk,2808,6,validation_abort
2823,pk,1706,0,validation_abort
2824,packed_s,1520,1,silent_wrong_output
2825,packed_s,139,6,silent_wrong_output
2826,pk,2267,0,validation_abort
2827,packed_s,706,4,silent_wrong_output
2828,pk,2495,6,validation_abort
2829,packed_s,793,5,silent_wrong_output
2830,packed_s,181,7,silent_wrong_output
2831,pk,1987,0,validation_abort
2832,pk,3100,3,validation_abort
2833,pk,2131,3,validation_abort
2834,packed_s,1067,3,silent_wrong_output
2835,pk,2802,7,validation_abort
2836,pk,2426,3,validation_abort
2837,pk,2258,4,validation_abort
2838,packed_s,778,4,silent_wrong_output
2839,packed_s,938,3,silent_wrong_output
2840,pk,1714,7,validation_abort
2841,pk,1983,0,validation_abort
2842,pk,1754,7,validation_abort
2843,pk,2403,1,validation_abort
2844,pk,2559,1,validation_abort
2845,packed_s,1106,6,silent_wrong_output
2846,packed_s,767,3,silent_wrong_output
2847,pk,2173,7,validation_abort
2848,packed_s,130,3,silent_wrong_output
2849,packed_s,817,4,silent_wrong_output
2850,pk,1781,1,validation_abort
2851,pk,2656,4,validation_abort
2852,pk,2734,5,validation_abort
2853,pk,1586,4,validation_abort
2854,pk,1640,4,validation_abort
2855,packed_s,697,1,silent_wrong_output
2856,z,3160,4,no_effect
2857,packed_s,1145,4,silent_wrong_output
2858,packed_s,1274,3,silent_wrong_output
2859,packed_s,416,3,silent_wrong_output
2860,pk,2655,2,validation_abort
2861,packed_s,451,2,silent_wrong_output
2862,pk,3064,6,validation_abort
2863,packed_s,504,3,silent_wrong_output
2864,pk,2133,3,validation_abort
2865,packed_s,24,2,silent_wrong_output
2866,packed_s,1165,2,silent_wrong_output
2867,pk,2716,1,validation_abort
2868,pk,2916,3,validation_abort
2869,packed_s,842,0,silent_wrong_output
2870,pk,1671,7,validation_abort
2871,packed_s,74,5,silent_wrong_output
2872,packed_s,1141,3,silent_wrong_output
2873,packed_s,1298,0,silent_wrong_output
2874,pk,1760,5,validation_abort
2875,pk,2758,5,validation_abort
2876,packed_s,928,2,silent_wrong_output
2877,packed_s,501,7,silent_wrong_output
2878,pk,1926,4,validation_abort
2879,packed_s,57,2,silent_wrong_output
2880,pk,2389,7,validation_abort
2881,pk,3089,1,validation_abort
2882,packed_s,899,0,silent_wrong_output
2883,packed_s,541,0,silent_wrong_output
2884,pk,3008,4,validation_abort
2885,packed_s,1366,1,silent_wrong_output
2886,packed_s,890,4,silent_wrong_output
2887,pk,1564,3,validation_abort
2888,pk,2434,2,validation_abort
2889,pk,2302,0,validation_abort
2890,pk,1826,6,validation_abort
2891,packed_s,455,4,silent_wrong_output
2892,packed_s,795,7,silent_wrong_output
2893,pk,2456,6,validation_abort
2894,pk,2076,4,validation_abort
2895,z,3152,0,no_effect
2896,pk,2799,3,validation_abort
2897,pk,2256,4,validation_abort
2898,packed_s,336,6,silent_wrong_output
2899,packed_s,716,1,silent_wrong_output
2900,pk,2071,1,validation_abort
2901,pk,1841,2,validation_abort
2902,packed_s,1474,3,silent_wrong_output
2903,pk,2459,1,validation_abort
2904,pk,2339,3,validation_abort
2905,pk,2824,3,validation_abort
2906,packed_s,969,1,silent_wrong_output
2907,packed_s,268,5,silent_wrong_output
2908,packed_s,1053,6,silent_wrong_output
2909,packed_s,1012,2,silent_wrong_output
2910,pk,2925,4,validation_abort
2911,pk,2093,0,validation_abort
2912,pk,1895,5,validation_abort
2913,pk,2694,3,validation_abort
2914,H_pk,3113,4,validation_abort
2915,pk,2244,2,validation_abort
2916,pk,1982,3,validation_abort
2917,packed_s,1250,2,silent_wrong_output
2918,packed_s,184,2,silent_wrong_output
2919,packed_s,1105,7,silent_wrong_output
2920,packed_s,1182,5,silent_wrong_output
2921,packed_s,351,5,silent_wrong_output
2922,packed_s,795,6,silent_wrong_output
2923,packed_s,622,5,silent_wrong_output
2924,pk,2473,3,validation_abort
2925,pk,2646,6,validation_abort
2926,pk,1895,3,validation_abort
2927,z,3139,0,no_effect
2928,packed_s,225,1,silent_wrong_output
2929,packed_s,1217,2,silent_wrong_output
2930,pk,2730,6,validation_abort
2931,packed_s,1302,7,silent_wrong_output
2932,packed_s,774,3,silent_wrong_output
2933,pk,1798,6,validation_abort
2934,pk,1571,0,validation_abort
2935,packed_s,39,3,silent_wrong_output
2936,packed_s,1140,6,silent_wrong_output
2937,pk,2882,7,validation_abort
2938,pk,1844,6,validation_abort
2939,pk,2849,5,validation_abort
2940,packed_s,581,1,silent_wrong_output
2941,packed_s,651,5,silent_wrong_output
2942,pk,1772,4,validation_abort
2943,packed_s,544,2,silent_wrong_output
2944,pk,1922,4,validation_abort
2945,packed_s,1158,0,silent_wrong_output
2946,packed_s,625,5,silent_wrong_output
2947,packed_s,1279,0,silent_wrong_output
2948,packed_s,456,2,silent_wrong_output
2949,z,3146,1,no_effect
2950,packed_s,496,1,silent_wrong_output
2951,packed_s,503,3,silent_wrong_output
2952,pk,2003,4,validation_abort
2953,pk,1723,1,validation_abort
2954,pk,2738,5,validation_abort
2955,pk,2588,0,validation_abort
2956,pk,2952,2,validation_abort
2957,packed_s,149,0,silent_wrong_output
2958,packed_s,246,2,silent_wrong_output
2959,pk,2256,5,validation_abort
2960,pk,1834,0,validation_abort
2961,pk,1966,0,validation_abort
2962,pk,2216,1,validation_abort
2963,packed_s,34,1,silent_wrong_output
2964,pk,2412,3,validation_abort
2965,packed_s,847,6,silent_wrong_output
2966,pk,2578,2,validation_abort
2967,packed_s,384,4,silent_wrong_output
2968,packed_s,1315,0,silent_wrong_output
2969,packed_s,871,3,silent_wrong_output
2970,pk,2357,5,validation_abort
2971,packed_s,1037,2,silent_wrong_output
2972,pk,2892,0,validation_abort
2973,pk,2297,4,validation_abort
2974,packed_s,227,2,silent_wrong_output
2975,packed_s,660,0,silent_wrong_output
2976,pk,2402,2,validation_abort
2977,packed_s,601,1,silent_wrong_output
2978,pk,1847,4,validation_abort
2979,packed_s,565,0,silent_wrong_output
2980,packed_s,45,3,silent_wrong_output
2981,pk,1959,6,validation_abort
2982,packed_s,188,3,silent_wrong_output
2983,packed_s,440,0,silent_wrong_output
2984,packed_s,655,4,silent_wrong_output
2985,packed_s,1398,6,silent_wrong_output
2986,pk,2452,0,validation_abort
2987,pk,2808,4,validation_abort
2988,pk,2570,2,validation_abort
2989,packed_s,664,5,silent_wrong_output
2990,packed_s,1143,2,silent_wrong_output
2991,pk,2880,3,validation_abort
2992,pk,2231,0,validation_abort
2993,packed_s,1092,0,silent_wrong_output
2994,packed_s,68,5,silent_wrong_output
2995,pk,2704,7,validation_abort
2996,pk,2882,1,validation_abort
2997,packed_s,1208,2,silent_wrong_output
2998,pk,2842,3,validation_abort
2999,pk,2328,0,validation_abort
3000,packed_s,401,2,silent_wrong_output
3001,pk,2145,6,validation_abort
3002,packed_s,94,4,silent_wrong_output
3003,packed_s,131,7,silent_wrong_output
3004,pk,1993,7,validation_abort
3005,packed_s,1379,7,silent_wrong_output
3006,packed_s,303,2,silent_wrong_output
3007,packed_s,235,7,silent_wrong_output
3008,pk,1596,7,validation_abort
3009,pk,2381,2,validation_abort
3010,packed_s,851,2,silent_wrong_output
3011,pk,2738,4,validation_abort
3012,packed_s,20,2,silent_wrong_output
3013,packed_s,1023,3,silent_wrong_output
3014,pk,2170,0,validation_abort
3015,packed_s,670,2,silent_wrong_output
3016,pk,2856,3,validation_abort
3017,packed_s,794,6,silent_wrong_output
3018,packed_s,410,5,silent_wrong_output
3019,packed_s,977,6,silent_wrong_output
3020,pk,2974,4,validation_abort
3021,packed_s,1238,0,silent_wrong_output
3022,packed_s,1168,6,silent_wrong_output
3023,packed_s,757,4,silent_wrong_output
3024,packed_s,1495,3,silent_wrong_output
3025,pk,2472,0,validation_abort
3026,pk,1720,0,validation_abort
3027,packed_s,1521,0,silent_wrong_output
3028,packed_s,1274,0,silent_wrong_output
3029,pk,1825,0,validation_abort
3030,pk,3002,6,validation_abort
3031,packed_s,696,0,silent_wrong_output
3032,pk,2361,1,validation_abort
3033,pk,2469,2,validation_abort
3034,packed_s,889,6,silent_wrong_output
3035,packed_s,607,3,silent_wrong_output
3036,packed_s,758,7,silent_wrong_output
3037,packed_s,1499,5,silent_wrong_output
3038,pk,3074,1,validation_abort
3039,packed_s,1179,7,silent_wrong_output
3040,packed_s,757,6,silent_wrong_output
3041,packed_s,1093,3,silent_wrong_output
3042,packed_s,1277,7,silent_wrong_output
3043,packed_s,284,6,silent_wrong_output
3044,pk,2662,2,validation_abort
3045,pk,2928,7,validation_abort
3046,pk,2114,4,validation_abort
3047,packed_s,1187,2,silent_wrong_output
3048,packed_s,1005,5,silent_wrong_output
3049,z,3149,6,no_effect
3050,pk,1763,3,validation_abort
3051,packed_s,854,0,silent_wrong_output
3052,packed_s,1452,3,silent_wrong_output
3053,pk,2671,0,validation_abort
3054,packed_s,1056,7,silent_wrong_output
3055,packed_s,973,2,silent_wrong_output
3056,packed_s,287,3,silent_wrong_output
3057,pk,1768,2,validation_abort
3058,packed_s,1103,7,silent_wrong_output
3059,pk,3005,1,validation_abort
3060,pk,2780,6,validation_abort
3061,packed_s,1292,5,silent_wrong_output
3062,pk,1545,0,validation_abort
3063,pk,1923,6,validation_abort
3064,pk,2988,7,validation_abort
3065,packed_s,1006,6,silent_wrong_output
3066,packed_s,15,5,silent_wrong_output
3067,pk,2101,1,validation_abort
3068,packed_s,1374,4,silent_wrong_output
3069,pk,1716,4,validation_abort
3070,packed_s,1393,7,silent_wrong_output
3071,pk,2160,3,validation_abort
3072,packed_s,100,2,silent_wrong_output
3073,pk,1819,5,validation_abort
3074,pk,2476,5,validation_abort
3075,packed_s,638,6,silent_wrong_output
3076,pk,1966,4,validation_abort
3077,packed_s,347,2,silent_wrong_output
3078,pk,2936,4,validation_abort
3079,pk,2644,4,validation_abort
3080,pk,1965,3,validation_abort
3081,pk,1837,2,validation_abort
3082,pk,2480,1,validation_abort
3083,packed_s,1064,0,silent_wrong_output
3084,pk,2666,6,validation_abort
3085,packed_s,1136,1,silent_wrong_output
3086,z,3158,7,no_effect
3087,pk,2292,7,validation_abort
3088,pk,2593,0,validation_abort
3089,pk,2173,7,validation_abort
3090,packed_s,473,7,silent_wrong_output
3091,pk,3069,6,validation_abort
3092,pk,2493,0,validation_abort
3093,pk,2457,0,validation_abort
3094,packed_s,1371,4,silent_wrong_output
3095,packed_s,896,6,silent_wrong_output
3096,pk,3086,2,validation_abort
3097,pk,1586,1,validation_abort
3098,packed_s,433,1,silent_wrong_output
3099,pk,1559,4,validation_abort
3100,pk,2283,2,validation_abort
3101,pk,2681,2,validation_abort
3102,pk,2201,6,validation_abort
3103,packed_s,1435,5,silent_wrong_output
3104,packed_s,584,7,silent_wrong_output
3105,pk,1969,3,validation_abort
3106,packed_s,401,3,silent_wrong_output
3107,packed_s,42,3,silent_wrong_output
3108,pk,2340,2,validation_abort
3109,pk,2951,7,validation_abort
3110,pk,2385,0,validation_abort
3111,pk,2755,0,validation_abort
3112,packed_s,1038,0,silent_wrong_output
3113,packed_s,635,0,silent_wrong_output
3114,packed_s,578,6,silent_wrong_output
3115,packed_s,742,3,silent_wrong_output
3116,packed_s,837,0,silent_wrong_output
3117,packed_s,531,2,silent_wrong_output
3118,packed_s,630,6,silent_wrong_output
3119,packed_s,585,6,silent_wrong_output
3120,pk,1943,7,validation_abort
3121,packed_s,1270,3,silent_wrong_output
3122,packed_s,1030,4,silent_wrong_output
3123,pk,1756,1,validation_abort
3124,pk,3024,1,validation_abort
3125,packed_s,419,7,silent_wrong_output
3126,pk,1759,5,validation_abort
3127,pk,2305,0,validation_abort
3128,pk,2342,6,validation_abort
3129,pk,2955,2,validation_abort
3130,pk,2976,6,validation_abort
3131,pk,2944,7,validation_abort
3132,packed_s,207,0,silent_wrong_output
3133,packed_s,566,2,silent_wrong_output
3134,pk,2116,6,validation_abort
3135,pk,2287,5,validation_abort
3136,pk,1764,4,validation_abort
3137,packed_s,437,1,silent_wrong_output
3138,packed_s,743,1,silent_wrong_output
3139,pk,2811,5,validation_abort
3140,pk,2256,7,validation_abort
3141,packed_s,1148,7,silent_wrong_output
3142,packed_s,1527,5,silent_wrong_output
3143,packed_s,1082,1,silent_wrong_output
3144,packed_s,1100,6,silent_wrong_output
3145,packed_s,1505,6,silent_wrong_output
3146,pk,2620,0,validation_abort
3147,packed_s,1512,1,silent_wrong_output
3148,packed_s,1153,0,silent_wrong_output
3149,pk,2655,5,validation_abort
3150,packed_s,49,5,silent_wrong_output
3151,pk,1643,0,validation_abort
3152,packed_s,599,6,silent_wrong_output
3153,packed_s,1250,7,silent_wrong_output
3154,packed_s,525,6,silent_wrong_output
3155,pk,2011,6,validation_abort
3156,pk,2269,4,validation_abort
3157,pk,1567,1,validation_abort
3158,pk,2371,7,validation_abort
3159,packed_s,1402,0,silent_wrong_output
3160,pk,2072,6,validation_abort
3161,packed_s,457,7,silent_wrong_output
3162,packed_s,116,2,silent_wrong_output
3163,packed_s,1212,7,silent_wrong_output
3164,pk,2212,5,validation_abort
3165,pk,2359,7,validation_abort
3166,packed_s,529,6,silent_wrong_output
3167,pk,1996,1,validation_abort
3168,pk,1927,7,validation_abort
3169,pk,2935,0,validation_abort
3170,packed_s,1099,3,silent_wrong_output
3171,pk,2958,0,validation_abort
3172,packed_s,86,2,silent_wrong_output
3173,packed_s,1370,1,silent_wrong_output
3174,H_pk,3127,2,validation_abort
3175,pk,2446,3,validation_abort
3176,packed_s,295,7,silent_wrong_output
3177,pk,2147,4,validation_abort
3178,packed_s,755,0,silent_wrong_output
3179,packed_s,1385,6,silent_wrong_output
3180,pk,2459,3,validation_abort
3181,pk,2079,6,validation_abort
3182,packed_s,770,3,silent_wrong_output
3183,packed_s,623,5,silent_wrong_output
3184,pk,2485,3,validation_abort
3185,pk,2136,3,validation_abort
3186,pk,1545,3,validation_abort
3187,pk,2855,5,validation_abort
3188,pk,2900,0,validation_abort
3189,pk,2135,5,validation_abort
3190,pk,1856,3,validation_abort
3191,packed_s,434,5,silent_wrong_output
3192,packed_s,919,1,silent_wrong_output
3193,packed_s,323,7,silent_wrong_output
3194,pk,2038,4,validation_abort
3195,packed_s,1451,2,silent_wrong_output
3196,packed_s,1136,7,silent_wrong_output
3197,pk,2356,3,validation_abort
3198,packed_s,748,2,silent_wrong_output
3199,pk,2633,6,validation_abort
3200,pk,1586,3,validation_abort
3201,packed_s,1490,2,silent_wrong_output
3202,packed_s,591,4,silent_wrong_output
3203,pk,2407,4,validation_abort
3204,packed_s,198,1,silent_wrong_output
3205,packed_s,943,7,silent_wrong_output
3206,packed_s,383,4,silent_wrong_output
3207,packed_s,421,6,silent_wrong_output
3208,pk,2450,1,validation_abort
3209,packed_s,1446,6,silent_wrong_output
3210,pk,1595,6,validation_abort
3211,pk,2894,1,validation_abort
3212,pk,2647,1,validation_abort
3213,pk,2420,7,validation_abort
3214,pk,2562,0,validation_abort
3215,packed_s,792,7,silent_wrong_output
3216,packed_s,333,7,silent_wrong_output
3217,packed_s,865,6,silent_wrong_output
3218,pk,2371,5,validation_abort
3219,pk,1739,1,validation_abort
3220,packed_s,971,0,silent_wrong_output
3221,packed_s,1272,3,silent_wrong_output
3222,pk,2437,2,validation_abort
3223,pk,1596,2,validation_abort
3224,packed_s,218,1,silent_wrong_output
3225,pk,1696,7,validation_abort
3226,packed_s,765,5,silent_wrong_output
3227,packed_s,1030,7,silent_wrong_output
3228,packed_s,210,1,silent_wrong_output
3229,pk,2331,1,validation_abort
3230,packed_s,258,7,silent_wrong_output
3231,packed_s,962,7,silent_wrong_output
3232,packed_s,1336,1,silent_wrong_output
3233,packed_s,58,4,silent_wrong_output
3234,pk,2564,2,validation_abort
3235,packed_s,934,5,silent_wrong_output
3236,packed_s,1315,7,silent_wrong_output
3237,pk,2109,2,validation_abort
3238,packed_s,308,2,silent_wrong_output
3239,pk,1963,5,validation_abort
3240,packed_s,1480,3,silent_wrong_output
3241,pk,2463,6,validation_abort
3242,pk,1771,6,validation_abort
3243,packed_s,706,2,silent_wrong_output
3244,pk,1924,6,validation_abort
3245,pk,1775,5,validation_abort
3246,pk,2668,3,validation_abort
3247,pk,1906,2,validation_abort
3248,packed_s,265,0,silent_wrong_output
3249,pk,2069,0,validation_abort
3250,pk,2692,4,validation_abort
3251,pk,2436,7,validation_abort
3252,packed_s,75,0,silent_wrong_output
3253,packed_s,463,5,silent_wrong_output
3254,packed_s,711,0,silent_wrong_output
3255,packed_s,652,2,silent_wrong_output
3256,packed_s,1165,1,silent_wrong_output
3257,packed_s,370,1,silent_wrong_output
3258,packed_s,239,6,silent_wrong_output
3259,packed_s,448,1,silent_wrong_output
3260,packed_s,17,6,silent_wrong_output
3261,packed_s,827,1,silent_wrong_output
3262,pk,1961,5,validation_abort
3263,packed_s,749,4,silent_wrong_output
3264,pk,2941,1,validation_abort
3265,pk,1720,0,validation_abort
3266,pk,2853,0,validation_abort
3267,pk,2721,4,validation_abort
3268,pk,1701,7,validation_abort
3269,H_pk,3130,0,validation_abort
3270,packed_s,1023,6,silent_wrong_output
3271,packed_s,803,2,silent_wrong_output
3272,pk,2318,7,validation_abort
3273,pk,1861,7,validation_abort
3274,pk,2403,3,validation_abort
3275,packed_s,393,6,silent_wrong_output
3276,pk,1653,7,validation_abort
3277,pk,2970,6,validation_abort
3278,pk,2028,3,validation_abort
3279,H_pk,3116,4,validation_abort
3280,packed_s,331,2,silent_wrong_output
3281,packed_s,1092,2,silent_wrong_output
3282,pk,2482,0,validation_abort
3283,packed_s,215,4,silent_wrong_output
3284,pk,1800,7,validation_abort
3285,pk,2200,4,validation_abort
3286,pk,2614,1,validation_abort
3287,pk,1684,7,validation_abort
3288,packed_s,155,7,silent_wrong_output
3289,pk,2815,2,validation_abort
3290,pk,2473,1,validation_abort
3291,packed_s,702,2,silent_wrong_output
3292,pk,3093,3,validation_abort
3293,packed_s,368,7,silent_wrong_output
3294,packed_s,229,7,silent_wrong_output
3295,packed_s,1090,5,silent_wrong_output
3296,pk,3050,7,validation_abort
3297,pk,2472,0,validation_abort
3298,pk,2358,0,validation_abort
3299,pk,1603,4,validation_abort
3300,pk,1677,6,validation_abort
3301,packed_s,143,4,silent_wrong_output
3302,packed_s,1382,2,silent_wrong_output
3303,pk,2025,4,validation_abort
3304,pk,2028,6,validation_abort
3305,pk,2810,7,validation_abort
3306,packed_s,606,5,silent_wrong_output
3307,packed_s,194,1,silent_wrong_output
3308,packed_s,1266,6,silent_wrong_output
3309,pk,2756,3,validation_abort
3310,pk,2787,7,validation_abort
3311,packed_s,1136,3,silent_wrong_output
3312,packed_s,609,3,silent_wrong_output
3313,pk,2644,4,validation_abort
3314,pk,2843,3,validation_abort
3315,pk,2653,7,validation_abort
3316,pk,3086,6,validation_abort
3317,pk,1776,7,validation_abort
3318,packed_s,1343,0,silent_wrong_output
3319,pk,2671,0,validation_abort
3320,packed_s,121,0,silent_wrong_output
3321,pk,2073,5,validation_abort
3322,packed_s,1435,7,silent_wrong_output
3323,packed_s,143,6,silent_wrong_output
3324,packed_s,13,6,silent_wrong_output
3325,pk,2747,4,validation_abort
3326,packed_s,163,3,silent_wrong_output
3327,pk,2921,4,validation_abort
3328,pk,2836,6,validation_abort
3329,packed_s,1347,4,silent_wrong_output
3330,pk,2880,1,validation_abort
3331,packed_s,1018,0,silent_wrong_output
3332,packed_s,1431,1,silent_wrong_output
3333,packed_s,441,1,silent_wrong_output
3334,pk,2207,2,validation_abort
3335,pk,2270,4,validation_abort
3336,packed_s,1524,4,silent_wrong_output
3337,packed_s,428,1,silent_wrong_output
3338,packed_s,1489,0,silent_wrong_output
3339,pk,2243,4,validation_abort
3340,packed_s,1379,2,silent_wrong_output
3341,packed_s,218,3,silent_wrong_output
3342,packed_s,448,4,silent_wrong_output
3343,packed_s,1067,4,silent_wrong_output
3344,packed_s,1000,4,silent_wrong_output
3345,packed_s,1243,5,silent_wrong_output
3346,H_pk,3109,1,validation_abort
3347,packed_s,249,7,silent_wrong_output
3348,packed_s,1037,6,silent_wrong_output
3349,pk,2657,2,validation_abort
3350,pk,2717,3,validation_abort
3351,packed_s,324,4,silent_wrong_output
3352,pk,2650,5,validation_abort
3353,pk,2797,2,validation_abort
3354,pk,2487,7,validation_abort
3355,packed_s,1134,3,silent_wrong_output
3356,packed_s,434,3,silent_wrong_output
3357,packed_s,1482,0,silent_wrong_output
3358,pk,2778,0,validation_abort
3359,packed_s,1498,2,silent_wrong_output
3360,pk,1763,7,validation_abort
3361,pk,1621,1,validation_abort
3362,pk,2660,1,validation_abort
3363,packed_s,312,4,silent_wrong_output
3364,pk,2877,7,validation_abort
3365,pk,1892,3,validation_abort
3366,packed_s,382,5,silent_wrong_output
3367,packed_s,1430,2,silent_wrong_output
3368,pk,2457,4,validation_abort
3369,packed_s,1185,1,silent_wrong_output
3370,packed_s,808,0,silent_wrong_output
3371,pk,2350,2,validation_abort
3372,packed_s,145,2,silent_wrong_output
3373,packed_s,1016,0,silent_wrong_output
3374,pk,1866,4,validation_abort
3375,pk,2917,0,validation_abort
3376,pk,2435,1,validation_abort
3377,packed_s,491,4,silent_wrong_output
3378,pk,1739,3,validation_abort
3379,packed_s,534,4,silent_wrong_output
3380,packed_s,1131,7,silent_wrong_output
3381,pk,1718,3,validation_abort
3382,H_pk,3130,1,validation_abort
3383,pk,1866,2,validation_abort
3384,pk,2660,7,validation_abort
3385,pk,1669,6,validation_abort
3386,packed_s,262,0,silent_wrong_output
3387,packed_s,1017,7,silent_wrong_output
3388,packed_s,142,7,silent_wrong_output
3389,packed_s,380,0,silent_wrong_output
3390,pk,2571,1,validation_abort
3391,packed_s,379,7,silent_wrong_output
3392,pk,1616,7,validation_abort
3393,pk,2874,1,validation_abort
3394,packed_s,906,1,silent_wrong_output
3395,packed_s,249,4,silent_wrong_output
3396,packed_s,1460,0,silent_wrong_output
3397,pk,3055,2,validation_abort
3398,H_pk,3109,1,validation_abort
3399,packed_s,724,7,silent_wrong_output
3400,pk,2407,1,validation_abort
3401,pk,3061,2,validation_abort
3402,pk,2341,6,validation_abort
3403,pk,1876,6,validation_abort
3404,packed_s,82,7,silent_wrong_output
3405,pk,1582,0,validation_abort
3406,packed_s,738,1,silent_wrong_output
3407,packed_s,1254,2,silent_wrong_output
3408,pk,2393,2,validation_abort
3409,pk,2059,3,validation_abort
3410,pk,2489,0,validation_abort
3411,packed_s,435,2,silent_wrong_output
3412,packed_s,207,1,silent_wrong_output
3413,packed_s,1168,7,silent_wrong_output
3414,packed_s,256,2,silent_wrong_output
3415,pk,2588,0,validation_abort
3416,pk,3044,5,validation_abort
3417,pk,2918,2,validation_abort
3418,pk,2558,4,validation_abort
3419,packed_s,1070,2,silent_wrong_output
3420,packed_s,969,7,silent_wrong_output
3421,pk,2112,5,validation_abort
3422,packed_s,1363,5,silent_wrong_output
3423,packed_s,29,7,silent_wrong_output
3424,pk,2015,7,validation_abort
3425,pk,1678,5,validation_abort
3426,pk,2798,7,validation_abort
3427,packed_s,151,3,silent_wrong_output
3428,pk,2458,5,validation_abort
3429,pk,1786,7,validation_abort
3430,pk,2389,2,validation_abort
3431,packed_s,1216,0,silent_wrong_output
3432,pk,2700,6,validation_abort
3433,pk,1963,6,validation_abort
3434,packed_s,264,3,silent_wrong_output
3435,packed_s,319,2,silent_wrong_output
3436,packed_s,635,7,silent_wrong_output
3437,packed_s,60,1,silent_wrong_output
3438,packed_s,1138,0,silent_wrong_output
3439,packed_s,1483,0,silent_wrong_output
3440,packed_s,32,5,silent_wrong_output
3441,pk,3094,6,validation_abort
3442,pk,2173,2,validation_abort
3443,packed_s,1266,2,silent_wrong_output
3444,pk,1903,2,validation_abort
3445,pk,1835,0,validation_abort
3446,pk,2430,7,validation_abort
3447,pk,2101,6,validation_abort
3448,pk,2592,0,validation_abort
3449,pk,2874,7,validation_abort
3450,pk,1557,7,validation_abort
3451,packed_s,896,7,silent_wrong_output
3452,pk,2908,4,validation_abort
3453,packed_s,591,7,silent_wrong_output
3454,pk,2518,6,validation_abort
3455,pk,1582,4,validation_abort
3456,packed_s,698,4,silent_wrong_output
3457,pk,2597,7,validation_abort
3458,pk,2129,0,validation_abort
3459,packed_s,566,7,silent_wrong_output
3460,packed_s,1164,4,silent_wrong_output
3461,H_pk,3134,4,validation_abort
3462,pk,2349,5,validation_abort
3463,packed_s,16,4,silent_wrong_output
3464,packed_s,405,0,silent_wrong_output
3465,pk,2771,1,validation_abort
3466,pk,2941,3,validation_abort
3467,pk,1782,0,validation_abort
3468,pk,2659,2,validation_abort
3469,packed_s,765,7,silent_wrong_output
3470,packed_s,1423,5,silent_wrong_output
3471,pk,2395,5,validation_abort
3472,packed_s,145,7,silent_wrong_output
3473,packed_s,1091,7,silent_wrong_output
3474,packed_s,1475,5,silent_wrong_output
3475,packed_s,1157,5,silent_wrong_output
3476,packed_s,1181,4,silent_wrong_output
3477,packed_s,1141,6,silent_wrong_output
3478,packed_s,1475,6,silent_wrong_output
3479,pk,2907,4,validation_abort
3480,packed_s,893,7,silent_wrong_output
3481,pk,1569,7,validation_abort
3482,packed_s,771,1,silent_wrong_output
3483,pk,2572,7,validation_abort
3484,packed_s,710,7,silent_wrong_output
3485,packed_s,647,3,silent_wrong_output
3486,pk,2075,2,validation_abort
3487,packed_s,325,4,silent_wrong_output
3488,packed_s,788,4,silent_wrong_output
3489,packed_s,340,3,silent_wrong_output
3490,packed_s,934,3,silent_wrong_output
3491,pk,1909,4,validation_abort
3492,packed_s,660,7,silent_wrong_output
3493,packed_s,64,3,silent_wrong_output
3494,pk,2946,4,validation_abort
3495,packed_s,661,0,silent_wrong_output
3496,packed_s,1509,4,silent_wrong_output
3497,packed_s,1200,5,silent_wrong_output
3498,pk,2917,0,validation_abort
3499,packed_s,1022,5,silent_wrong_output
3500,packed_s,1505,6,silent_wrong_output
3501,packed_s,1338,5,silent_wrong_output
3502,packed_s,1284,7,silent_wrong_output
3503,packed_s,1075,5,silent_wrong_output
3504,pk,2777,4,validation_abort
3505,packed_s,1446,5,silent_wrong_output
3506,packed_s,855,4,silent_wrong_output
3507,pk,1641,7,validation_abort
3508,packed_s,142,7,silent_wrong_output
3509,packed_s,124,2,silent_wrong_output
3510,z,3139,2,no_effect
3511,pk,2488,2,validation_abort
3512,pk,2184,1,validation_abort
3513,packed_s,1307,4,silent_wrong_output
3514,pk,1943,7,validation_abort
3515,packed_s,300,2,silent_wrong_output
3516,pk,3087,0,validation_abort
3517,pk,2651,2,validation_abort
3518,pk,2286,1,validation_abort
3519,pk,2288,1,validation_abort
3520,packed_s,1315,2,silent_wrong_output
3521,packed_s,2,1,silent_wrong_output
3522,pk,2563,4,validation_abort
3523,pk,2585,3,validation_abort
3524,pk,3014,3,validation_abort
3525,packed_s,789,1,silent_wrong_output
3526,packed_s,431,1,silent_wrong_output
3527,packed_s,350,4,silent_wrong_output
3528,pk,2590,2,validation_abort
3529,pk,2810,1,validation_abort
3530,pk,2204,0,validation_abort
3531,packed_s,1445,1,silent_wrong_output
3532,pk,2936,4,validation_abort
3533,pk,1758,7,validation_abort
3534,packed_s,377,3,silent_wrong_output
3535,pk,2537,6,validation_abort
3536,pk,2776,3,validation_abort
3537,packed_s,1137,2,silent_wrong_output
3538,packed_s,810,6,silent_wrong_output
3539,packed_s,81,5,silent_wrong_output
3540,pk,2510,3,validation_abort
3541,packed_s,1089,0,silent_wrong_output
3542,packed_s,1039,6,silent_wrong_output
3543,packed_s,827,4,silent_wrong_output
3544,packed_s,1011,7,silent_wrong_output
3545,pk,2517,1,validation_abort
3546,packed_s,1368,4,silent_wrong_output
3547,packed_s,1119,6,silent_wrong_output
3548,packed_s,1232,6,silent_wrong_output
3549,pk,1879,2,validation_abort
3550,pk,1739,1,validation_abort
3551,pk,2964,7,validation_abort
3552,packed_s,214,3,silent_wrong_output
3553,pk,1682,2,validation_abort
3554,packed_s,1028,4,silent_wrong_output
3555,packed_s,1268,6,silent_wrong_output
3556,pk,2247,2,validation_abort
3557,packed_s,1305,6,silent_wrong_output
3558,packed_s,1295,1,silent_wrong_output
3559,packed_s,27,6,silent_wrong_output
3560,pk,2917,1,validation_abort
3561,pk,2350,2,validation_abort
3562,pk,1916,3,validation_abort
3563,packed_s,442,7,silent_wrong_output
3564,pk,1648,1,validation_abort
3565,packed_s,1056,3,silent_wrong_output
3566,pk,2298,3,validation_abort
3567,pk,2266,7,validation_abort
3568,pk,2183,4,validation_abort
3569,packed_s,551,4,silent_wrong_output
3570,packed_s,529,0,silent_wrong_output
3571,pk,2971,3,validation_abort
3572,pk,2399,6,validation_abort
3573,packed_s,660,1,silent_wrong_output
3574,pk,1552,4,validation_abort
3575,pk,2703,4,validation_abort
3576,packed_s,542,3,silent_wrong_output
3577,packed_s,874,1,silent_wrong_output
3578,packed_s,214,3,silent_wrong_output
3579,pk,2926,4,validation_abort
3580,packed_s,72,6,silent_wrong_output
3581,packed_s,927,6,silent_wrong_output
3582,pk,2961,7,validation_abort
3583,packed_s,911,0,silent_wrong_output
3584,packed_s,1009,3,silent_wrong_output
3585,packed_s,74,5,silent_wrong_output
3586,packed_s,1276,1,silent_wrong_output
3587,pk,1615,6,validation_abort
3588,packed_s,338,7,silent_wrong_output
3589,packed_s,1427,3,silent_wrong_output
3590,pk,2892,0,validation_abort
3591,packed_s,1472,7,silent_wrong_output
3592,pk,1677,4,validation_abort
3593,pk,2163,1,validation_abort
3594,packed_s,44,3,silent_wrong_output
3595,packed_s,113,6,silent_wrong_output
3596,packed_s,1439,6,silent_wrong_output
3597,pk,1681,1,validation_abort
3598,pk,1610,7,validation_abort
3599,pk,2451,5,validation_abort
3600,packed_s,1083,4,silent_wrong_output
3601,pk,2579,2,validation_abort
3602,pk,1716,2,validation_abort
3603,pk,2255,2,validation_abort
3604,pk,2786,0,validation_abort
3605,pk,2473,5,validation_abort
3606,packed_s,274,6,silent_wrong_output
3607,pk,2927,7,validation_abort
3608,pk,2634,0,validation_abort
3609,pk,2765,1,validation_abort
3610,pk,2846,6,validation_abort
3611,pk,1928,1,validation_abort
3612,pk,2057,5,validation_abort
3613,pk,2004,7,validation_abort
3614,pk,2092,7,validation_abort
3615,packed_s,1033,7,silent_wrong_output
3616,packed_s,304,5,silent_wrong_output
3617,pk,2502,3,validation_abort
3618,pk,2418,0,validation_abort
3619,packed_s,202,3,silent_wrong_output
3620,packed_s,1222,3,silent_wrong_output
3621,pk,2243,2,validation_abort
3622,packed_s,809,7,silent_wrong_output
3623,packed_s,957,5,silent_wrong_output
3624,pk,1693,2,validation_abort
3625,pk,1849,2,validation_abort
3626,packed_s,223,2,silent_wrong_output
3627,pk,2725,2,validation_abort
3628,packed_s,501,4,silent_wrong_output
3629,pk,1848,1,validation_abort
3630,pk,1928,6,validation_abort
3631,packed_s,1095,0,silent_wrong_output
3632,pk,1545,4,validation_abort
3633,packed_s,848,7,silent_wrong_output
3634,pk,3096,5,validation_abort
3635,packed_s,625,3,silent_wrong_output
3636,packed_s,52,1,silent_wrong_output
3637,packed_s,264,7,silent_wrong_output
3638,packed_s,1518,7,silent_wrong_output
3639,packed_s,431,6,silent_wrong_output
3640,pk,3037,3,validation_abort
3641,pk,2251,5,validation_abort
3642,packed_s,189,2,silent_wrong_output
3643,packed_s,141,1,silent_wrong_output
3644,packed_s,499,0,silent_wrong_output
3645,packed_s,165,3,silent_wrong_output
3646,packed_s,956,6,silent_wrong_output
3647,packed_s,273,0,silent_wrong_output
3648,pk,2326,5,validation_abort
3649,packed_s,411,7,silent_wrong_output
3650,packed_s,1519,6,silent_wrong_output
3651,packed_s,1418,7,silent_wrong_output
3652,packed_s,640,0,silent_wrong_output
3653,packed_s,1115,5,silent_wrong_output
3654,pk,3086,1,validation_abort
3655,pk,2635,6,validation_abort
3656,packed_s,1270,4,silent_wrong_output
3657,packed_s,293,0,silent_wrong_output
3658,packed_s,870,7,silent_wrong_output
3659,pk,2030,3,validation_abort
3660,pk,2297,0,validation_abort
3661,pk,2263,7,validation_abort
3662,pk,1689,3,validation_abort
3663,pk,1745,3,validation_abort
3664,pk,3096,1,validation_abort
3665,pk,2772,3,validation_abort
3666,packed_s,324,0,silent_wrong_output
3667,packed_s,755,7,silent_wrong_output
3668,packed_s,654,6,silent_wrong_output
3669,pk,2103,2,validation_abort
3670,packed_s,1090,4,silent_wrong_output
3671,pk,2711,1,validation_abort
3672,pk,1709,6,validation_abort
3673,packed_s,843,7,silent_wrong_output
3674,packed_s,338,3,silent_wrong_output
3675,packed_s,1353,7,silent_wrong_output
3676,packed_s,1086,6,silent_wrong_output
3677,pk,1743,3,validation_abort
3678,packed_s,43,1,silent_wrong_output
3679,packed_s,391,5,silent_wrong_output
3680,z,3137,5,no_effect
3681,packed_s,275,7,silent_wrong_output
3682,packed_s,134,4,silent_wrong_output
3683,pk,1767,7,validation_abort
3684,packed_s,586,1,silent_wrong_output
3685,pk,2478,1,validation_abort
3686,pk,2838,2,validation_abort
3687,packed_s,1405,7,silent_wrong_output
3688,packed_s,207,6,silent_wrong_output
3689,packed_s,950,1,silent_wrong_output
3690,pk,2586,7,validation_abort
3691,pk,2072,4,validation_abort
3692,pk,3075,0,validation_abort
3693,pk,2138,1,validation_abort
3694,pk,3007,0,validation_abort
3695,packed_s,1216,7,silent_wrong_output
3696,pk,1703,6,validation_abort
3697,packed_s,300,4,silent_wrong_output
3698,pk,1679,6,validation_abort
3699,packed_s,165,1,silent_wrong_output
3700,pk,2529,7,validation_abort
3701,packed_s,602,7,silent_wrong_output
3702,pk,2102,2,validation_abort
3703,packed_s,306,6,silent_wrong_output
3704,packed_s,559,0,silent_wrong_output
3705,packed_s,1062,3,silent_wrong_output
3706,packed_s,44,0,silent_wrong_output
3707,pk,2012,3,validation_abort
3708,pk,2786,0,validation_abort
3709,packed_s,778,3,silent_wrong_output
3710,packed_s,1219,3,silent_wrong_output
3711,pk,2973,3,validation_abort
3712,packed_s,802,0,silent_wrong_output
3713,packed_s,413,2,silent_wrong_output
3714,pk,1939,0,validation_abort
3715,packed_s,443,4,silent_wrong_output
3716,pk,1919,3,validation_abort
3717,packed_s,523,7,silent_wrong_output
3718,pk,2960,5,validation_abort
3719,packed_s,302,3,silent_wrong_output
3720,pk,2737,0,validation_abort
3721,pk,3055,5,validation_abort
3722,pk,2857,1,validation_abort
3723,packed_s,600,4,silent_wrong_output
3724,pk,2438,4,validation_abort
3725,packed_s,1026,2,silent_wrong_output
3726,pk,1612,4,validation_abort
3727,pk,1945,4,validation_abort
3728,packed_s,314,0,silent_wrong_output
3729,pk,2558,7,validation_abort
3730,pk,2774,5,validation_abort
3731,packed_s,252,0,silent_wrong_output
3732,pk,1974,2,validation_abort
3733,packed_s,1264,5,silent_wrong_output
3734,pk,2924,4,validation_abort
3735,pk,2846,1,validation_abort
3736,pk,2725,2,validation_abort
3737,pk,1951,3,validation_abort
3738,packed_s,562,4,silent_wrong_output
3739,packed_s,974,3,silent_wrong_output
3740,packed_s,739,0,silent_wrong_output
3741,pk,3015,6,validation_abort
3742,pk,2735,4,validation_abort
3743,packed_s,1305,5,silent_wrong_output
3744,packed_s,126,2,silent_wrong_output
3745,packed_s,194,2,silent_wrong_output
3746,packed_s,1312,7,silent_wrong_output
3747,pk,1552,6,validation_abort
3748,pk,3089,5,validation_abort
3749,pk,2100,2,validation_abort
3750,packed_s,780,5,silent_wrong_output
3751,pk,1636,2,validation_abort
3752,pk,1638,7,validation_abort
3753,pk,2619,0,validation_abort
3754,packed_s,720,2,silent_wrong_output
3755,pk,2969,3,validation_abort
3756,packed_s,1356,2,silent_wrong_output
3757,z,3152,7,no_effect
3758,pk,2041,0,validation_abort
3759,pk,1909,1,validation_abort
3760,pk,2928,0,validation_abort
3761,pk,1972,3,validation_abort
3762,packed_s,506,6,silent_wrong_output
3763,pk,2275,3,validation_abort
3764,packed_s,997,0,silent_wrong_output
3765,pk,2386,2,validation_abort
3766,packed_s,833,3,silent_wrong_output
3767,pk,2790,5,validation_abort
3768,packed_s,1329,6,silent_wrong_output
3769,pk,1688,5,validation_abort
3770,packed_s,178,1,silent_wrong_output
3771,packed_s,53,0,silent_wrong_output
3772,pk,2319,6,validation_abort
3773,packed_s,194,6,silent_wrong_output
3774,pk,1629,3,validation_abort
3775,pk,2136,0,validation_abort
3776,pk,2453,7,validation_abort
3777,pk,2116,0,validation_abort
3778,pk,1963,1,validation_abort
3779,pk,2336,1,validation_abort
3780,packed_s,434,1,silent_wrong_output
3781,pk,2178,1,validation_abort
3782,packed_s,1116,2,silent_wrong_output
3783,pk,2658,0,validation_abort
3784,pk,2562,2,validation_abort
3785,packed_s,905,0,silent_wrong_output
3786,pk,2254,5,validation_abort
3787,packed_s,773,4,silent_wrong_output
3788,pk,2421,5,validation_abort
3789,packed_s,778,6,silent_wrong_output
3790,packed_s,679,5,silent_wrong_output
3791,pk,2803,4,validation_abort
3792,packed_s,546,7,silent_wrong_output
3793,pk,1649,3,validation_abort
3794,pk,2917,4,validation_abort
3795,pk,3010,0,validation_abort
3796,pk,1880,4,validation_abort
3797,pk,1657,7,validation_abort
3798,pk,1696,4,validation_abort
3799,packed_s,493,1,silent_wrong_output
3800,pk,1743,5,validation_abort
3801,pk,1717,0,validation_abort
3802,packed_s,217,7,silent_wrong_output
3803,packed_s,149,6,silent_wrong_output
3804,packed_s,816,3,silent_wrong_output
3805,pk,2858,5,validation_abort
3806,packed_s,764,4,silent_wrong_output
3807,packed_s,1036,2,silent_wrong_output
3808,packed_s,656,3,silent_wrong_output
3809,packed_s,1151,1,silent_wrong_output
3810,pk,1858,0,validation_abort
3811,pk,2519,0,validation_abort
3812,packed_s,800,5,silent_wrong_output
3813,packed_s,406,2,silent_wrong_output
3814,pk,2303,1,validation_abort
3815,H_pk,3122,7,validation_abort
3816,packed_s,623,2,silent_wrong_output
3817,packed_s,641,6,silent_wrong_output
3818,pk,1907,6,validation_abort
3819,pk,2215,4,validation_abort
3820,packed_s,340,5,silent_wrong_output
3821,packed_s,1331,1,silent_wrong_output
3822,pk,2973,1,validation_abort
3823,packed_s,80,5,silent_wrong_output
3824,pk,3094,0,validation_abort
3825,pk,2836,3,validation_abort
3826,packed_s,1133,0,silent_wrong_output
3827,packed_s,16,7,silent_wrong_output
3828,packed_s,85,3,silent_wrong_output
3829,pk,2445,7,validation_abort
3830,pk,3090,7,validation_abort
3831,pk,2116,6,validation_abort
3832,pk,1601,0,validation_abort
3833,packed_s,236,0,silent_wrong_output
3834,pk,2134,7,validation_abort
3835,pk,2953,4,validation_abort
3836,pk,1763,4,validation_abort
3837,pk,1569,7,validation_abort
3838,pk,2737,6,validation_abort
3839,pk,2268,7,validation_abort
3840,pk,2697,0,validation_abort
3841,pk,1556,5,validation_abort
3842,packed_s,766,6,silent_wrong_output
3843,packed_s,547,2,silent_wrong_output
3844,pk,2140,1,validation_abort
3845,packed_s,1534,2,silent_wrong_output
3846,pk,2975,3,validation_abort
3847,pk,1569,2,validation_abort
3848,packed_s,4,7,silent_wrong_output
3849,pk,1543,7,validation_abort
3850,pk,2383,5,validation_abort
3851,pk,1666,5,validation_abort
3852,packed_s,1423,6,silent_wrong_output
3853,pk,1922,4,validation_abort
3854,pk,2625,4,validation_abort
3855,pk,2830,6,validation_abort
3856,pk,1810,2,validation_abort
3857,packed_s,575,7,silent_wrong_output
3858,packed_s,1397,7,silent_wrong_output
3859,pk,2978,0,validation_abort
3860,packed_s,1434,7,silent_wrong_output
3861,pk,1624,3,validation_abort
3862,packed_s,1219,3,silent_wrong_output
3863,packed_s,1254,1,silent_wrong_output
3864,pk,2161,6,validation_abort
3865,pk,1977,1,validation_abort
3866,pk,2544,3,validation_abort
3867,packed_s,43,2,silent_wrong_output
3868,packed_s,378,7,silent_wrong_output
3869,pk,1711,4,validation_abort
3870,pk,2438,1,validation_abort
3871,packed_s,277,7,silent_wrong_output
3872,pk,1947,3,validation_abort
3873,pk,3029,6,validation_abort
3874,pk,2608,6,validation_abort
3875,packed_s,1143,1,silent_wrong_output
3876,pk,2367,0,validation_abort
3877,pk,1691,6,validation_abort
3878,packed_s,918,5,silent_wrong_output
3879,pk,2014,3,validation_abort
3880,packed_s,479,3,silent_wrong_output
3881,pk,1695,3,validation_abort
3882,packed_s,854,1,silent_wrong_output
3883,packed_s,720,7,silent_wrong_output
3884,packed_s,888,0,silent_wrong_output
3885,packed_s,376,4,silent_wrong_output
3886,packed_s,1358,6,silent_wrong_output
3887,packed_s,836,6,silent_wrong_output
3888,pk,3043,1,validation_abort
3889,packed_s,476,3,silent_wrong_output
3890,packed_s,773,4,silent_wrong_output
3891,packed_s,1273,3,silent_wrong_output
3892,packed_s,539,3,silent_wrong_output
3893,pk,1760,1,validation_abort
3894,pk,2140,2,validation_abort
3895,H_pk,3120,0,validation_abort
3896,packed_s,896,6,silent_wrong_output
3897,packed_s,1429,6,silent_wrong_output
3898,pk,2395,6,validation_abort
3899,pk,2584,5,validation_abort
3900,pk,2614,6,validation_abort
3901,packed_s,337,7,silent_wrong_output
3902,pk,2574,3,validation_abort
3903,pk,2070,5,validation_abort
3904,pk,2250,5,validation_abort
3905,packed_s,1408,3,silent_wrong_output
3906,pk,2064,5,validation_abort
3907,packed_s,1176,7,silent_wrong_output
3908,packed_s,515,6,silent_wrong_output
3909,pk,2716,4,validation_abort
3910,packed_s,411,7,silent_wrong_output
3911,packed_s,1468,3,silent_wrong_output
3912,packed_s,113,1,silent_wrong_output
3913,pk,2481,2,validation_abort
3914,pk,2052,3,validation_abort
3915,packed_s,346,1,silent_wrong_output
3916,pk,2417,0,validation_abort
3917,pk,2226,1,validation_abort
3918,packed_s,1074,0,silent_wrong_output
3919,packed_s,816,6,silent_wrong_output
3920,packed_s,1312,3,silent_wrong_output
3921,packed_s,827,3,silent_wrong_output
3922,pk,2415,3,validation_abort
3923,pk,2835,2,validation_abort
3924,packed_s,944,2,silent_wrong_output
3925,pk,2502,3,validation_abort
3926,pk,2714,5,validation_abort
3927,pk,2066,7,validation_abort
3928,packed_s,988,3,silent_wrong_output
3929,packed_s,1504,2,silent_wrong_output
3930,pk,2502,3,validation_abort
3931,packed_s,142,5,silent_wrong_output
3932,pk,2067,2,validation_abort
3933,pk,2391,5,validation_abort
3934,packed_s,1432,4,silent_wrong_output
3935,packed_s,203,5,silent_wrong_output
3936,packed_s,596,6,silent_wrong_output
3937,pk,1739,4,validation_abort
3938,pk,1927,2,validation_abort
3939,packed_s,1301,3,silent_wrong_output
3940,pk,1661,3,validation_abort
3941,pk,2411,2,validation_abort
3942,pk,2796,0,validation_abort
3943,packed_s,1309,5,silent_wrong_output
3944,pk,1646,0,validation_abort
3945,packed_s,1200,6,silent_wrong_output
3946,packed_s,1177,4,silent_wrong_output
3947,pk,2632,5,validation_abort
3948,pk,2475,6,validation_abort
3949,pk,2782,2,validation_abort
3950,packed_s,1082,7,silent_wrong_output
3951,pk,2208,0,validation_abort
3952,pk,1856,6,validation_abort
3953,pk,2979,0,validation_abort
3954,packed_s,1175,0,silent_wrong_output
3955,packed_s,609,5,silent_wrong_output
3956,packed_s,740,3,silent_wrong_output
3957,packed_s,1513,6,silent_wrong_output
3958,packed_s,1157,2,silent_wrong_output
3959,pk,1860,0,validation_abort
3960,pk,1774,3,validation_abort
3961,pk,2830,4,validation_abort
3962,packed_s,544,4,silent_wrong_output
3963,pk,1608,3,validation_abort
3964,pk,1647,7,validation_abort
3965,packed_s,409,7,silent_wrong_output
3966,pk,1833,3,validation_abort
3967,packed_s,1331,7,silent_wrong_output
3968,packed_s,1245,2,silent_wrong_output
3969,pk,1867,2,validation_abort
3970,packed_s,1014,3,silent_wrong_output
3971,packed_s,1019,5,silent_wrong_output
3972,pk,2321,0,validation_abort
3973,packed_s,72,5,silent_wrong_output
3974,packed_s,1090,0,silent_wrong_output
3975,packed_s,558,6,silent_wrong_output
3976,packed_s,502,3,silent_wrong_output
3977,pk,2168,6,validation_abort
3978,packed_s,649,5,silent_wrong_output
3979,pk,2782,7,validation_abort
3980,pk,2327,1,validation_abort
3981,pk,2905,0,validation_abort
3982,pk,1693,4,validation_abort
3983,packed_s,500,2,silent_wrong_output
3984,pk,2044,5,validation_abort
3985,pk,2545,5,validation_abort
3986,packed_s,10,4,silent_wrong_output
3987,pk,1732,7,validation_abort
3988,packed_s,726,1,silent_wrong_output
3989,packed_s,520,0,silent_wrong_output
3990,pk,1667,3,validation_abort
3991,pk,2505,6,validation_abort
3992,pk,2095,0,validation_abort
3993,packed_s,1153,6,silent_wrong_output
3994,pk,2623,4,validation_abort
3995,pk,1748,1,validation_abort
3996,packed_s,1444,6,silent_wrong_output
3997,pk,1837,7,validation_abort
3998,pk,2577,3,validation_abort
3999,pk,2674,3,validation_abort
4000,packed_s,1371,7,silent_wrong_output
4001,packed_s,943,4,silent_wrong_output
4002,pk,2387,6,validation_abort
4003,packed_s,1531,1,silent_wrong_output
4004,pk,1712,5,validation_abort
4005,pk,2114,2,validation_abort
4006,packed_s,399,5,silent_wrong_output
4007,packed_s,995,6,silent_wrong_output
4008,packed_s,1258,4,silent_wrong_output
4009,packed_s,272,3,silent_wrong_output
4010,packed_s,1175,2,silent_wrong_output
4011,packed_s,414,6,silent_wrong_output
4012,pk,2005,2,validation_abort
4013,packed_s,971,2,silent_wrong_output
4014,packed_s,314,6,silent_wrong_output
4015,pk,2122,3,validation_abort
4016,packed_s,185,4,silent_wrong_output
4017,packed_s,183,2,silent_wrong_output
4018,packed_s,437,6,silent_wrong_output
4019,pk,2359,6,validation_abort
4020,packed_s,1237,5,silent_wrong_output
4021,pk,2647,3,validation_abort
4022,pk,2059,2,validation_abort
4023,packed_s,1472,7,silent_wrong_output
4024,pk,2356,2,validation_abort
4025,pk,2513,5,validation_abort
4026,packed_s,951,2,silent_wrong_output
4027,packed_s,302,2,silent_wrong_output
4028,packed_s,1195,6,silent_wrong_output
4029,pk,2374,3,validation_abort
4030,packed_s,1297,3,silent_wrong_output
4031,pk,3009,5,validation_abort
4032,packed_s,865,7,silent_wrong_output
4033,pk,2161,2,validation_abort
4034,packed_s,244,3,silent_wrong_output
4035,packed_s,1410,5,silent_wrong_output
4036,packed_s,32,2,silent_wrong_output
4037,pk,2141,3,validation_abort
4038,packed_s,503,0,silent_wrong_output
4039,packed_s,1043,4,silent_wrong_output
4040,packed_s,1146,2,silent_wrong_output
4041,packed_s,1463,2,silent_wrong_output
4042,packed_s,558,3,silent_wrong_output
4043,packed_s,600,3,silent_wrong_output
4044,packed_s,1251,7,silent_wrong_output
4045,pk,1831,3,validation_abort
4046,pk,2359,2,validation_abort
4047,packed_s,1418,2,silent_wrong_output
4048,pk,2304,1,validation_abort
4049,packed_s,1102,3,silent_wrong_output
4050,pk,1742,6,validation_abort
4051,packed_s,1494,3,silent_wrong_output
4052,packed_s,1285,5,silent_wrong_output
4053,pk,2794,1,validation_abort
4054,packed_s,785,5,silent_wrong_output
4055,pk,1667,0,validation_abort
4056,packed_s,238,3,silent_wrong_output
4057,pk,2747,4,validation_abort
4058,packed_s,362,7,silent_wrong_output
4059,pk,1618,3,validation_abort
4060,packed_s,1089,5,silent_wrong_output
4061,pk,2032,1,validation_abort
4062,packed_s,231,7,silent_wrong_output
4063,pk,1994,2,validation_abort
4064,packed_s,373,4,silent_wrong_output
4065,pk,2375,6,validation_abort
4066,pk,1945,0,validation_abort
4067,packed_s,441,3,silent_wrong_output
4068,packed_s,333,0,silent_wrong_output
4069,pk,1712,5,validation_abort
4070,pk,2229,0,validation_abort
4071,packed_s,65,7,silent_wrong_output
4072,packed_s,1306,1,silent_wrong_output
4073,pk,2618,0,validation_abort
4074,pk,2416,5,validation_abort
4075,packed_s,129,3,silent_wrong_output
4076,packed_s,32,7,silent_wrong_output
4077,pk,1760,5,validation_abort
4078,H_pk,3125,4,validation_abort
4079,pk,3101,7,validation_abort
4080,packed_s,480,3,silent_wrong_output
4081,pk,1807,6,validation_abort
4082,pk,2011,5,validation_abort
4083,pk,2615,6,validation_abort
4084,pk,2760,7,validation_abort
4085,pk,2438,5,validation_abort
4086,pk,2702,4,validation_abort
4087,pk,1823,2,validation_abort
4088,packed_s,615,4,silent_wrong_output
4089,packed_s,820,2,silent_wrong_output
4090,packed_s,701,0,silent_wrong_output
4091,pk,2252,2,validation_abort
4092,packed_s,799,0,silent_wrong_output
4093,packed_s,949,5,silent_wrong_output
4094,pk,1706,3,validation_abort
4095,pk,2773,3,validation_abort
4096,packed_s,1451,7,silent_wrong_output
4097,packed_s,156,4,silent_wrong_output
4098,packed_s,1352,0,silent_wrong_output
4099,packed_s,437,5,silent_wrong_output
4100,packed_s,515,7,silent_wrong_output
4101,pk,2291,4,validation_abort
4102,packed_s,1530,4,silent_wrong_output
4103,pk,2112,2,validation_abort
4104,pk,2073,0,validation_abort
4105,packed_s,301,2,silent_wrong_output
4106,pk,2364,7,validation_abort
4107,packed_s,256,3,silent_wrong_output
4108,packed_s,309,6,silent_wrong_output
4109,pk,2051,3,validation_abort
4110,pk,2774,2,validation_abort
4111,packed_s,544,6,silent_wrong_output
4112,packed_s,375,3,silent_wrong_output
4113,packed_s,571,3,silent_wrong_output
4114,pk,2828,0,validation_abort
4115,pk,1650,2,validation_abort
4116,pk,1855,4,validation_abort
4117,packed_s,962,6,silent_wrong_output
4118,packed_s,1071,5,silent_wrong_output
4119,pk,2786,6,validation_abort
4120,packed_s,727,4,silent_wrong_output
4121,packed_s,596,1,silent_wrong_output
4122,packed_s,147,7,silent_wrong_output
4123,packed_s,1329,1,silent_wrong_output
4124,packed_s,1234,2,silent_wrong_output
4125,packed_s,995,6,silent_wrong_output
4126,pk,2154,2,validation_abort
4127,packed_s,397,3,silent_wrong_output
4128,packed_s,1407,2,silent_wrong_output
4129,pk,2535,1,validation_abort
4130,packed_s,1070,4,silent_wrong_output
4131,packed_s,776,3,silent_wrong_output
4132,pk,1581,6,validation_abort
4133,packed_s,735,0,silent_wrong_output
4134,packed_s,1225,7,silent_wrong_output
4135,packed_s,1347,3,silent_wrong_output
4136,pk,2309,7,validation_abort
4137,packed_s,1167,4,silent_wrong_output
4138,packed_s,1295,4,silent_wrong_output
4139,packed_s,1276,7,silent_wrong_output
4140,pk,1828,1,validation_abort
4141,packed_s,1091,6,silent_wrong_output
4142,packed_s,1475,5,silent_wrong_output
4143,pk,1618,3,validation_abort
4144,packed_s,1298,5,silent_wrong_output
4145,pk,2169,2,validation_abort
4146,pk,3033,3,validation_abort
4147,pk,2099,6,validation_abort
4148,packed_s,572,0,silent_wrong_output
4149,pk,1639,5,validation_abort
4150,packed_s,1190,6,silent_wrong_output
4151,packed_s,15,2,silent_wrong_output
4152,pk,1885,4,validation_abort
4153,pk,3029,2,validation_abort
4154,packed_s,628,7,silent_wrong_output
4155,pk,2597,0,validation_abort
4156,packed_s,931,5,silent_wrong_output
4157,packed_s,182,1,silent_wrong_output
4158,packed_s,117,1,silent_wrong_output
4159,pk,1811,0,validation_abort
4160,packed_s,940,4,silent_wrong_output
4161,pk,1580,2,validation_abort
4162,packed_s,495,1,silent_wrong_output
4163,packed_s,425,7,silent_wrong_output
4164,packed_s,494,2,silent_wrong_output
4165,packed_s,177,2,silent_wrong_output
4166,packed_s,555,7,silent_wrong_output
4167,pk,2107,2,validation_abort
4168,pk,1834,1,validation_abort
4169,pk,2585,2,validation_abort
4170,pk,2058,2,validation_abort
4171,pk,2247,4,validation_abort
4172,pk,2365,3,validation_abort
4173,packed_s,176,5,silent_wrong_output
4174,pk,3089,4,validation_abort
4175,pk,1684,5,validation_abort
4176,packed_s,1388,2,silent_wrong_output
4177,pk,1594,5,validation_abort
4178,pk,2599,5,validation_abort
4179,packed_s,980,5,silent_wrong_output
4180,packed_s,200,6,silent_wrong_output
4181,packed_s,1161,6,silent_wrong_output
4182,pk,2266,7,validation_abort
4183,packed_s,1395,6,silent_wrong_output
4184,packed_s,955,1,silent_wrong_output
4185,packed_s,90,3,silent_wrong_output
4186,pk,2231,4,validation_abort
4187,packed_s,1253,1,silent_wrong_output
4188,packed_s,269,5,silent_wrong_output
4189,pk,1772,5,validation_abort
4190,pk,2520,1,validation_abort
4191,packed_s,1075,7,silent_wrong_output
4192,pk,1623,3,validation_abort
4193,packed_s,872,3,silent_wrong_output
4194,pk,2874,3,validation_abort
4195,packed_s,929,1,silent_wrong_output
4196,packed_s,748,6,silent_wrong_output
4197,pk,1784,4,validation_abort
4198,pk,2719,4,validation_abort
4199,pk,2011,7,validation_abort
4200,pk,2952,1,validation_abort
4201,packed_s,1345,7,silent_wrong_output
4202,pk,1941,1,validation_abort
4203,packed_s,163,5,silent_wrong_output
4204,packed_s,341,5,silent_wrong_output
4205,pk,2475,3,validation_abort
4206,pk,2363,4,validation_abort
4207,z,3154,3,no_effect
4208,packed_s,342,2,silent_wrong_output
4209,packed_s,54,6,silent_wrong_output
4210,pk,2949,2,validation_abort
4211,packed_s,383,2,silent_wrong_output
4212,pk,2249,3,validation_abort
4213,pk,2562,4,validation_abort
4214,packed_s,1054,0,silent_wrong_output
4215,packed_s,130,1,silent_wrong_output
4216,packed_s,474,3,silent_wrong_output
4217,pk,1728,6,validation_abort
4218,pk,1927,4,validation_abort
4219,packed_s,957,3,silent_wrong_output
4220,pk,1572,4,validation_abort
4221,packed_s,1482,0,silent_wrong_output
4222,pk,2693,4,validation_abort
4223,pk,1662,4,validation_abort
4224,packed_s,312,2,silent_wrong_output
4225,packed_s,985,6,silent_wrong_output
4226,packed_s,740,7,silent_wrong_output
4227,pk,2449,4,validation_abort
4228,packed_s,1378,6,silent_wrong_output
4229,pk,1713,1,validation_abort
4230,packed_s,1,3,silent_wrong_output
4231,pk,2666,2,validation_abort
4232,packed_s,38,6,silent_wrong_output
4233,pk,2236,3,validation_abort
4234,packed_s,440,6,silent_wrong_output
4235,H_pk,3112,2,validation_abort
4236,packed_s,1362,3,silent_wrong_output
4237,pk,2119,7,validation_abort
4238,pk,2771,0,validation_abort
4239,pk,2018,4,validation_abort
4240,pk,2385,5,validation_abort
4241,pk,1694,1,validation_abort
4242,pk,2877,5,validation_abort
4243,pk,2076,6,validation_abort
4244,packed_s,1350,2,silent_wrong_output
4245,packed_s,1066,7,silent_wrong_output
4246,packed_s,1484,7,silent_wrong_output
4247,packed_s,1322,2,silent_wrong_output
4248,z,3146,1,no_effect
4249,pk,1946,7,validation_abort
4250,pk,1734,2,validation_abort
4251,packed_s,555,0,silent_wrong_output
4252,pk,1658,3,validation_abort
4253,packed_s,222,4,silent_wrong_output
4254,packed_s,101,1,silent_wrong_output
4255,packed_s,1306,2,silent_wrong_output
4256,pk,2809,5,validation_abort
4257,packed_s,908,1,silent_wrong_output
4258,packed_s,374,5,silent_wrong_output
4259,packed_s,674,0,silent_wrong_output
4260,pk,2622,1,validation_abort
4261,packed_s,508,7,silent_wrong_output
4262,pk,2242,7,validation_abort
4263,pk,2070,3,validation_abort
4264,packed_s,145,6,silent_wrong_output
4265,pk,2012,0,validation_abort
4266,packed_s,1366,4,silent_wrong_output
4267,pk,2062,3,validation_abort
4268,pk,1788,3,validation_abort
4269,pk,2060,1,validation_abort
4270,pk,2741,7,validation_abort
4271,pk,2654,1,validation_abort
4272,packed_s,350,4,silent_wrong_output
4273,pk,2105,1,validation_abort
4274,packed_s,735,0,silent_wrong_output
4275,packed_s,1059,3,silent_wrong_output
4276,pk,1696,7,validation_abort
4277,pk,2403,7,validation_abort
4278,pk,2833,1,validation_abort
4279,packed_s,1025,6,silent_wrong_output
4280,packed_s,587,0,silent_wrong_output
4281,packed_s,397,7,silent_wrong_output
4282,packed_s,601,2,silent_wrong_output
4283,packed_s,1169,0,silent_wrong_output
4284,pk,2713,1,validation_abort
4285,pk,2651,2,validation_abort
4286,pk,2029,7,validation_abort
4287,H_pk,3118,7,validation_abort
4288,packed_s,1036,1,silent_wrong_output
4289,pk,2749,7,validation_abort
4290,packed_s,756,4,silent_wrong_output
4291,pk,1621,7,validation_abort
4292,z,3138,0,no_effect
4293,packed_s,737,5,silent_wrong_output
4294,packed_s,823,5,silent_wrong_output
4295,pk,2889,1,validation_abort
4296,packed_s,1045,0,silent_wrong_output
4297,packed_s,279,5,silent_wrong_output
4298,H_pk,3127,2,validation_abort
4299,packed_s,187,5,silent_wrong_output
4300,packed_s,265,0,silent_wrong_output
4301,pk,2048,7,validation_abort
4302,packed_s,1320,2,silent_wrong_output
4303,packed_s,504,0,silent_wrong_output
4304,packed_s,340,1,silent_wrong_output
4305,pk,1894,4,validation_abort
4306,packed_s,223,3,silent_wrong_output
4307,packed_s,323,2,silent_wrong_output
4308,packed_s,1284,3,silent_wrong_output
4309,pk,2345,4,validation_abort
4310,packed_s,89,6,silent_wrong_output
4311,packed_s,727,4,silent_wrong_output
4312,packed_s,965,3,silent_wrong_output
4313,pk,2430,0,validation_abort
4314,pk,2252,5,validation_abort
4315,pk,1757,3,validation_abort
4316,packed_s,1348,6,silent_wrong_output
4317,pk,2839,7,validation_abort
4318,packed_s,594,4,silent_wrong_output
4319,pk,2877,6,validation_abort
4320,packed_s,703,1,silent_wrong_output
4321,packed_s,739,6,silent_wrong_output
4322,pk,2430,0,validation_abort
4323,packed_s,1266,6,silent_wrong_output
4324,packed_s,5,3,silent_wrong_output
4325,packed_s,383,7,silent_wrong_output
4326,packed_s,1323,2,silent_wrong_output
4327,packed_s,148,5,silent_wrong_output
4328,pk,2667,6,validation_abort
4329,packed_s,204,1,silent_wrong_output
4330,pk,2412,4,validation_abort
4331,pk,2306,2,validation_abort
4332,packed_s,1410,0,silent_wrong_output
4333,pk,2722,7,validation_abort
4334,pk,3033,7,validation_abort
4335,packed_s,1261,4,silent_wrong_output
4336,pk,1744,1,validation_abort
4337,packed_s,141,7,silent_wrong_output
4338,packed_s,597,5,silent_wrong_output
4339,packed_s,1229,2,silent_wrong_output
4340,pk,1679,7,validation_abort
4341,pk,1641,6,validation_abort
4342,packed_s,426,1,silent_wrong_output
4343,pk,2545,2,validation_abort
4344,packed_s,308,5,silent_wrong_output
4345,packed_s,73,1,silent_wrong_output
4346,packed_s,1150,6,silent_wrong_output
4347,packed_s,1511,5,silent_wrong_output
4348,pk,1869,4,validation_abort
4349,pk,2705,4,validation_abort
4350,pk,2276,5,validation_abort
4351,pk,1612,5,validation_abort
4352,packed_s,979,2,silent_wrong_output
4353,pk,1713,7,validation_abort
4354,packed_s,711,2,silent_wrong_output
4355,packed_s,1258,3,silent_wrong_output
4356,pk,1932,3,validation_abort
4357,packed_s,275,2,silent_wrong_output
4358,pk,2807,2,validation_abort
4359,pk,1741,7,validation_abort
4360,packed_s,723,1,silent_wrong_output
4361,z,3140,3,no_effect
4362,pk,1971,4,validation_abort
4363,packed_s,1184,1,silent_wrong_output
4364,pk,1969,6,validation_abort
4365,packed_s,448,2,silent_wrong_output
4366,packed_s,1337,2,silent_wrong_output
4367,pk,2220,0,validation_abort
4368,pk,2359,7,validation_abort
4369,packed_s,592,5,silent_wrong_output
4370,pk,1989,7,validation_abort
4371,pk,2917,1,validation_abort
4372,H_pk,3134,6,validation_abort
4373,packed_s,64,7,silent_wrong_output
4374,packed_s,481,6,silent_wrong_output
4375,pk,1893,0,validation_abort
4376,pk,2483,7,validation_abort
4377,pk,2838,2,validation_abort
4378,packed_s,633,0,silent_wrong_output
4379,packed_s,548,5,silent_wrong_output
4380,packed_s,70,4,silent_wrong_output
4381,packed_s,948,6,silent_wrong_output
4382,packed_s,444,0,silent_wrong_output
4383,z,3151,1,no_effect
4384,pk,2615,6,validation_abort
4385,pk,2161,2,validation_abort
4386,pk,1586,5,validation_abort
4387,packed_s,308,3,silent_wrong_output
4388,packed_s,752,2,silent_wrong_output
4389,packed_s,245,3,silent_wrong_output
4390,packed_s,349,1,silent_wrong_output
4391,packed_s,265,5,silent_wrong_output
4392,pk,2503,6,validation_abort
4393,packed_s,1277,3,silent_wrong_output
4394,pk,2616,6,validation_abort
4395,pk,2257,2,validation_abort
4396,pk,2847,1,validation_abort
4397,packed_s,33,1,silent_wrong_output
4398,packed_s,821,7,silent_wrong_output
4399,pk,2009,5,validation_abort
4400,pk,2236,0,validation_abort
4401,packed_s,1264,3,silent_wrong_output
4402,packed_s,734,1,silent_wrong_output
4403,pk,1631,6,validation_abort
4404,packed_s,713,0,silent_wrong_output
4405,packed_s,678,6,silent_wrong_output
4406,packed_s,1119,3,silent_wrong_output
4407,pk,1848,4,validation_abort
4408,pk,2742,2,validation_abort
4409,pk,1586,6,validation_abort
4410,pk,1910,6,validation_abort
4411,pk,2834,5,validation_abort
4412,pk,1614,6,validation_abort
4413,pk,1844,5,validation_abort
4414,pk,2157,4,validation_abort
4415,packed_s,775,2,silent_wrong_output
4416,pk,1645,0,validation_abort
4417,packed_s,942,0,silent_wrong_output
4418,packed_s,59,6,silent_wrong_output
4419,packed_s,508,5,silent_wrong_output
4420,pk,2884,0,validation_abort
4421,packed_s,183,7,silent_wrong_output
4422,packed_s,800,4,silent_wrong_output
4423,pk,1637,2,validation_abort
4424,packed_s,645,5,silent_wrong_output
4425,pk,2723,3,validation_abort
4426,pk,1580,0,validation_abort
4427,packed_s,1386,4,silent_wrong_output
4428,pk,2114,2,validation_abort
4429,pk,2904,1,validation_abort
4430,packed_s,977,3,silent_wrong_output
4431,pk,1652,6,validation_abort
4432,pk,1685,4,validation_abort
4433,pk,2722,7,validation_abort
4434,packed_s,156,6,silent_wrong_output
4435,pk,2138,1,validation_abort
4436,pk,2550,3,validation_abort
4437,packed_s,268,6,silent_wrong_output
4438,pk,2334,2,validation_abort
4439,packed_s,1248,2,silent_wrong_output
4440,packed_s,1532,0,silent_wrong_output
4441,pk,1633,3,validation_abort
4442,pk,2540,4,validation_abort
4443,packed_s,427,1,silent_wrong_output
4444,packed_s,1298,0,silent_wrong_output
4445,pk,2394,7,validation_abort
4446,packed_s,1528,6,silent_wrong_output
4447,packed_s,1455,0,silent_wrong_output
4448,packed_s,1400,5,silent_wrong_output
4449,packed_s,1232,7,silent_wrong_output
4450,packed_s,920,0,silent_wrong_output
4451,pk,3071,1,validation_abort
4452,packed_s,416,4,silent_wrong_output
4453,pk,3052,4,validation_abort
4454,pk,2832,6,validation_abort
4455,z,3156,4,no_effect
4456,pk,1551,2,validation_abort
4457,pk,2006,6,validation_abort
4458,packed_s,36,3,silent_wrong_output
4459,packed_s,472,6,silent_wrong_output
4460,packed_s,534,5,silent_wrong_output
4461,pk,1916,5,validation_abort
4462,pk,2789,2,validation_abort
4463,pk,2934,1,validation_abort
4464,packed_s,1349,6,silent_wrong_output
4465,pk,2645,3,validation_abort
4466,packed_s,1213,4,silent_wrong_output
4467,pk,2524,3,validation_abort
4468,pk,2635,5,validation_abort
4469,pk,2721,3,validation_abort
4470,packed_s,183,1,silent_wrong_output
4471,pk,2140,6,validation_abort
4472,packed_s,755,6,silent_wrong_output
4473,pk,1670,1,validation_abort
4474,pk,3041,5,validation_abort
4475,pk,2908,7,validation_abort
4476,packed_s,1092,7,silent_wrong_output
4477,pk,2694,4,validation_abort
4478,packed_s,1532,1,silent_wrong_output
4479,packed_s,816,4,silent_wrong_output
4480,pk,2697,2,validation_abort
4481,packed_s,541,6,silent_wrong_output
4482,packed_s,1472,6,silent_wrong_output
4483,packed_s,468,6,silent_wrong_output
4484,packed_s,897,0,silent_wrong_output
4485,pk,2836,6,validation_abort
4486,pk,2198,6,validation_abort
4487,pk,2725,4,validation_abort
4488,packed_s,842,7,silent_wrong_output
4489,pk,2453,6,validation_abort
4490,packed_s,383,3,silent_wrong_output
4491,packed_s,154,5,silent_wrong_output
4492,pk,2702,5,validation_abort
4493,H_pk,3124,2,validation_abort
4494,pk,2970,1,validation_abort
4495,z,3139,6,no_effect
4496,pk,2726,4,validation_abort
4497,pk,2431,2,validation_abort
4498,pk,2554,7,validation_abort
4499,pk,1835,7,validation_abort
4500,pk,1875,1,validation_abort
4501,pk,1606,7,validation_abort
4502,pk,1891,7,validation_abort
4503,packed_s,1361,4,silent_wrong_output
4504,pk,2521,0,validation_abort
4505,packed_s,1282,5,silent_wrong_output
4506,packed_s,1323,5,silent_wrong_output
4507,packed_s,252,2,silent_wrong_output
4508,packed_s,712,2,silent_wrong_output
4509,packed_s,424,3,silent_wrong_output
4510,packed_s,296,3,silent_wrong_output
4511,packed_s,1131,3,silent_wrong_output
4512,pk,1738,4,validation_abort
4513,pk,2294,7,validation_abort
4514,pk,2637,2,validation_abort
4515,pk,1990,0,validation_abort
4516,packed_s,217,4,silent_wrong_output
4517,pk,2770,2,validation_abort
4518,pk,2503,4,validation_abort
4519,pk,2587,5,validation_abort
4520,pk,1722,1,validation_abort
4521,packed_s,792,3,silent_wrong_output
4522,pk,2660,2,validation_abort
4523,pk,2404,1,validation_abort
4524,pk,1876,4,validation_abort
4525,packed_s,800,2,silent_wrong_output
4526,packed_s,1072,7,silent_wrong_output
4527,packed_s,656,5,silent_wrong_output
4528,pk,2350,7,validation_abort
4529,pk,2846,5,validation_abort
4530,packed_s,389,0,silent_wrong_output
4531,packed_s,281,0,silent_wrong_output
4532,packed_s,908,6,silent_wrong_output
4533,pk,1836,3,validation_abort
4534,pk,2509,1,validation_abort
4535,pk,1676,0,validation_abort
4536,packed_s,140,6,silent_wrong_output
4537,packed_s,300,1,silent_wrong_output
4538,pk,1919,4,validation_abort
4539,pk,2401,4,validation_abort
4540,pk,2865,6,validation_abort
4541,pk,1755,7,validation_abort
4542,pk,2915,2,validation_abort
4543,packed_s,813,6,silent_wrong_output
4544,pk,2811,5,validation_abort
4545,pk,2199,3,validation_abort
4546,packed_s,1198,4,silent_wrong_output
4547,packed_s,1420,2,silent_wrong_output
4548,pk,2670,6,validation_abort
4549,pk,2789,5,validation_abort
4550,pk,1729,7,validation_abort
4551,pk,2105,4,validation_abort
4552,pk,1883,7,validation_abort
4553,pk,2522,4,validation_abort
4554,packed_s,344,0,silent_wrong_output
4555,pk,1990,4,validation_abort
4556,packed_s,655,0,silent_wrong_output
4557,pk,1833,6,validation_abort
4558,pk,2118,6,validation_abort
4559,packed_s,1184,2,silent_wrong_output
4560,pk,2725,5,validation_abort
4561,pk,2824,3,validation_abort
4562,pk,1909,1,validation_abort
4563,packed_s,487,6,silent_wrong_output
4564,packed_s,88,0,silent_wrong_output
4565,packed_s,1501,6,silent_wrong_output
4566,packed_s,1311,0,silent_wrong_output
4567,packed_s,1531,7,silent_wrong_output
4568,packed_s,855,1,silent_wrong_output
4569,packed_s,1117,0,silent_wrong_output
4570,pk,2630,1,validation_abort
4571,pk,2602,7,validation_abort
4572,packed_s,764,3,silent_wrong_output
4573,packed_s,1065,1,silent_wrong_output
4574,pk,1581,0,validation_abort
4575,pk,1549,4,validation_abort
4576,packed_s,1006,3,silent_wrong_output
4577,pk,2087,5,validation_abort
4578,pk,1861,6,validation_abort
4579,pk,3020,2,validation_abort
4580,pk,1941,3,validation_abort
4581,packed_s,461,7,silent_wrong_output
4582,pk,2278,5,validation_abort
4583,packed_s,756,0,silent_wrong_output
4584,packed_s,31,4,silent_wrong_output
4585,packed_s,1399,0,silent_wrong_output
4586,packed_s,531,3,silent_wrong_output
4587,pk,2689,7,validation_abort
4588,pk,1993,6,validation_abort
4589,packed_s,1196,1,silent_wrong_output
4590,packed_s,412,2,silent_wrong_output
4591,packed_s,342,1,silent_wrong_output
4592,packed_s,752,0,silent_wrong_output
4593,packed_s,674,7,silent_wrong_output
4594,packed_s,1276,4,silent_wrong_output
4595,pk,1644,4,validation_abort
4596,packed_s,1297,6,silent_wrong_output
4597,packed_s,317,4,silent_wrong_output
4598,pk,1862,4,validation_abort
4599,packed_s,582,3,silent_wrong_output
4600,packed_s,302,0,silent_wrong_output
4601,packed_s,894,2,silent_wrong_output
4602,pk,2343,6,validation_abort
4603,packed_s,444,3,silent_wrong_output
4604,pk,2817,2,validation_abort
4605,pk,2823,4,validation_abort
4606,pk,2132,6,validation_abort
4607,packed_s,1416,6,silent_wrong_output
4608,pk,2451,2,validation_abort
4609,H_pk,3115,7,validation_abort
4610,packed_s,66,6,silent_wrong_output
4611,pk,1845,4,validation_abort
4612,packed_s,422,7,silent_wrong_output
4613,pk,2824,2,validation_abort
4614,pk,2385,6,validation_abort
4615,pk,2305,4,validation_abort
4616,pk,2958,0,validation_abort
4617,pk,2554,1,validation_abort
4618,pk,1936,3,validation_abort
4619,pk,1612,7,validation_abort
4620,packed_s,1033,5,silent_wrong_output
4621,packed_s,1461,4,silent_wrong_output
4622,packed_s,854,6,silent_wrong_output
4623,packed_s,894,1,silent_wrong_output
4624,packed_s,288,6,silent_wrong_output
4625,packed_s,1149,2,silent_wrong_output
4626,packed_s,789,3,silent_wrong_output
4627,packed_s,945,0,silent_wrong_output
4628,packed_s,311,2,silent_wrong_output
4629,packed_s,334,1,silent_wrong_output
4630,pk,2387,1,validation_abort
4631,packed_s,1190,6,silent_wrong_output
4632,H_pk,3121,4,validation_abort
4633,pk,2367,1,validation_abort
4634,pk,1592,1,validation_abort
4635,pk,1654,0,validation_abort
4636,packed_s,922,5,silent_wrong_output
4637,packed_s,561,3,silent_wrong_output
4638,pk,2234,5,validation_abort
4639,pk,3094,6,validation_abort
4640,pk,1763,4,validation_abort
4641,packed_s,1221,4,silent_wrong_output
4642,packed_s,1047,1,silent_wrong_output
4643,packed_s,513,5,silent_wrong_output
4644,pk,1884,2,validation_abort
4645,packed_s,676,2,silent_wrong_output
4646,packed_s,1352,5,silent_wrong_output
4647,pk,3042,4,validation_abort
4648,pk,2320,4,validation_abort
4649,packed_s,1308,2,silent_wrong_output
4650,packed_s,765,1,silent_wrong_output
4651,pk,2511,4,validation_abort
4652,pk,1823,7,validation_abort
4653,packed_s,698,7,silent_wrong_output
4654,pk,2949,4,validation_abort
4655,packed_s,595,3,silent_wrong_output
4656,pk,1812,2,validation_abort
4657,packed_s,609,3,silent_wrong_output
4658,pk,1974,7,validation_abort
4659,packed_s,580,0,silent_wrong_output
4660,pk,2878,4,validation_abort
4661,pk,1564,7,validation_abort
4662,H_pk,3105,2,validation_abort
4663,pk,2245,6,validation_abort
4664,pk,2486,7,validation_abort
4665,packed_s,23,3,silent_wrong_output
4666,pk,1604,2,validation_abort
4667,packed_s,877,2,silent_wrong_output
4668,packed_s,1040,3,silent_wrong_output
4669,packed_s,303,1,silent_wrong_output
4670,pk,1879,6,validation_abort
4671,packed_s,502,7,silent_wrong_output
4672,packed_s,604,4,silent_wrong_output
4673,packed_s,997,4,silent_wrong_output
4674,pk,3060,7,validation_abort
4675,packed_s,365,4,silent_wrong_output
4676,pk,2211,5,validation_abort
4677,packed_s,293,0,silent_wrong_output
4678,pk,2754,6,validation_abort
4679,packed_s,473,1,silent_wrong_output
4680,pk,2078,7,validation_abort
4681,packed_s,920,1,silent_wrong_output
4682,pk,1775,3,validation_abort
4683,packed_s,865,0,silent_wrong_output
4684,packed_s,370,5,silent_wrong_output
4685,packed_s,180,1,silent_wrong_output
4686,packed_s,887,0,silent_wrong_output
4687,packed_s,232,6,silent_wrong_output
4688,packed_s,1330,2,silent_wrong_output
4689,pk,1738,2,validation_abort
4690,pk,2940,0,validation_abort
4691,pk,1628,2,validation_abort
4692,pk,2792,5,validation_abort
4693,packed_s,716,6,silent_wrong_output
4694,packed_s,414,7,silent_wrong_output
4695,packed_s,113,1,silent_wrong_output
4696,packed_s,468,5,silent_wrong_output
4697,pk,2137,6,validation_abort
4698,pk,2188,0,validation_abort
4699,packed_s,1331,2,silent_wrong_output
4700,pk,2982,6,validation_abort
4701,packed_s,481,0,silent_wrong_output
4702,pk,2228,7,validation_abort
4703,pk,2890,2,validation_abort
4704,packed_s,1315,6,silent_wrong_output
4705,packed_s,1006,4,silent_wrong_output
4706,packed_s,591,1,silent_wrong_output
4707,packed_s,214,4,silent_wrong_output
4708,pk,2943,3,validation_abort
4709,packed_s,1246,2,silent_wrong_output
4710,pk,2982,2,validation_abort
4711,packed_s,204,1,silent_wrong_output
4712,pk,1749,4,validation_abort
4713,packed_s,922,5,silent_wrong_output
4714,packed_s,117,4,silent_wrong_output
4715,packed_s,708,7,silent_wrong_output
4716,packed_s,394,5,silent_wrong_output
4717,packed_s,889,3,silent_wrong_output
4718,packed_s,378,4,silent_wrong_output
4719,pk,3052,5,validation_abort
4720,packed_s,1244,7,silent_wrong_output
4721,packed_s,1066,3,silent_wrong_output
4722,pk,2080,6,validation_abort
4723,packed_s,920,2,silent_wrong_output
4724,packed_s,16,6,silent_wrong_output
4725,pk,2739,3,validation_abort
4726,packed_s,70,0,silent_wrong_output
4727,pk,2945,3,validation_abort
4728,packed_s,688,6,silent_wrong_output
4729,packed_s,647,6,silent_wrong_output
4730,packed_s,1292,3,silent_wrong_output
4731,pk,1740,3,validation_abort
4732,packed_s,360,7,silent_wrong_output
4733,pk,2014,7,validation_abort
4734,packed_s,1160,1,silent_wrong_output
4735,packed_s,1039,1,silent_wrong_output
4736,pk,2222,4,validation_abort
4737,packed_s,396,5,silent_wrong_output
4738,packed_s,1132,5,silent_wrong_output
4739,packed_s,1201,0,silent_wrong_output
4740,pk,2733,7,validation_abort
4741,packed_s,1524,5,silent_wrong_output
4742,H_pk,3134,3,validation_abort
4743,packed_s,1158,1,silent_wrong_output
4744,pk,1917,0,validation_abort
4745,pk,1732,4,validation_abort
4746,pk,2293,4,validation_abort
4747,pk,2621,5,validation_abort
4748,pk,1821,7,validation_abort
4749,pk,2849,4,validation_abort
4750,packed_s,1310,0,silent_wrong_output
4751,packed_s,1269,4,silent_wrong_output
4752,pk,2693,5,validation_abort
4753,packed_s,1027,5,silent_wrong_output
4754,packed_s,819,2,silent_wrong_output
4755,packed_s,595,5,silent_wrong_output
4756,packed_s,149,3,silent_wrong_output
4757,packed_s,1053,0,silent_wrong_output
4758,pk,2915,6,validation_abort
4759,packed_s,209,6,silent_wrong_output
4760,packed_s,729,6,silent_wrong_output
4761,packed_s,1023,1,silent_wrong_output
4762,pk,1549,0,validation_abort
4763,packed_s,1326,3,silent_wrong_output
4764,packed_s,1345,7,silent_wrong_output
4765,packed_s,1058,7,silent_wrong_output
4766,pk,2494,7,validation_abort
4767,z,3164,2,no_effect
4768,packed_s,1208,6,silent_wrong_output
4769,pk,2627,7,validation_abort
4770,packed_s,706,4,silent_wrong_output
4771,packed_s,1214,6,silent_wrong_output
4772,packed_s,1195,3,silent_wrong_output
4773,packed_s,1400,6,silent_wrong_output
4774,packed_s,538,1,silent_wrong_output
4775,pk,2053,7,validation_abort
4776,pk,1855,1,validation_abort
4777,packed_s,848,0,silent_wrong_output
4778,pk,1831,7,validation_abort
4779,packed_s,475,4,silent_wrong_output
4780,pk,1918,0,validation_abort
4781,pk,2117,3,validation_abort
4782,pk,2757,0,validation_abort
4783,pk,1970,7,validation_abort
4784,packed_s,1259,1,silent_wrong_output
4785,packed_s,1171,7,silent_wrong_output
4786,packed_s,1075,7,silent_wrong_output
4787,packed_s,616,0,silent_wrong_output
4788,pk,3053,1,validation_abort
4789,pk,1578,1,validation_abort
4790,pk,1935,2,validation_abort
4791,pk,2870,5,validation_abort
4792,packed_s,782,4,silent_wrong_output
4793,packed_s,630,5,silent_wrong_output
4794,pk,1581,3,validation_abort
4795,pk,2807,5,validation_abort
4796,packed_s,664,3,silent_wrong_output
4797,pk,1963,5,validation_abort
4798,pk,1631,0,validation_abort
4799,pk,1565,0,validation_abort
4800,packed_s,895,6,silent_wrong_output
4801,pk,1990,1,validation_abort
4802,packed_s,537,7,silent_wrong_output
4803,pk,3032,3,validation_abort
4804,pk,2295,4,validation_abort
4805,pk,1821,3,validation_abort
4806,packed_s,774,3,silent_wrong_output
4807,packed_s,991,6,silent_wrong_output
4808,pk,2886,7,validation_abort
4809,H_pk,3131,3,validation_abort
4810,pk,2118,0,validation_abort
4811,pk,2581,7,validation_abort
4812,pk,2741,7,validation_abort
4813,packed_s,327,3,silent_wrong_output
4814,pk,2987,4,validation_abort
4815,packed_s,382,6,silent_wrong_output
4816,packed_s,291,2,silent_wrong_output
4817,pk,1966,1,validation_abort
4818,pk,2208,5,validation_abort
4819,pk,2960,4,validation_abort
4820,packed_s,304,5,silent_wrong_output
4821,packed_s,1033,3,silent_wrong_output
4822,pk,2918,7,validation_abort
4823,packed_s,137,3,silent_wrong_output
4824,packed_s,227,0,silent_wrong_output
4825,packed_s,349,2,silent_wrong_output
4826,pk,2796,2,validation_abort
4827,packed_s,946,2,silent_wrong_output
4828,pk,2433,6,validation_abort
4829,pk,1552,4,validation_abort
4830,packed_s,1345,1,silent_wrong_output
4831,pk,2679,6,validation_abort
4832,packed_s,66,0,silent_wrong_output
4833,packed_s,827,7,silent_wrong_output
4834,pk,2927,1,validation_abort
4835,packed_s,263,6,silent_wrong_output
4836,packed_s,15,5,silent_wrong_output
4837,packed_s,28,5,silent_wrong_output
4838,packed_s,692,2,silent_wrong_output
4839,pk,3045,2,validation_abort
4840,packed_s,1018,2,silent_wrong_output
4841,pk,3025,7,validation_abort
4842,z,3137,5,no_effect
4843,pk,3078,7,validation_abort
4844,pk,2412,2,validation_abort
4845,packed_s,105,6,silent_wrong_output
4846,pk,1586,5,validation_abort
4847,packed_s,50,2,silent_wrong_output
4848,pk,2597,2,validation_abort
4849,packed_s,747,1,silent_wrong_output
4850,packed_s,733,4,silent_wrong_output
4851,packed_s,350,6,silent_wrong_output
4852,packed_s,646,6,silent_wrong_output
4853,packed_s,1413,3,silent_wrong_output
4854,packed_s,538,0,silent_wrong_output
4855,packed_s,939,5,silent_wrong_output
4856,pk,2622,7,validation_abort
4857,pk,2639,3,validation_abort
4858,pk,2678,2,validation_abort
4859,packed_s,1094,1,silent_wrong_output
4860,packed_s,1349,1,silent_wrong_output
4861,pk,2903,3,validation_abort
4862,pk,2653,3,validation_abort
4863,packed_s,363,3,silent_wrong_output
4864,pk,2469,0,validation_abort
4865,packed_s,1188,1,silent_wrong_output
4866,pk,2683,2,validation_abort
4867,packed_s,959,4,silent_wrong_output
4868,pk,2204,1,validation_abort
4869,packed_s,326,4,silent_wrong_output
4870,pk,2143,0,validation_abort
4871,pk,1595,7,validation_abort
4872,packed_s,827,6,silent_wrong_output
4873,pk,2993,7,validation_abort
4874,pk,2798,2,validation_abort
4875,pk,1798,7,validation_abort
4876,pk,2801,7,validation_abort
4877,pk,2135,2,validation_abort
4878,pk,2131,4,validation_abort
4879,packed_s,48,5,silent_wrong_output
4880,pk,2431,7,validation_abort
4881,pk,2725,0,validation_abort
4882,pk,3031,2,validation_abort
4883,pk,1886,3,validation_abort
4884,pk,2502,1,validation_abort
4885,packed_s,435,3,silent_wrong_output
4886,packed_s,203,4,silent_wrong_output
4887,pk,1891,1,validation_abort
4888,packed_s,1489,6,silent_wrong_output
4889,pk,3100,0,validation_abort
4890,packed_s,627,4,silent_wrong_output
4891,packed_s,480,6,silent_wrong_output
4892,packed_s,1230,2,silent_wrong_output
4893,packed_s,979,3,silent_wrong_output
4894,pk,2502,7,validation_abort
4895,pk,1898,7,validation_abort
4896,pk,2530,5,validation_abort
4897,pk,2852,4,validation_abort
4898,packed_s,1054,0,silent_wrong_output
4899,packed_s,755,0,silent_wrong_output
4900,packed_s,713,4,silent_wrong_output
4901,pk,2423,1,validation_abort
4902,packed_s,989,5,silent_wrong_output
4903,packed_s,1502,0,silent_wrong_output
4904,pk,2188,4,validation_abort
4905,packed_s,521,7,silent_wrong_output
4906,packed_s,1116,5,silent_wrong_output
4907,pk,2041,3,validation_abort
4908,packed_s,849,6,silent_wrong_output
4909,pk,1558,4,validation_abort
4910,pk,1608,5,validation_abort
4911,packed_s,980,4,silent_wrong_output
4912,packed_s,500,3,silent_wrong_output
4913,pk,1751,6,validation_abort
4914,pk,2289,4,validation_abort
4915,pk,2121,1,validation_abort
4916,packed_s,1122,7,silent_wrong_output
4917,pk,2139,0,validation_abort
4918,pk,1549,7,validation_abort
4919,packed_s,1289,3,silent_wrong_output
4920,pk,2004,7,validation_abort
4921,packed_s,14,0,silent_wrong_output
4922,pk,3030,5,validation_abort
4923,packed_s,1234,2,silent_wrong_output
4924,pk,2188,3,validation_abort
4925,packed_s,910,3,silent_wrong_output
4926,packed_s,33,6,silent_wrong_output
4927,pk,2187,2,validation_abort
4928,packed_s,884,4,silent_wrong_output
4929,packed_s,809,3,silent_wrong_output
4930,pk,2369,1,validation_abort
4931,packed_s,11,2,silent_wrong_output
4932,packed_s,546,0,silent_wrong_output
4933,pk,1737,5,validation_abort
4934,pk,2760,1,validation_abort
4935,pk,1573,1,validation_abort
4936,packed_s,961,3,silent_wrong_output
4937,pk,1996,4,validation_abort
4938,packed_s,1468,5,silent_wrong_output
4939,pk,3023,6,validation_abort
4940,pk,2330,7,validation_abort
4941,pk,1925,1,validation_abort
4942,packed_s,592,3,silent_wrong_output
4943,packed_s,1307,0,silent_wrong_output
4944,pk,2041,5,validation_abort
4945,packed_s,1053,6,silent_wrong_output
4946,packed_s,476,1,silent_wrong_output
4947,pk,1919,6,validation_abort
4948,pk,1933,4,validation_abort
4949,packed_s,1528,6,silent_wrong_output
4950,packed_s,406,5,silent_wrong_output
4951,pk,3049,4,validation_abort
4952,pk,1713,4,validation_abort
4953,packed_s,368,5,silent_wrong_output
4954,pk,2950,6,validation_abort
4955,pk,2276,5,validation_abort
4956,packed_s,503,5,silent_wrong_output
4957,pk,1831,2,validation_abort
4958,pk,2391,0,validation_abort
4959,packed_s,1155,6,silent_wrong_output
4960,pk,1862,6,validation_abort
4961,pk,1625,5,validation_abort
4962,packed_s,327,0,silent_wrong_output
4963,pk,2642,5,validation_abort
4964,pk,1941,5,validation_abort
4965,pk,2657,0,validation_abort
4966,packed_s,129,5,silent_wrong_output
4967,pk,2918,6,validation_abort
4968,packed_s,1023,7,silent_wrong_output
4969,pk,2337,4,validation_abort
4970,packed_s,188,5,silent_wrong_output
4971,pk,2154,1,validation_abort
4972,pk,2826,7,validation_abort
4973,pk,3098,0,validation_abort
4974,pk,2086,7,validation_abort
4975,pk,1816,3,validation_abort
4976,packed_s,1217,5,silent_wrong_output
4977,packed_s,1070,1,silent_wrong_output
4978,pk,2134,0,validation_abort
4979,pk,2297,2,validation_abort
4980,pk,2698,2,validation_abort
4981,packed_s,1038,0,silent_wrong_output
4982,packed_s,73,7,silent_wrong_output
4983,pk,2518,3,validation_abort
4984,packed_s,361,7,silent_wrong_output
4985,packed_s,928,2,silent_wrong_output
4986,packed_s,23,4,silent_wrong_output
4987,packed_s,530,0,silent_wrong_output
4988,pk,2378,5,validation_abort
4989,pk,1603,7,validation_abort
4990,pk,1997,3,validation_abort
4991,pk,2021,6,validation_abort
4992,pk,1949,3,validation_abort
4993,packed_s,179,6,silent_wrong_output
4994,pk,2065,1,validation_abort
4995,pk,2755,2,validation_abort
4996,packed_s,523,4,silent_wrong_output
4997,pk,2700,1,validation_abort
4998,pk,1745,6,validation_abort
4999,z,3161,1,no_effect
5000,packed_s,738,2,silent_wrong_output
5001,packed_s,860,6,silent_wrong_output
5002,packed_s,1469,6,silent_wrong_output
5003,packed_s,461,1,silent_wrong_output
5004,packed_s,1031,3,silent_wrong_output
5005,packed_s,424,4,silent_wrong_output
5006,pk,2283,3,validation_abort
5007,pk,2744,0,validation_abort
5008,pk,1931,1,validation_abort
5009,packed_s,624,5,silent_wrong_output
5010,packed_s,1112,0,silent_wrong_output
5011,pk,2952,2,validation_abort
5012,pk,2775,7,validation_abort
5013,pk,2999,5,validation_abort
5014,pk,2932,6,validation_abort
5015,packed_s,13,0,silent_wrong_output
5016,pk,2548,7,validation_abort
5017,packed_s,520,6,silent_wrong_output
5018,packed_s,357,3,silent_wrong_output
5019,pk,1587,1,validation_abort
5020,pk,1540,0,validation_abort
5021,packed_s,1174,4,silent_wrong_output
5022,pk,2284,2,validation_abort
5023,pk,1931,2,validation_abort
5024,pk,2336,2,validation_abort
5025,pk,1762,5,validation_abort
5026,pk,2613,0,validation_abort
5027,packed_s,133,3,silent_wrong_output
5028,pk,2323,6,validation_abort
5029,packed_s,154,3,silent_wrong_output
5030,packed_s,1097,0,silent_wrong_output
5031,packed_s,963,7,silent_wrong_output
5032,pk,1632,3,validation_abort
5033,packed_s,186,7,silent_wrong_output
5034,packed_s,1059,1,silent_wrong_output
5035,pk,2662,4,validation_abort
5036,pk,3084,7,validation_abort
5037,pk,1870,0,validation_abort
5038,pk,2304,7,validation_abort
5039,packed_s,726,4,silent_wrong_output
5040,packed_s,431,5,silent_wrong_output
5041,packed_s,116,1,silent_wrong_output
5042,packed_s,84,5,silent_wrong_output
5043,pk,2932,7,validation_abort
5044,packed_s,1227,6,silent_wrong_output
5045,packed_s,395,1,silent_wrong_output
5046,packed_s,1429,4,silent_wrong_output
5047,packed_s,1337,5,silent_wrong_output
5048,packed_s,319,6,silent_wrong_output
5049,packed_s,1148,1,silent_wrong_output
5050,pk,2536,3,validation_abort
5051,packed_s,159,2,silent_wrong_output
5052,pk,1621,4,validation_abort
5053,pk,2868,3,validation_abort
5054,pk,2061,2,validation_abort
5055,packed_s,1506,6,silent_wrong_output
5056,packed_s,720,3,silent_wrong_output
5057,packed_s,1167,1,silent_wrong_output
5058,packed_s,239,4,silent_wrong_output
5059,pk,3092,4,validation_abort
5060,packed_s,438,2,silent_wrong_output
5061,packed_s,179,7,silent_wrong_output
5062,pk,2599,5,validation_abort
5063,pk,1699,0,validation_abort
5064,pk,2050,0,validation_abort
5065,pk,2134,2,validation_abort
5066,pk,2282,4,validation_abort
5067,z,3159,6,no_effect
5068,packed_s,9,3,silent_wrong_output
5069,pk,2468,0,validation_abort
5070,packed_s,1102,3,silent_wrong_output
5071,pk,1880,1,validation_abort
5072,pk,2237,7,validation_abort
5073,packed_s,592,0,silent_wrong_output
5074,pk,1691,2,validation_abort
5075,pk,2627,4,validation_abort
5076,pk,2987,6,validation_abort
5077,pk,1885,0,validation_abort
5078,packed_s,421,7,silent_wrong_output
5079,pk,1910,4,validation_abort
5080,packed_s,1219,2,silent_wrong_output
5081,pk,2367,3,validation_abort
5082,pk,2912,1,validation_abort
5083,pk,1657,3,validation_abort
5084,packed_s,396,7,silent_wrong_output
5085,packed_s,1227,0,silent_wrong_output
5086,pk,2404,2,validation_abort
5087,packed_s,92,0,silent_wrong_output
5088,packed_s,1356,4,silent_wrong_output
5089,packed_s,63,1,silent_wrong_output
5090,packed_s,938,2,silent_wrong_output
5091,packed_s,1376,3,silent_wrong_output
5092,packed_s,987,2,silent_wrong_output
5093,pk,2318,0,validation_abort
5094,pk,2263,1,validation_abort
5095,pk,1654,0,validation_abort
5096,pk,1653,7,validation_abort
5097,pk,2142,7,validation_abort
5098,packed_s,1021,7,silent_wrong_output
5099,packed_s,957,5,silent_wrong_output
5100,pk,2759,5,validation_abort
5101,packed_s,226,7,silent_wrong_output
5102,z,3141,0,no_effect
5103,packed_s,46,6,silent_wrong_output
5104,pk,2759,7,validation_abort
5105,pk,1554,0,validation_abort
5106,pk,1908,0,validation_abort
5107,packed_s,915,3,silent_wrong_output
5108,packed_s,1339,5,silent_wrong_output
5109,packed_s,936,5,silent_wrong_output
5110,pk,1869,6,validation_abort
5111,packed_s,163,5,silent_wrong_output
5112,packed_s,159,6,silent_wrong_output
5113,packed_s,390,1,silent_wrong_output
5114,packed_s,1134,5,silent_wrong_output
5115,pk,1624,5,validation_abort
5116,pk,2553,2,validation_abort
5117,pk,2264,5,validation_abort
5118,pk,1825,6,validation_abort
5119,pk,1824,0,validation_abort
5120,pk,2618,2,validation_abort
5121,packed_s,617,5,silent_wrong_output
5122,packed_s,1189,1,silent_wrong_output
5123,pk,1652,5,validation_abort
5124,pk,1804,3,validation_abort
5125,packed_s,38,5,silent_wrong_output
5126,packed_s,779,3,silent_wrong_output
5127,packed_s,526,5,silent_wrong_output
5128,pk,1877,4,validation_abort
5129,pk,1544,6,validation_abort
5130,packed_s,785,7,silent_wrong_output
5131,pk,1540,7,validation_abort
5132,packed_s,408,3,silent_wrong_output
5133,packed_s,78,7,silent_wrong_output
5134,pk,2153,5,validation_abort
5135,packed_s,473,2,silent_wrong_output
5136,pk,1539,5,validation_abort
5137,pk,1722,6,validation_abort
5138,pk,2060,5,validation_abort
5139,packed_s,1274,1,silent_wrong_output
5140,pk,2448,1,validation_abort
5141,packed_s,1501,7,silent_wrong_output
5142,pk,2327,2,validation_abort
5143,H_pk,3104,3,validation_abort
5144,packed_s,1025,4,silent_wrong_output
5145,pk,2027,5,validation_abort
5146,z,3155,7,no_effect
5147,pk,2494,7,validation_abort
5148,packed_s,1083,3,silent_wrong_output
5149,packed_s,348,4,silent_wrong_output
5150,pk,3045,6,validation_abort
5151,packed_s,253,1,silent_wrong_output
5152,packed_s,326,5,silent_wrong_output
5153,pk,2721,0,validation_abort
5154,packed_s,711,1,silent_wrong_output
5155,pk,3080,7,validation_abort
5156,packed_s,1195,1,silent_wrong_output
5157,packed_s,1317,0,silent_wrong_output
5158,pk,2885,6,validation_abort
5159,pk,3023,0,validation_abort
5160,packed_s,1360,5,silent_wrong_output
5161,packed_s,1370,1,silent_wrong_output
5162,packed_s,210,1,silent_wrong_output
5163,packed_s,320,2,silent_wrong_output
5164,pk,2273,7,validation_abort
5165,pk,1634,1,validation_abort
5166,pk,1902,7,validation_abort
5167,pk,2874,1,validation_abort
5168,pk,1776,1,validation_abort
5169,packed_s,580,3,silent_wrong_output
5170,pk,1933,4,validation_abort
5171,packed_s,581,2,silent_wrong_output
5172,packed_s,931,6,silent_wrong_output
5173,z,3162,4,no_effect
5174,pk,2363,1,validation_abort
5175,packed_s,1216,2,silent_wrong_output
5176,pk,2253,3,validation_abort
5177,packed_s,840,1,silent_wrong_output
5178,packed_s,1467,7,silent_wrong_output
5179,packed_s,1176,3,silent_wrong_output
5180,packed_s,284,1,silent_wrong_output
5181,pk,2564,7,validation_abort
5182,packed_s,1142,0,silent_wrong_output
5183,packed_s,312,7,silent_wrong_output
5184,packed_s,818,1,silent_wrong_output
5185,pk,3013,6,validation_abort
5186,packed_s,1223,4,silent_wrong_output
5187,pk,1925,3,validation_abort
5188,pk,1725,3,validation_abort
5189,packed_s,1098,6,silent_wrong_output
5190,packed_s,1173,0,silent_wrong_output
5191,pk,2807,5,validation_abort
5192,packed_s,392,4,silent_wrong_output
5193,packed_s,18,6,silent_wrong_output
5194,pk,2717,4,validation_abort
5195,pk,1786,6,validation_abort
5196,pk,2927,6,validation_abort
5197,packed_s,156,4,silent_wrong_output
5198,packed_s,172,2,silent_wrong_output
5199,pk,1751,5,validation_abort
5200,packed_s,175,1,silent_wrong_output
5201,packed_s,1230,3,silent_wrong_output
5202,pk,1882,7,validation_abort
5203,pk,1690,2,validation_abort
5204,pk,2758,2,validation_abort
5205,pk,2628,1,validation_abort
5206,pk,2769,2,validation_abort
5207,pk,2032,6,validation_abort
5208,pk,3004,7,validation_abort
5209,pk,1927,2,validation_abort
5210,packed_s,579,5,silent_wrong_output
5211,packed_s,395,5,silent_wrong_output
5212,pk,2958,7,validation_abort
5213,packed_s,491,7,silent_wrong_output
5214,packed_s,603,3,silent_wrong_output
5215,packed_s,592,4,silent_wrong_output
5216,packed_s,957,7,silent_wrong_output
5217,pk,1899,5,validation_abort
5218,packed_s,849,0,silent_wrong_output
5219,pk,1927,5,validation_abort
5220,pk,1932,3,validation_abort
5221,packed_s,313,3,silent_wrong_output
5222,packed_s,753,3,silent_wrong_output
5223,pk,2867,0,validation_abort
5224,packed_s,828,1,silent_wrong_output
5225,pk,2147,4,validation_abort
5226,packed_s,215,2,silent_wrong_output
5227,packed_s,395,7,silent_wrong_output
5228,pk,2753,1,validation_abort
5229,packed_s,482,3,silent_wrong_output
5230,pk,2894,6,validation_abort
5231,pk,1623,3,validation_abort
5232,packed_s,279,5,silent_wrong_output
5233,packed_s,929,5,silent_wrong_output
5234,packed_s,1003,6,silent_wrong_output
5235,packed_s,1398,5,silent_wrong_output
5236,packed_s,628,6,silent_wrong_output
5237,pk,2508,1,validation_abort
5238,packed_s,413,2,silent_wrong_output
5239,pk,2780,4,validation_abort
5240,pk,1915,0,validation_abort
5241,pk,2131,5,validation_abort
5242,packed_s,1483,5,silent_wrong_output
5243,pk,1670,3,validation_abort
5244,packed_s,935,1,silent_wrong_output
5245,packed_s,1479,3,silent_wrong_output
5246,pk,1659,6,validation_abort
5247,packed_s,1021,2,silent_wrong_output
5248,packed_s,1159,7,silent_wrong_output
5249,pk,2728,1,validation_abort
5250,pk,2471,5,validation_abort
5251,packed_s,895,7,silent_wrong_output
5252,packed_s,653,7,silent_wrong_output
5253,pk,2714,7,validation_abort
5254,packed_s,1001,3,silent_wrong_output
5255,packed_s,1087,1,silent_wrong_output
5256,pk,2795,3,validation_abort
5257,pk,2445,4,validation_abort
5258,pk,2081,3,validation_abort
5259,packed_s,128,0,silent_wrong_output
5260,pk,2000,4,validation_abort
5261,packed_s,514,2,silent_wrong_output
5262,packed_s,1082,5,silent_wrong_output
5263,packed_s,1143,5,silent_wrong_output
5264,pk,2092,5,validation_abort
5265,packed_s,1475,2,silent_wrong_output
5266,packed_s,332,7,silent_wrong_output
5267,pk,2503,1,validation_abort
5268,pk,2077,5,validation_abort
5269,packed_s,509,7,silent_wrong_output
5270,pk,2187,3,validation_abort
5271,pk,2785,4,validation_abort
5272,pk,2938,6,validation_abort
5273,packed_s,217,6,silent_wrong_output
5274,packed_s,1095,6,silent_wrong_output
5275,pk,1839,4,validation_abort
5276,packed_s,599,1,silent_wrong_output
5277,pk,2027,7,validation_abort
5278,packed_s,1486,3,silent_wrong_output
5279,pk,1668,6,validation_abort
5280,pk,2431,6,validation_abort
5281,packed_s,87,1,silent_wrong_output
5282,pk,2854,0,validation_abort
5283,pk,1754,1,validation_abort
5284,packed_s,1245,1,silent_wrong_output
5285,pk,2897,4,validation_abort
5286,pk,1847,3,validation_abort
5287,pk,2849,6,validation_abort
5288,packed_s,659,4,silent_wrong_output
5289,pk,1707,3,validation_abort
5290,packed_s,1377,1,silent_wrong_output
5291,packed_s,1093,0,silent_wrong_output
5292,pk,2631,7,validation_abort
5293,packed_s,849,3,silent_wrong_output
5294,packed_s,206,0,silent_wrong_output
5295,packed_s,1410,3,silent_wrong_output
5296,packed_s,698,5,silent_wrong_output
5297,pk,2427,3,validation_abort
5298,packed_s,237,5,silent_wrong_output
5299,packed_s,1203,2,silent_wrong_output
5300,pk,2185,1,validation_abort
5301,pk,2820,2,validation_abort
5302,packed_s,684,6,silent_wrong_output
5303,pk,1638,5,validation_abort
5304,packed_s,892,4,silent_wrong_output
5305,pk,2107,7,validation_abort
5306,pk,2804,5,validation_abort
5307,pk,2325,0,validation_abort
5308,packed_s,197,1,silent_wrong_output
5309,packed_s,351,7,silent_wrong_output
5310,packed_s,916,3,silent_wrong_output
5311,packed_s,1138,6,silent_wrong_output
5312,pk,2426,7,validation_abort
5313,pk,2756,0,validation_abort
5314,packed_s,334,7,silent_wrong_output
5315,packed_s,609,2,silent_wrong_output
5316,pk,2809,7,validation_abort
5317,pk,2319,5,validation_abort
5318,packed_s,362,7,silent_wrong_output
5319,pk,2870,2,validation_abort
5320,packed_s,944,0,silent_wrong_output
5321,pk,3091,5,validation_abort
5322,packed_s,1489,1,silent_wrong_output
5323,pk,2828,1,validation_abort
5324,packed_s,608,6,silent_wrong_output
5325,packed_s,305,3,silent_wrong_output
5326,packed_s,678,0,silent_wrong_output
5327,pk,1563,4,validation_abort
5328,pk,2432,0,validation_abort
5329,pk,2139,0,validation_abort
5330,packed_s,744,7,silent_wrong_output
5331,pk,1982,1,validation_abort
5332,pk,1757,6,validation_abort
5333,packed_s,1510,1,silent_wrong_output
5334,pk,1993,4,validation_abort
5335,pk,1588,4,validation_abort
5336,pk,1872,5,validation_abort
5337,packed_s,725,5,silent_wrong_output
5338,packed_s,51,6,silent_wrong_output
5339,packed_s,677,3,silent_wrong_output
5340,packed_s,664,4,silent_wrong_output
5341,packed_s,512,7,silent_wrong_output
5342,packed_s,135,3,silent_wrong_output
5343,pk,2225,2,validation_abort
5344,packed_s,22,7,silent_wrong_output
5345,pk,3055,1,validation_abort
5346,packed_s,1394,5,silent_wrong_output
5347,packed_s,254,1,silent_wrong_output
5348,packed_s,487,6,silent_wrong_output
5349,pk,3086,0,validation_abort
5350,pk,2871,1,validation_abort
5351,packed_s,585,1,silent_wrong_output
5352,pk,3079,3,validation_abort
5353,packed_s,112,3,silent_wrong_output
5354,packed_s,696,3,silent_wrong_output
5355,packed_s,471,7,silent_wrong_output
5356,packed_s,731,3,silent_wrong_output
5357,packed_s,100,2,silent_wrong_output
5358,packed_s,758,1,silent_wrong_output
5359,packed_s,1298,6,silent_wrong_output
5360,packed_s,272,3,silent_wrong_output
5361,pk,2654,6,validation_abort
5362,pk,2944,7,validation_abort
5363,packed_s,384,7,silent_wrong_output
5364,pk,3090,1,validation_abort
5365,pk,2018,3,validation_abort
5366,pk,1656,0,validation_abort
5367,pk,2154,2,validation_abort
5368,pk,2118,2,validation_abort
5369,packed_s,84,3,silent_wrong_output
5370,pk,2539,1,validation_abort
5371,pk,2620,7,validation_abort
5372,packed_s,77,1,silent_wrong_output
5373,packed_s,141,3,silent_wrong_output
5374,packed_s,1162,3,silent_wrong_output
5375,packed_s,73,0,silent_wrong_output
5376,pk,2711,5,validation_abort
5377,packed_s,424,3,silent_wrong_output
5378,packed_s,585,6,silent_wrong_output
5379,z,3144,2,no_effect
5380,packed_s,843,7,silent_wrong_output
5381,pk,2784,1,validation_abort
5382,packed_s,307,5,silent_wrong_output
5383,packed_s,268,1,silent_wrong_output
5384,pk,2525,2,validation_abort
5385,pk,2014,5,validation_abort
5386,packed_s,781,2,silent_wrong_output
5387,pk,2570,2,validation_abort
5388,pk,2905,4,validation_abort
5389,pk,2196,5,validation_abort
5390,packed_s,48,2,silent_wrong_output
5391,pk,2498,5,validation_abort
5392,pk,2605,6,validation_abort
5393,pk,2447,3,validation_abort
5394,pk,1603,2,validation_abort
5395,packed_s,1327,2,silent_wrong_output
5396,packed_s,1265,5,silent_wrong_output
5397,pk,2321,3,validation_abort
5398,pk,2058,7,validation_abort
5399,pk,2820,3,validation_abort
5400,pk,1916,4,validation_abort
5401,packed_s,777,1,silent_wrong_output
5402,packed_s,1368,0,silent_wrong_output
5403,packed_s,994,3,silent_wrong_output
5404,packed_s,66,3,silent_wrong_output
5405,packed_s,338,2,silent_wrong_output
5406,pk,2347,7,validation_abort
5407,pk,3055,2,validation_abort
5408,pk,2466,5,validation_abort
5409,packed_s,333,4,silent_wrong_output
5410,pk,2076,0,validation_abort
5411,packed_s,1208,3,silent_wrong_output
5412,packed_s,637,6,silent_wrong_output
5413,pk,1709,4,validation_abort
5414,packed_s,446,3,silent_wrong_output
5415,packed_s,212,4,silent_wrong_output
5416,pk,1601,5,validation_abort
5417,packed_s,1237,5,silent_wrong_output
5418,packed_s,173,7,silent_wrong_output
5419,packed_s,221,2,silent_wrong_output
5420,packed_s,863,2,silent_wrong_output
5421,pk,1594,4,validation_abort
5422,packed_s,1511,3,silent_wrong_output
5423,pk,2262,4,validation_abort
5424,packed_s,194,6,silent_wrong_output
5425,packed_s,881,3,silent_wrong_output
5426,pk,2647,7,validation_abort
5427,packed_s,980,2,silent_wrong_output
5428,pk,2716,0,validation_abort
5429,pk,1607,6,validation_abort
5430,packed_s,1309,6,silent_wrong_output
5431,pk,2307,5,validation_abort
5432,pk,2252,0,validation_abort
5433,packed_s,849,6,silent_wrong_output
5434,pk,2628,2,validation_abort
5435,z,3142,2,no_effect
5436,pk,2249,6,validation_abort
5437,pk,2401,6,validation_abort
5438,packed_s,1098,3,silent_wrong_output
5439,pk,1968,4,validation_abort
5440,packed_s,148,4,silent_wrong_output
5441,packed_s,14,1,silent_wrong_output
5442,packed_s,295,7,silent_wrong_output
5443,packed_s,1330,1,silent_wrong_output
5444,pk,2058,1,validation_abort
5445,pk,1540,3,validation_abort
5446,pk,2343,5,validation_abort
5447,packed_s,1338,3,silent_wrong_output
5448,packed_s,1285,2,silent_wrong_output
5449,pk,2112,4,validation_abort
5450,pk,1698,2,validation_abort
5451,packed_s,935,3,silent_wrong_output
5452,packed_s,1013,4,silent_wrong_output
5453,pk,3076,4,validation_abort
5454,packed_s,1277,5,silent_wrong_output
5455,pk,2662,7,validation_abort
5456,packed_s,250,6,silent_wrong_output
5457,packed_s,1080,1,silent_wrong_output
5458,packed_s,139,7,silent_wrong_output
5459,packed_s,576,3,silent_wrong_output
5460,packed_s,1442,4,silent_wrong_output
5461,pk,2235,2,validation_abort
5462,pk,1572,7,validation_abort
5463,pk,2431,1,validation_abort
5464,packed_s,995,2,silent_wrong_output
5465,pk,2891,6,validation_abort
5466,packed_s,481,5,silent_wrong_output
5467,packed_s,195,5,silent_wrong_output
5468,packed_s,169,0,silent_wrong_output
5469,pk,2749,6,validation_abort
5470,pk,1676,4,validation_abort
5471,packed_s,790,2,silent_wrong_output
5472,pk,2767,0,validation_abort
5473,packed_s,764,0,silent_wrong_output
5474,packed_s,817,0,silent_wrong_output
5475,packed_s,1359,3,silent_wrong_output
5476,pk,2182,5,validation_abort
5477,pk,2996,4,validation_abort
5478,packed_s,344,0,silent_wrong_output
5479,pk,2087,0,validation_abort
5480,pk,2546,1,validation_abort
5481,packed_s,495,2,silent_wrong_output
5482,packed_s,1191,7,silent_wrong_output
5483,pk,2124,7,validation_abort
5484,pk,2065,5,validation_abort
5485,packed_s,782,2,silent_wrong_output
5486,pk,1593,2,validation_abort
5487,packed_s,1212,4,silent_wrong_output
5488,packed_s,90,3,silent_wrong_output
5489,packed_s,1059,0,silent_wrong_output
5490,H_pk,3112,1,validation_abort
5491,pk,2036,5,validation_abort
5492,packed_s,1465,0,silent_wrong_output
5493,z,3147,0,no_effect
5494,pk,2588,2,validation_abort
5495,pk,2614,0,validation_abort
5496,packed_s,81,7,silent_wrong_output
5497,pk,1811,0,validation_abort
5498,packed_s,610,4,silent_wrong_output
5499,pk,1853,0,validation_abort
5500,packed_s,462,4,silent_wrong_output
5501,pk,2392,4,validation_abort
5502,packed_s,1276,4,silent_wrong_output
5503,packed_s,55,4,silent_wrong_output
5504,pk,2615,3,validation_abort
5505,packed_s,480,4,silent_wrong_output
5506,pk,2135,1,validation_abort
5507,packed_s,956,5,silent_wrong_output
5508,packed_s,163,7,silent_wrong_output
5509,pk,1917,6,validation_abort
5510,pk,1817,7,validation_abort
5511,pk,2599,6,validation_abort
5512,pk,2256,1,validation_abort
5513,packed_s,877,1,silent_wrong_output
5514,pk,1582,0,validation_abort
5515,pk,3064,6,validation_abort
5516,packed_s,175,4,silent_wrong_output
5517,packed_s,443,1,silent_wrong_output
5518,packed_s,459,0,silent_wrong_output
5519,packed_s,899,4,silent_wrong_output
5520,pk,1738,0,validation_abort
5521,pk,2482,2,validation_abort
5522,pk,1991,2,validation_abort
5523,pk,1594,4,validation_abort
5524,pk,2064,3,validation_abort
5525,packed_s,1456,0,silent_wrong_output
5526,pk,2831,2,validation_abort
5527,pk,2550,4,validation_abort
5528,packed_s,936,5,silent_wrong_output
5529,packed_s,483,1,silent_wrong_output
5530,pk,3072,7,validation_abort
5531,pk,2972,3,validation_abort
5532,pk,2804,0,validation_abort
5533,packed_s,1081,7,silent_wrong_output
5534,pk,1780,4,validation_abort
5535,pk,2275,6,validation_abort
5536,pk,2362,6,validation_abort
5537,pk,1646,4,validation_abort
5538,packed_s,7,3,silent_wrong_output
5539,packed_s,862,4,silent_wrong_output
5540,pk,2502,4,validation_abort
5541,pk,2851,5,validation_abort
5542,packed_s,864,6,silent_wrong_output
5543,pk,1636,2,validation_abort
5544,packed_s,101,0,silent_wrong_output
5545,pk,2302,1,validation_abort
5546,packed_s,360,5,silent_wrong_output
5547,packed_s,176,5,silent_wrong_output
5548,pk,2455,4,validation_abort
5549,packed_s,114,5,silent_wrong_output
5550,pk,2028,7,validation_abort
5551,packed_s,1077,5,silent_wrong_output
5552,packed_s,885,3,silent_wrong_output
5553,pk,1919,5,validation_abort
5554,pk,1777,7,validation_abort
5555,packed_s,409,4,silent_wrong_output
5556,pk,2460,7,validation_abort
5557,pk,2185,6,validation_abort
5558,pk,2393,3,validation_abort
5559,pk,1686,3,validation_abort
5560,packed_s,1010,1,silent_wrong_output
5561,packed_s,1240,6,silent_wrong_output
5562,packed_s,211,3,silent_wrong_output
5563,packed_s,1416,1,silent_wrong_output
5564,packed_s,688,3,silent_wrong_output
5565,packed_s,295,0,silent_wrong_output
5566,packed_s,54,3,silent_wrong_output
5567,pk,2266,3,validation_abort
5568,pk,2279,1,validation_abort
5569,pk,2336,0,validation_abort
5570,packed_s,938,1,silent_wrong_output
5571,pk,1596,7,validation_abort
5572,pk,2937,2,validation_abort
5573,packed_s,253,3,silent_wrong_output
5574,pk,1990,5,validation_abort
5575,packed_s,815,5,silent_wrong_output
5576,pk,1579,4,validation_abort
5577,pk,2597,1,validation_abort
5578,pk,1687,0,validation_abort
5579,pk,2681,1,validation_abort
5580,pk,3015,6,validation_abort
5581,packed_s,803,4,silent_wrong_output
5582,pk,2583,2,validation_abort
5583,packed_s,780,3,silent_wrong_output
5584,pk,1739,6,validation_abort
5585,pk,1690,0,validation_abort
5586,pk,2693,6,validation_abort
5587,packed_s,1137,3,silent_wrong_output
5588,pk,1813,2,validation_abort
5589,pk,2427,2,validation_abort
5590,packed_s,786,7,silent_wrong_output
5591,packed_s,1314,5,silent_wrong_output
5592,pk,3042,7,validation_abort
5593,packed_s,1197,4,silent_wrong_output
5594,packed_s,532,1,silent_wrong_output
5595,pk,2881,6,validation_abort
5596,packed_s,526,7,silent_wrong_output
5597,packed_s,357,2,silent_wrong_output
5598,pk,2306,4,validation_abort
5599,pk,3100,6,validation_abort
5600,pk,2553,0,validation_abort
5601,packed_s,1401,3,silent_wrong_output
5602,pk,2058,6,validation_abort
5603,pk,2127,4,validation_abort
5604,pk,2503,6,validation_abort
5605,packed_s,874,3,silent_wrong_output
5606,packed_s,588,2,silent_wrong_output
5607,packed_s,1153,4,silent_wrong_output
5608,packed_s,1149,5,silent_wrong_output
5609,pk,3054,2,validation_abort
5610,pk,2614,0,validation_abort
5611,pk,2923,4,validation_abort
5612,pk,2759,3,validation_abort
5613,packed_s,854,4,silent_wrong_output
5614,pk,1923,1,validation_abort
5615,pk,2927,5,validation_abort
5616,pk,2202,4,validation_abort
5617,packed_s,792,3,silent_wrong_output
5618,packed_s,1458,1,silent_wrong_output
5619,pk,1869,5,validation_abort
5620,pk,1820,7,validation_abort
5621,pk,1689,4,validation_abort
5622,packed_s,64,4,silent_wrong_output
5623,packed_s,686,1,silent_wrong_output
5624,pk,3043,2,validation_abort
5625,packed_s,1093,7,silent_wrong_output
5626,packed_s,791,1,silent_wrong_output
5627,packed_s,1028,6,silent_wrong_output
5628,packed_s,1270,0,silent_wrong_output
5629,packed_s,373,1,silent_wrong_output
5630,packed_s,998,7,silent_wrong_output
5631,packed_s,649,1,silent_wrong_output
5632,pk,2852,4,validation_abort
5633,packed_s,1479,6,silent_wrong_output
5634,pk,2570,7,validation_abort
5635,packed_s,184,0,silent_wrong_output
5636,pk,2032,7,validation_abort
5637,packed_s,1433,6,silent_wrong_output
5638,packed_s,920,2,silent_wrong_output
5639,packed_s,278,3,silent_wrong_output
5640,pk,1809,0,validation_abort
5641,pk,2425,3,validation_abort
5642,packed_s,197,1,silent_wrong_output
5643,packed_s,254,5,silent_wrong_output
5644,packed_s,347,4,silent_wrong_output
5645,z,3143,6,no_effect
5646,packed_s,438,0,silent_wrong_output
5647,packed_s,1217,7,silent_wrong_output
5648,pk,2315,7,validation_abort
5649,packed_s,96,7,silent_wrong_output
5650,packed_s,1066,5,silent_wrong_output
5651,z,3152,6,no_effect
5652,pk,2975,4,validation_abort
5653,packed_s,845,2,silent_wrong_output
5654,pk,2457,6,validation_abort
5655,packed_s,858,2,silent_wrong_output
5656,packed_s,142,4,silent_wrong_output
5657,pk,3098,1,validation_abort
5658,pk,2473,4,validation_abort
5659,pk,1996,7,validation_abort
5660,packed_s,39,3,silent_wrong_output
5661,packed_s,1213,6,silent_wrong_output
5662,pk,1576,1,validation_abort
5663,packed_s,145,5,silent_wrong_output
5664,pk,1756,0,validation_abort
5665,packed_s,1453,3,silent_wrong_output
5666,packed_s,269,3,silent_wrong_output
5667,pk,3053,5,validation_abort
5668,packed_s,737,7,silent_wrong_output
5669,packed_s,1092,2,silent_wrong_output
5670,pk,2666,5,validation_abort
5671,packed_s,348,4,silent_wrong_output
5672,pk,1775,0,validation_abort
5673,packed_s,1279,7,silent_wrong_output
5674,pk,2545,7,validation_abort
5675,z,3152,2,no_effect
5676,packed_s,187,5,silent_wrong_output
5677,packed_s,431,3,silent_wrong_output
5678,pk,2211,5,validation_abort
5679,packed_s,1013,3,silent_wrong_output
5680,pk,2306,4,validation_abort
5681,packed_s,938,0,silent_wrong_output
5682,pk,2919,7,validation_abort
5683,pk,2136,3,validation_abort
5684,pk,1834,2,validation_abort
5685,packed_s,1471,3,silent_wrong_output
5686,packed_s,1129,3,silent_wrong_output
5687,pk,1944,5,validation_abort
5688,pk,2468,4,validation_abort
5689,packed_s,1410,3,silent_wrong_output
5690,packed_s,600,5,silent_wrong_output
5691,packed_s,1355,6,silent_wrong_output
5692,packed_s,791,5,silent_wrong_output
5693,packed_s,964,3,silent_wrong_output
5694,pk,2232,3,validation_abort
5695,packed_s,1270,0,silent_wrong_output
5696,pk,2317,1,validation_abort
5697,pk,2613,7,validation_abort
5698,packed_s,1270,0,silent_wrong_output
5699,packed_s,1157,2,silent_wrong_output
5700,packed_s,199,2,silent_wrong_output
5701,pk,3060,5,validation_abort
5702,pk,1965,1,validation_abort
5703,packed_s,851,5,silent_wrong_output
5704,packed_s,1147,7,silent_wrong_output
5705,packed_s,466,2,silent_wrong_output
5706,pk,1950,5,validation_abort
5707,pk,1541,4,validation_abort
5708,pk,2234,4,validation_abort
5709,packed_s,396,3,silent_wrong_output
5710,pk,2161,1,validation_abort
5711,packed_s,1320,4,silent_wrong_output
5712,pk,2032,2,validation_abort
5713,packed_s,768,4,silent_wrong_output
5714,pk,2392,7,validation_abort
5715,pk,2513,1,validation_abort
5716,packed_s,1044,5,silent_wrong_output
5717,pk,2285,6,validation_abort
5718,pk,2469,0,validation_abort
5719,pk,1659,0,validation_abort
5720,packed_s,1135,0,silent_wrong_output
5721,pk,2684,3,validation_abort
5722,packed_s,1308,3,silent_wrong_output
5723,pk,2789,6,validation_abort
5724,packed_s,130,4,silent_wrong_output
5725,pk,1949,6,validation_abort
5726,pk,2917,0,validation_abort
5727,packed_s,60,4,silent_wrong_output
5728,pk,2239,0,validation_abort
5729,packed_s,155,1,silent_wrong_output
5730,packed_s,196,3,silent_wrong_output
5731,pk,1757,5,validation_abort
5732,packed_s,272,7,silent_wrong_output
5733,packed_s,498,4,silent_wrong_output
5734,pk,2128,1,validation_abort
5735,pk,1796,6,validation_abort
5736,packed_s,152,1,silent_wrong_output
5737,packed_s,107,4,silent_wrong_output
5738,packed_s,1311,3,silent_wrong_output
5739,packed_s,1329,7,silent_wrong_output
5740,packed_s,500,1,silent_wrong_output
5741,packed_s,1248,4,silent_wrong_output
5742,z,3156,0,no_effect
5743,packed_s,279,1,silent_wrong_output
5744,pk,2688,1,validation_abort
5745,pk,2913,6,validation_abort
5746,packed_s,594,7,silent_wrong_output
5747,z,3155,6,no_effect
5748,packed_s,1386,1,silent_wrong_output
5749,packed_s,496,4,silent_wrong_output
5750,packed_s,1055,4,silent_wrong_output
5751,pk,2631,0,validation_abort
5752,pk,2554,0,validation_abort
5753,packed_s,1323,6,silent_wrong_output
5754,pk,1934,4,validation_abort
5755,pk,1967,4,validation_abort
5756,packed_s,1526,4,silent_wrong_output
5757,packed_s,1156,2,silent_wrong_output
5758,packed_s,1488,2,silent_wrong_output
5759,packed_s,870,1,silent_wrong_output
5760,pk,3016,3,validation_abort
5761,pk,1639,6,validation_abort
5762,packed_s,1490,3,silent_wrong_output
5763,packed_s,120,6,silent_wrong_output
5764,packed_s,1511,6,silent_wrong_output
5765,pk,1726,1,validation_abort
5766,packed_s,329,7,silent_wrong_output
5767,pk,3033,6,validation_abort
5768,pk,1734,5,validation_abort
5769,pk,2579,2,validation_abort
5770,pk,2968,1,validation_abort
5771,packed_s,1244,0,silent_wrong_output
5772,packed_s,1224,7,silent_wrong_output
5773,pk,2042,0,validation_abort
5774,packed_s,123,7,silent_wrong_output
5775,packed_s,1226,5,silent_wrong_output
5776,packed_s,30,0,silent_wrong_output
5777,pk,1909,1,validation_abort
5778,packed_s,252,2,silent_wrong_output
5779,pk,2123,0,validation_abort
5780,z,3152,2,no_effect
5781,pk,2353,4,validation_abort
5782,pk,1778,2,validation_abort
5783,packed_s,31,3,silent_wrong_output
5784,packed_s,120,1,silent_wrong_output
5785,pk,2662,6,validation_abort
5786,pk,2363,0,validation_abort
5787,packed_s,705,4,silent_wrong_output
5788,packed_s,1225,3,silent_wrong_output
5789,packed_s,1352,7,silent_wrong_output
5790,packed_s,240,2,silent_wrong_output
5791,packed_s,1098,2,silent_wrong_output
5792,pk,2978,7,validation_abort
5793,packed_s,694,7,silent_wrong_output
5794,pk,2177,3,validation_abort
5795,packed_s,276,2,silent_wrong_output
5796,packed_s,517,0,silent_wrong_output
5797,pk,2908,0,validation_abort
5798,pk,1841,6,validation_abort
5799,pk,1664,5,validation_abort
5800,packed_s,165,2,silent_wrong_output
5801,pk,2738,3,validation_abort
5802,pk,2921,1,validation_abort
5803,packed_s,207,2,silent_wrong_output
5804,packed_s,999,3,silent_wrong_output
5805,packed_s,869,5,silent_wrong_output
5806,pk,1737,3,validation_abort
5807,pk,2328,1,validation_abort
5808,pk,1955,4,validation_abort
5809,pk,2495,2,validation_abort
5810,packed_s,104,3,silent_wrong_output
5811,packed_s,1430,1,silent_wrong_output
5812,H_pk,3112,5,validation_abort
5813,packed_s,977,6,silent_wrong_output
5814,pk,2994,5,validation_abort
5815,pk,1604,4,validation_abort
5816,packed_s,858,3,silent_wrong_output
5817,pk,2591,4,validation_abort
5818,packed_s,579,7,silent_wrong_output
5819,packed_s,787,3,silent_wrong_output
5820,pk,1574,4,validation_abort
5821,pk,2241,2,validation_abort
5822,pk,2138,1,validation_abort
5823,pk,2549,3,validation_abort
5824,pk,1987,2,validation_abort
5825,pk,2668,3,validation_abort
5826,pk,2608,0,validation_abort
5827,packed_s,1332,0,silent_wrong_output
5828,pk,2599,7,validation_abort
5829,pk,1713,0,validation_abort
5830,packed_s,1076,7,silent_wrong_output
5831,pk,2029,1,validation_abort
5832,packed_s,271,5,silent_wrong_output
5833,pk,1845,5,validation_abort
5834,pk,1821,1,validation_abort
5835,pk,2677,4,validation_abort
5836,pk,2505,0,validation_abort
5837,pk,3087,6,validation_abort
5838,packed_s,1445,5,silent_wrong_output
5839,pk,1646,7,validation_abort
5840,packed_s,1441,7,silent_wrong_output
5841,packed_s,986,1,silent_wrong_output
5842,pk,2904,4,validation_abort
5843,pk,1701,6,validation_abort
5844,packed_s,551,0,silent_wrong_output
5845,packed_s,1088,7,silent_wrong_output
5846,pk,1561,2,validation_abort
5847,packed_s,516,7,silent_wrong_output
5848,pk,2436,1,validation_abort
5849,packed_s,1343,6,silent_wrong_output
5850,packed_s,186,2,silent_wrong_output
5851,packed_s,1355,4,silent_wrong_output
5852,pk,2555,7,validation_abort
5853,packed_s,127,2,silent_wrong_output
5854,pk,2204,2,validation_abort
5855,packed_s,229,0,silent_wrong_output
5856,pk,3033,3,validation_abort
5857,pk,2405,7,validation_abort
5858,pk,3021,0,validation_abort
5859,packed_s,109,3,silent_wrong_output
5860,packed_s,541,1,silent_wrong_output
5861,packed_s,105,3,silent_wrong_output
5862,packed_s,403,5,silent_wrong_output
5863,packed_s,639,3,silent_wrong_output
5864,packed_s,242,0,silent_wrong_output
5865,pk,2866,3,validation_abort
5866,packed_s,640,4,silent_wrong_output
5867,pk,2804,1,validation_abort
5868,packed_s,835,7,silent_wrong_output
5869,packed_s,1345,1,silent_wrong_output
5870,packed_s,858,7,silent_wrong_output
5871,pk,2410,7,validation_abort
5872,packed_s,1440,0,silent_wrong_output
5873,packed_s,60,7,silent_wrong_output
5874,packed_s,1398,6,silent_wrong_output
5875,pk,2949,0,validation_abort
5876,packed_s,335,6,silent_wrong_output
5877,pk,2963,1,validation_abort
5878,packed_s,346,1,silent_wrong_output
5879,packed_s,1245,4,silent_wrong_output
5880,pk,2653,2,validation_abort
5881,H_pk,3118,7,validation_abort
5882,packed_s,598,2,silent_wrong_output
5883,packed_s,810,5,silent_wrong_output
5884,pk,2083,5,validation_abort
5885,pk,2774,2,validation_abort
5886,pk,2207,5,validation_abort
5887,pk,2098,0,validation_abort
5888,packed_s,399,3,silent_wrong_output
5889,packed_s,71,4,silent_wrong_output
5890,packed_s,1305,3,silent_wrong_output
5891,packed_s,1015,1,silent_wrong_output
5892,packed_s,72,3,silent_wrong_output
5893,packed_s,1500,5,silent_wrong_output
5894,packed_s,665,1,silent_wrong_output
5895,pk,2873,7,validation_abort
5896,packed_s,1088,0,silent_wrong_output
5897,packed_s,697,3,silent_wrong_output
5898,packed_s,824,5,silent_wrong_output
5899,pk,1713,5,validation_abort
5900,pk,2965,2,validation_abort
5901,packed_s,1091,7,silent_wrong_output
5902,packed_s,231,4,silent_wrong_output
5903,pk,2286,4,validation_abort
5904,pk,2000,0,validation_abort
5905,packed_s,995,7,silent_wrong_output
5906,pk,1865,1,validation_abort
5907,packed_s,1017,0,silent_wrong_output
5908,pk,2689,1,validation_abort
5909,packed_s,511,0,silent_wrong_output
5910,pk,3018,2,validation_abort
5911,packed_s,628,3,silent_wrong_output
5912,packed_s,155,5,silent_wrong_output
5913,packed_s,1026,2,silent_wrong_output
5914,pk,2722,3,validation_abort
5915,pk,2382,7,validation_abort
5916,packed_s,52,6,silent_wrong_output
5917,pk,2059,7,validation_abort
5918,packed_s,1517,6,silent_wrong_output
5919,pk,2706,6,validation_abort
5920,packed_s,835,4,silent_wrong_output
5921,packed_s,759,1,silent_wrong_output
5922,packed_s,1456,3,silent_wrong_output
5923,packed_s,958,1,silent_wrong_output
5924,packed_s,353,6,silent_wrong_output
5925,packed_s,1018,6,silent_wrong_output
5926,packed_s,362,2,silent_wrong_output
5927,packed_s,485,0,silent_wrong_output
5928,pk,1845,7,validation_abort
5929,packed_s,1398,3,silent_wrong_output
5930,packed_s,1245,2,silent_wrong_output
5931,pk,2730,5,validation_abort
5932,pk,2820,6,validation_abort
5933,packed_s,416,3,silent_wrong_output
5934,packed_s,475,4,silent_wrong_output
5935,packed_s,668,2,silent_wrong_output
5936,packed_s,1438,7,silent_wrong_output
5937,packed_s,996,0,silent_wrong_output
5938,packed_s,650,5,silent_wrong_output
5939,packed_s,1099,1,silent_wrong_output
5940,pk,1912,2,validation_abort
5941,packed_s,227,2,silent_wrong_output
5942,pk,2862,0,validation_abort
5943,pk,1603,2,validation_abort
5944,pk,2269,0,validation_abort
5945,packed_s,1275,0,silent_wrong_output
5946,packed_s,1062,5,silent_wrong_output
5947,packed_s,172,3,silent_wrong_output
5948,pk,2209,0,validation_abort
5949,packed_s,809,5,silent_wrong_output
5950,packed_s,795,6,silent_wrong_output
5951,packed_s,202,3,silent_wrong_output
5952,pk,1585,2,validation_abort
5953,packed_s,1360,5,silent_wrong_output
5954,pk,1750,5,validation_abort
5955,packed_s,18,5,silent_wrong_output
5956,pk,2586,4,validation_abort
5957,packed_s,1529,7,silent_wrong_output
5958,pk,2355,5,validation_abort
5959,pk,1717,3,validation_abort
5960,pk,1923,1,validation_abort
5961,packed_s,183,4,silent_wrong_output
5962,packed_s,458,5,silent_wrong_output
5963,packed_s,1463,0,silent_wrong_output
5964,packed_s,963,5,silent_wrong_output
5965,packed_s,532,0,silent_wrong_output
5966,pk,2298,7,validation_abort
5967,pk,1691,6,validation_abort
5968,packed_s,102,5,silent_wrong_output
5969,packed_s,1058,4,silent_wrong_output
5970,packed_s,156,4,silent_wrong_output
5971,pk,2000,4,validation_abort
5972,packed_s,1191,4,silent_wrong_output
5973,H_pk,3126,7,validation_abort
5974,packed_s,283,1,silent_wrong_output
5975,packed_s,923,2,silent_wrong_output
5976,pk,2107,5,validation_abort
5977,pk,2483,5,validation_abort
5978,pk,2402,3,validation_abort
5979,pk,2939,0,validation_abort
5980,pk,2327,1,validation_abort
5981,packed_s,1195,7,silent_wrong_output
5982,pk,1620,7,validation_abort
5983,packed_s,1236,3,silent_wrong_output
5984,pk,2654,1,validation_abort
5985,packed_s,118,3,silent_wrong_output
5986,packed_s,409,0,silent_wrong_output
5987,packed_s,1059,0,silent_wrong_output
5988,packed_s,1511,1,silent_wrong_output
5989,packed_s,252,3,silent_wrong_output
5990,pk,3016,2,validation_abort
5991,pk,2121,1,validation_abort
5992,packed_s,803,4,silent_wrong_output
5993,pk,2353,4,validation_abort
5994,pk,1966,2,validation_abort
5995,pk,2128,7,validation_abort
5996,pk,1762,7,validation_abort
5997,packed_s,605,1,silent_wrong_output
5998,packed_s,208,5,silent_wrong_output
5999,packed_s,841,3,silent_wrong_output
6000,pk,1744,7,validation_abort
6001,pk,2096,6,validation_abort
6002,pk,1757,3,validation_abort
6003,packed_s,341,4,silent_wrong_output
6004,packed_s,1463,1,silent_wrong_output
6005,pk,2482,0,validation_abort
6006,pk,1844,7,validation_abort
6007,pk,1592,3,validation_abort
6008,pk,2622,1,validation_abort
6009,packed_s,419,4,silent_wrong_output
6010,pk,1772,6,validation_abort
6011,pk,2557,4,validation_abort
6012,pk,3008,5,validation_abort
6013,pk,1911,6,validation_abort
6014,z,3150,7,no_effect
6015,pk,2826,5,validation_abort
6016,packed_s,864,3,silent_wrong_output
6017,pk,1819,5,validation_abort
6018,packed_s,847,0,silent_wrong_output
6019,packed_s,1132,0,silent_wrong_output
6020,packed_s,640,2,silent_wrong_output
6021,packed_s,1048,1,silent_wrong_output
6022,pk,1928,7,validation_abort
6023,packed_s,1076,7,silent_wrong_output
6024,packed_s,1281,6,silent_wrong_output
6025,packed_s,844,7,silent_wrong_output
6026,packed_s,65,0,silent_wrong_output
6027,pk,1906,7,validation_abort
6028,pk,2182,1,validation_abort
6029,pk,2053,6,validation_abort
6030,packed_s,1298,4,silent_wrong_output
6031,pk,3026,6,validation_abort
6032,pk,2035,5,validation_abort
6033,pk,2897,7,validation_abort
6034,packed_s,840,4,silent_wrong_output
6035,packed_s,1042,1,silent_wrong_output
6036,packed_s,1486,0,silent_wrong_output
6037,packed_s,1476,3,silent_wrong_output
6038,pk,1928,5,validation_abort
6039,packed_s,729,0,silent_wrong_output
6040,packed_s,901,0,silent_wrong_output
6041,pk,2935,6,validation_abort
6042,packed_s,646,7,silent_wrong_output
6043,packed_s,949,2,silent_wrong_output
6044,pk,2146,5,validation_abort
6045,pk,1600,1,validation_abort
6046,pk,2661,7,validation_abort
6047,pk,1918,3,validation_abort
6048,packed_s,1370,3,silent_wrong_output
6049,packed_s,453,1,silent_wrong_output
6050,packed_s,479,6,silent_wrong_output
6051,packed_s,974,4,silent_wrong_output
6052,pk,1852,3,validation_abort
6053,pk,2100,2,validation_abort
6054,packed_s,221,1,silent_wrong_output
6055,pk,2565,0,validation_abort
6056,pk,2593,7,validation_abort
6057,packed_s,27,5,silent_wrong_output
6058,z,3152,6,no_effect
6059,pk,1796,3,validation_abort
6060,pk,2180,1,validation_abort
6061,packed_s,384,4,silent_wrong_output
6062,pk,2138,3,validation_abort
6063,pk,1891,0,validation_abort
6064,H_pk,3133,4,validation_abort
6065,packed_s,1146,2,silent_wrong_output
6066,packed_s,963,5,silent_wrong_output
6067,packed_s,884,4,silent_wrong_output
6068,pk,2393,2,validation_abort
6069,pk,2813,6,validation_abort
6070,packed_s,576,2,silent_wrong_output
6071,pk,2352,2,validation_abort
6072,packed_s,253,1,silent_wrong_output
6073,pk,2992,4,validation_abort
6074,packed_s,774,3,silent_wrong_output
6075,packed_s,812,7,silent_wrong_output
6076,packed_s,737,7,silent_wrong_output
6077,pk,1676,4,validation_abort
6078,packed_s,940,3,silent_wrong_output
6079,packed_s,984,5,silent_wrong_output
6080,pk,2267,2,validation_abort
6081,pk,2016,2,validation_abort
6082,packed_s,1220,7,silent_wrong_output
6083,packed_s,621,3,silent_wrong_output
6084,pk,2391,2,validation_abort
6085,pk,2884,6,validation_abort
6086,packed_s,1315,4,silent_wrong_output
6087,pk,2873,0,validation_abort
6088,packed_s,442,2,silent_wrong_output
6089,packed_s,349,4,silent_wrong_output
6090,pk,2902,5,validation_abort
6091,pk,2470,0,validation_abort
6092,pk,2570,3,validation_abort
6093,pk,2669,5,validation_abort
6094,packed_s,1100,2,silent_wrong_output
6095,pk,1954,0,validation_abort
6096,packed_s,1167,7,silent_wrong_output
6097,packed_s,1491,6,silent_wrong_output
6098,packed_s,874,0,silent_wrong_output
6099,pk,2402,0,validation_abort
6100,packed_s,1277,6,silent_wrong_output
6101,pk,2987,2,validation_abort
6102,pk,3094,6,validation_abort
6103,pk,2972,1,validation_abort
6104,pk,2746,2,validation_abort
6105,packed_s,207,3,silent_wrong_output
6106,pk,2072,6,validation_abort
6107,packed_s,1188,2,silent_wrong_output
6108,packed_s,593,4,silent_wrong_output
6109,pk,2737,2,validation_abort
6110,pk,1909,3,validation_abort
6111,pk,2478,1,validation_abort
6112,packed_s,757,1,silent_wrong_output
6113,packed_s,748,4,silent_wrong_output
6114,packed_s,110,0,silent_wrong_output
6115,pk,2889,1,validation_abort
6116,pk,2963,4,validation_abort
6117,packed_s,345,5,silent_wrong_output
6118,packed_s,962,6,silent_wrong_output
6119,pk,2000,0,validation_abort
6120,packed_s,847,4,silent_wrong_output
6121,pk,1873,5,validation_abort
6122,packed_s,305,3,silent_wrong_output
6123,pk,2182,2,validation_abort
6124,packed_s,69,2,silent_wrong_output
6125,pk,2363,6,validation_abort
6126,packed_s,1209,5,silent_wrong_output
6127,packed_s,1346,1,silent_wrong_output
6128,pk,2739,0,validation_abort
6129,pk,2319,7,validation_abort
6130,packed_s,783,7,silent_wrong_output
6131,pk,1865,7,validation_abort
6132,packed_s,597,3,silent_wrong_output
6133,packed_s,1182,7,silent_wrong_output
6134,packed_s,160,0,silent_wrong_output
6135,pk,2842,0,validation_abort
6136,packed_s,1221,2,silent_wrong_output
6137,pk,2243,4,validation_abort
6138,packed_s,1177,4,silent_wrong_output
6139,packed_s,241,1,silent_wrong_output
6140,pk,3043,5,validation_abort
6141,pk,2903,7,validation_abort
6142,pk,3082,2,validation_abort
6143,packed_s,246,1,silent_wrong_output
6144,packed_s,425,3,silent_wrong_output
6145,packed_s,218,2,silent_wrong_output
6146,pk,2771,2,validation_abort
6147,pk,2571,1,validation_abort
6148,z,3147,3,no_effect
6149,pk,2375,5,validation_abort
6150,pk,2387,5,validation_abort
6151,pk,1639,6,validation_abort
6152,packed_s,475,7,silent_wrong_output
6153,packed_s,1099,6,silent_wrong_output
6154,pk,2858,1,validation_abort
6155,packed_s,442,4,silent_wrong_output
6156,H_pk,3114,7,validation_abort
6157,pk,2472,5,validation_abort
6158,pk,2995,4,validation_abort
6159,packed_s,17,3,silent_wrong_output
6160,pk,1834,1,validation_abort
6161,pk,2017,7,validation_abort
6162,packed_s,1443,4,silent_wrong_output
6163,packed_s,1467,0,silent_wrong_output
6164,pk,1854,3,validation_abort
6165,packed_s,491,4,silent_wrong_output
6166,pk,2869,6,validation_abort
6167,pk,2456,4,validation_abort
6168,pk,2930,7,validation_abort
6169,packed_s,718,4,silent_wrong_output
6170,packed_s,1143,2,silent_wrong_output
6171,packed_s,20,7,silent_wrong_output
6172,packed_s,371,5,silent_wrong_output
6173,pk,3055,6,validation_abort
6174,pk,1775,7,validation_abort
6175,pk,1822,4,validation_abort
6176,pk,1691,3,validation_abort
6177,pk,1889,1,validation_abort
6178,packed_s,545,2,silent_wrong_output
6179,pk,2823,1,validation_abort
6180,pk,2430,7,validation_abort
6181,packed_s,1335,4,silent_wrong_output
6182,packed_s,1242,5,silent_wrong_output
6183,packed_s,732,7,silent_wrong_output
6184,pk,2714,4,validation_abort
6185,packed_s,607,0,silent_wrong_output
6186,pk,1782,4,validation_abort
6187,pk,2653,4,validation_abort
6188,pk,1900,4,validation_abort
6189,pk,2955,1,validation_abort
6190,packed_s,1534,4,silent_wrong_output
6191,packed_s,156,4,silent_wrong_output
6192,pk,1698,4,validation_abort
6193,packed_s,913,4,silent_wrong_output
6194,packed_s,889,2,silent_wrong_output
6195,pk,3056,4,validation_abort
6196,packed_s,37,5,silent_wrong_output
6197,pk,2971,6,validation_abort
6198,pk,1899,2,validation_abort
6199,pk,1893,4,validation_abort
6200,pk,2321,7,validation_abort
6201,packed_s,800,7,silent_wrong_output
6202,pk,1825,7,validation_abort
6203,packed_s,325,7,silent_wrong_output
6204,pk,2510,6,validation_abort
6205,pk,2551,7,validation_abort
6206,pk,3073,5,validation_abort
6207,packed_s,1198,4,silent_wrong_output
6208,pk,1663,1,validation_abort
6209,pk,2017,1,validation_abort
6210,pk,2036,5,validation_abort
6211,pk,1616,5,validation_abort
6212,pk,2201,4,validation_abort
6213,packed_s,916,5,silent_wrong_output
6214,pk,1946,3,validation_abort
6215,pk,1636,6,validation_abort
6216,packed_s,1004,5,silent_wrong_output
6217,packed_s,829,4,silent_wrong_output
6218,packed_s,650,5,silent_wrong_output
6219,pk,1694,7,validation_abort
6220,packed_s,521,5,silent_wrong_output
6221,pk,2014,7,validation_abort
6222,packed_s,1280,4,silent_wrong_output
6223,packed_s,237,4,silent_wrong_output
6224,packed_s,1041,3,silent_wrong_output
6225,pk,2197,5,validation_abort
6226,packed_s,97,1,silent_wrong_output
6227,packed_s,36,0,silent_wrong_output
6228,packed_s,325,2,silent_wrong_output
6229,pk,1882,6,validation_abort
6230,pk,2064,7,validation_abort
6231,pk,2356,2,validation_abort
6232,H_pk,3125,1,validation_abort
6233,pk,1638,0,validation_abort
6234,pk,2141,2,validation_abort
6235,pk,2456,5,validation_abort
6236,pk,2572,5,validation_abort
6237,pk,2218,2,validation_abort
6238,pk,3017,3,validation_abort
6239,packed_s,1387,6,silent_wrong_output
6240,pk,2842,4,validation_abort
6241,packed_s,935,7,silent_wrong_output
6242,pk,2491,0,validation_abort
6243,pk,2593,0,validation_abort
6244,pk,2384,1,validation_abort
6245,packed_s,1507,6,silent_wrong_output
6246,packed_s,1050,5,silent_wrong_output
6247,pk,1971,0,validation_abort
6248,pk,2307,3,validation_abort
6249,pk,1729,4,validation_abort
6250,pk,2458,1,validation_abort
6251,pk,1571,7,validation_abort
6252,packed_s,594,6,silent_wrong_output
6253,pk,2197,0,validation_abort
6254,H_pk,3116,1,validation_abort
6255,packed_s,793,3,silent_wrong_output
6256,pk,2390,0,validation_abort
6257,pk,1786,5,validation_abort
6258,packed_s,1141,5,silent_wrong_output
6259,pk,2142,4,validation_abort
6260,pk,1656,2,validation_abort
6261,packed_s,598,3,silent_wrong_output
6262,packed_s,980,2,silent_wrong_output
6263,packed_s,129,4,silent_wrong_output
6264,packed_s,1460,2,silent_wrong_output
6265,pk,1706,4,validation_abort
6266,pk,2607,0,validation_abort
6267,packed_s,1177,2,silent_wrong_output
6268,packed_s,7,4,silent_wrong_output
6269,packed_s,497,1,silent_wrong_output
6270,pk,2059,2,validation_abort
6271,pk,3057,6,validation_abort
6272,packed_s,474,0,silent_wrong_output
6273,pk,3012,1,validation_abort
6274,pk,2379,6,validation_abort
6275,packed_s,803,4,silent_wrong_output
6276,packed_s,783,7,silent_wrong_output
6277,pk,2205,4,validation_abort
6278,packed_s,272,7,silent_wrong_output
6279,pk,3093,5,validation_abort
6280,pk,2691,6,validation_abort
6281,pk,2625,5,validation_abort
6282,pk,2664,6,validation_abort
6283,pk,1664,4,validation_abort
6284,pk,2113,1,validation_abort
6285,pk,2907,7,validation_abort
6286,packed_s,689,2,silent_wrong_output
6287,pk,2233,2,validation_abort
6288,packed_s,502,6,silent_wrong_output
6289,packed_s,394,4,silent_wrong_output
6290,packed_s,1395,0,silent_wrong_output
6291,pk,2059,6,validation_abort
6292,pk,2361,6,validation_abort
6293,pk,2296,4,validation_abort
6294,packed_s,473,3,silent_wrong_output
6295,pk,2495,7,validation_abort
6296,packed_s,41,7,silent_wrong_output
6297,pk,2743,7,validation_abort
6298,packed_s,1139,5,silent_wrong_output
6299,pk,1900,3,validation_abort
6300,packed_s,540,1,silent_wrong_output
6301,packed_s,446,7,silent_wrong_output
6302,packed_s,101,6,silent_wrong_output
6303,pk,1794,4,validation_abort
6304,packed_s,1505,2,silent_wrong_output
6305,pk,2089,0,validation_abort
6306,packed_s,892,2,silent_wrong_output
6307,packed_s,849,5,silent_wrong_output
6308,pk,2431,1,validation_abort
6309,pk,2174,7,validation_abort
6310,pk,1757,6,validation_abort
6311,packed_s,1418,4,silent_wrong_output
6312,pk,2279,1,validation_abort
6313,packed_s,509,0,silent_wrong_output
6314,packed_s,122,0,silent_wrong_output
6315,packed_s,1024,0,silent_wrong_output
6316,pk,1868,0,validation_abort
6317,packed_s,863,1,silent_wrong_output
6318,pk,2480,5,validation_abort
6319,packed_s,1418,0,silent_wrong_output
6320,pk,1669,3,validation_abort
6321,packed_s,717,0,silent_wrong_output
6322,pk,2791,0,validation_abort
6323,pk,2747,4,validation_abort
6324,packed_s,1476,5,silent_wrong_output
6325,packed_s,1039,1,silent_wrong_output
6326,packed_s,280,2,silent_wrong_output
6327,pk,2057,2,validation_abort
6328,pk,1791,1,validation_abort
6329,pk,1891,1,validation_abort
6330,pk,2818,7,validation_abort
6331,packed_s,829,6,silent_wrong_output
6332,pk,2369,6,validation_abort
6333,pk,2799,2,validation_abort
6334,pk,1750,0,validation_abort
6335,pk,1940,2,validation_abort
6336,packed_s,884,2,silent_wrong_output
6337,pk,2962,7,validation_abort
6338,packed_s,132,1,silent_wrong_output
6339,pk,2668,1,validation_abort
6340,pk,1863,3,validation_abort
6341,packed_s,1120,1,silent_wrong_output
6342,pk,2969,1,validation_abort
6343,packed_s,541,2,silent_wrong_output
6344,pk,2476,4,validation_abort
6345,pk,1754,7,validation_abort
6346,packed_s,1367,0,silent_wrong_output
6347,packed_s,617,2,silent_wrong_output
6348,packed_s,571,0,silent_wrong_output
6349,packed_s,363,2,silent_wrong_output
6350,pk,2321,3,validation_abort
6351,pk,1672,6,validation_abort
6352,packed_s,101,0,silent_wrong_output
6353,pk,2609,7,validation_abort
6354,pk,2097,7,validation_abort
6355,packed_s,1097,4,silent_wrong_output
6356,packed_s,153,2,silent_wrong_output
6357,packed_s,1091,5,silent_wrong_output
6358,pk,2598,0,validation_abort
6359,pk,2703,4,validation_abort
6360,packed_s,122,4,silent_wrong_output
6361,packed_s,559,5,silent_wrong_output
6362,packed_s,320,7,silent_wrong_output
6363,pk,2208,6,validation_abort
6364,pk,1942,6,validation_abort
6365,packed_s,96,4,silent_wrong_output
6366,packed_s,924,5,silent_wrong_output
6367,pk,2198,4,validation_abort
6368,pk,2410,7,validation_abort
6369,packed_s,346,4,silent_wrong_output
6370,pk,2747,0,validation_abort
6371,packed_s,554,6,silent_wrong_output
6372,pk,1938,4,validation_abort
6373,packed_s,114,0,silent_wrong_output
6374,packed_s,1440,2,silent_wrong_output
6375,pk,2174,7,validation_abort
6376,packed_s,1168,5,silent_wrong_output
6377,pk,1656,3,validation_abort
6378,pk,1746,0,validation_abort
6379,packed_s,828,7,silent_wrong_output
6380,packed_s,1105,2,silent_wrong_output
6381,packed_s,849,1,silent_wrong_output
6382,pk,2122,1,validation_abort
6383,pk,2861,6,validation_abort
6384,packed_s,794,6,silent_wrong_output
6385,pk,2162,6,validation_abort
6386,packed_s,1112,3,silent_wrong_output
6387,packed_s,486,3,silent_wrong_output
6388,packed_s,915,7,silent_wrong_output
6389,pk,2456,4,validation_abort
6390,pk,2026,7,validation_abort
6391,packed_s,121,5,silent_wrong_output
6392,pk,2086,0,validation_abort
6393,packed_s,917,6,silent_wrong_output
6394,pk,1871,3,validation_abort
6395,pk,2978,1,validation_abort
6396,pk,2251,0,validation_abort
6397,packed_s,1490,3,silent_wrong_output
6398,pk,2800,0,validation_abort
6399,packed_s,978,2,silent_wrong_output
6400,packed_s,1531,6,silent_wrong_output
6401,packed_s,1110,7,silent_wrong_output
6402,pk,1710,5,validation_abort
6403,pk,2731,1,validation_abort
6404,packed_s,1226,4,silent_wrong_output
6405,packed_s,1489,6,silent_wrong_output
6406,pk,2755,2,validation_abort
6407,packed_s,1187,2,silent_wrong_output
6408,packed_s,1136,7,silent_wrong_output
6409,packed_s,1154,7,silent_wrong_output
6410,pk,2087,1,validation_abort
6411,pk,2074,4,validation_abort
6412,pk,2372,0,validation_abort
6413,pk,1597,6,validation_abort
6414,pk,2495,2,validation_abort
6415,pk,1597,5,validation_abort
6416,packed_s,1062,0,silent_wrong_output
6417,packed_s,933,5,silent_wrong_output
6418,pk,2062,7,validation_abort
6419,packed_s,1215,4,silent_wrong_output
6420,packed_s,190,3,silent_wrong_output
6421,pk,2843,5,validation_abort
6422,packed_s,1133,3,silent_wrong_output
6423,packed_s,1392,5,silent_wrong_output
6424,packed_s,56,3,silent_wrong_output
6425,packed_s,248,5,silent_wrong_output
6426,pk,1848,3,validation_abort
6427,pk,2782,6,validation_abort
6428,packed_s,894,1,silent_wrong_output
6429,pk,1618,6,validation_abort
6430,pk,2064,4,validation_abort
6431,packed_s,734,4,silent_wrong_output
6432,pk,3092,4,validation_abort
6433,packed_s,500,1,silent_wrong_output
6434,packed_s,1192,5,silent_wrong_output
6435,packed_s,524,6,silent_wrong_output
6436,packed_s,866,7,silent_wrong_output
6437,pk,2317,0,validation_abort
6438,pk,2850,3,validation_abort
6439,pk,2187,3,validation_abort
6440,pk,2941,2,validation_abort
6441,packed_s,210,2,silent_wrong_output
6442,pk,2469,3,validation_abort
6443,packed_s,365,2,silent_wrong_output
6444,packed_s,928,6,silent_wrong_output
6445,pk,1749,2,validation_abort
6446,packed_s,727,3,silent_wrong_output
6447,pk,1872,2,validation_abort
6448,pk,2271,2,validation_abort
6449,packed_s,552,3,silent_wrong_output
6450,pk,1587,3,validation_abort
6451,pk,2671,3,validation_abort
6452,pk,1924,2,validation_abort
6453,packed_s,187,1,silent_wrong_output
6454,pk,1931,7,validation_abort
6455,packed_s,334,6,silent_wrong_output
6456,pk,2685,6,validation_abort
6457,pk,1648,5,validation_abort
6458,packed_s,598,6,silent_wrong_output
6459,packed_s,972,7,silent_wrong_output
6460,pk,2027,0,validation_abort
6461,packed_s,784,4,silent_wrong_output
6462,pk,2368,4,validation_abort
6463,pk,1755,2,validation_abort
6464,z,3141,4,no_effect
6465,packed_s,1250,4,silent_wrong_output
6466,pk,1605,0,validation_abort
6467,pk,1614,2,validation_abort
6468,pk,2666,3,validation_abort
6469,packed_s,1393,7,silent_wrong_output
6470,pk,2988,1,validation_abort
6471,pk,1941,5,validation_abort
6472,pk,2287,5,validation_abort
6473,packed_s,673,6,silent_wrong_output
6474,packed_s,467,7,silent_wrong_output
6475,packed_s,390,1,silent_wrong_output
6476,pk,2884,1,validation_abort
6477,packed_s,163,3,silent_wrong_output
6478,pk,3091,3,validation_abort
6479,packed_s,672,7,silent_wrong_output
6480,pk,1713,0,validation_abort
6481,pk,2586,2,validation_abort
6482,pk,2317,5,validation_abort
6483,pk,1864,7,validation_abort
6484,packed_s,1257,2,silent_wrong_output
6485,packed_s,1131,5,silent_wrong_output
6486,packed_s,571,0,silent_wrong_output
6487,pk,2960,1,validation_abort
6488,packed_s,29,7,silent_wrong_output
6489,pk,2860,6,validation_abort
6490,pk,2737,2,validation_abort
6491,pk,2936,3,validation_abort
6492,packed_s,1422,4,silent_wrong_output
6493,pk,1684,5,validation_abort
6494,packed_s,372,4,silent_wrong_output
6495,packed_s,1517,3,silent_wrong_output
6496,packed_s,927,7,silent_wrong_output
6497,pk,2355,7,validation_abort
6498,packed_s,1181,6,silent_wrong_output
6499,packed_s,12,2,silent_wrong_output
6500,pk,1860,3,validation_abort
6501,packed_s,1346,3,silent_wrong_output
6502,packed_s,452,4,silent_wrong_output
6503,pk,1859,4,validation_abort
6504,pk,1712,0,validation_abort
6505,packed_s,659,1,silent_wrong_output
6506,pk,1713,2,validation_abort
6507,packed_s,813,6,silent_wrong_output
6508,pk,2552,5,validation_abort
6509,pk,2142,4,validation_abort
6510,packed_s,103,2,silent_wrong_output
6511,pk,2981,6,validation_abort
6512,packed_s,1126,2,silent_wrong_output
6513,packed_s,40,3,silent_wrong_output
6514,pk,2789,5,validation_abort
6515,pk,2707,1,validation_abort
6516,packed_s,1459,1,silent_wrong_output
6517,pk,2902,1,validation_abort
6518,packed_s,1270,7,silent_wrong_output
6519,pk,2049,2,validation_abort
6520,pk,2270,6,validation_abort
6521,pk,1845,5,validation_abort
6522,z,3160,0,no_effect
6523,packed_s,498,2,silent_wrong_output
6524,pk,2858,7,validation_abort
6525,packed_s,1136,7,silent_wrong_output
6526,packed_s,462,3,silent_wrong_output
6527,packed_s,256,4,silent_wrong_output
6528,packed_s,1463,1,silent_wrong_output
6529,pk,2546,1,validation_abort
6530,pk,1652,5,validation_abort
6531,packed_s,1062,0,silent_wrong_output
6532,pk,3061,6,validation_abort
6533,pk,2174,6,validation_abort
6534,pk,1843,2,validation_abort
6535,packed_s,347,1,silent_wrong_output
6536,packed_s,525,3,silent_wrong_output
6537,packed_s,1129,4,silent_wrong_output
6538,pk,2815,1,validation_abort
6539,pk,1824,2,validation_abort
6540,pk,1848,0,validation_abort
6541,pk,1879,7,validation_abort
6542,pk,3045,7,validation_abort
6543,packed_s,587,1,silent_wrong_output
6544,packed_s,174,0,silent_wrong_output
6545,packed_s,206,7,silent_wrong_output
6546,packed_s,1313,5,silent_wrong_output
6547,pk,2370,5,validation_abort
6548,packed_s,829,3,silent_wrong_output
6549,pk,1731,1,validation_abort
6550,pk,2926,2,validation_abort
6551,pk,2128,4,validation_abort
6552,packed_s,926,6,silent_wrong_output
6553,pk,2004,5,validation_abort
6554,packed_s,614,3,silent_wrong_output
6555,packed_s,374,5,silent_wrong_output
6556,pk,2905,6,validation_abort
6557,packed_s,265,2,silent_wrong_output
6558,packed_s,813,5,silent_wrong_output
6559,packed_s,142,3,silent_wrong_output
6560,pk,2973,2,validation_abort
6561,packed_s,96,3,silent_wrong_output
6562,packed_s,1402,4,silent_wrong_output
6563,pk,2256,7,validation_abort
6564,pk,1822,4,validation_abort
6565,pk,1601,4,validation_abort
6566,pk,1591,7,validation_abort
6567,pk,1612,6,validation_abort
6568,pk,2898,3,validation_abort
6569,packed_s,1318,4,silent_wrong_output
6570,packed_s,1437,1,silent_wrong_output
6571,packed_s,65,5,silent_wrong_output
6572,packed_s,1163,2,silent_wrong_output
6573,packed_s,859,5,silent_wrong_output
6574,packed_s,421,4,silent_wrong_output
6575,pk,2336,1,validation_abort
6576,packed_s,667,5,silent_wrong_output
6577,pk,2936,5,validation_abort
6578,packed_s,757,3,silent_wrong_output
6579,packed_s,614,4,silent_wrong_output
6580,pk,2283,4,validation_abort
6581,packed_s,703,4,silent_wrong_output
6582,pk,1607,3,validation_abort
6583,packed_s,369,0,silent_wrong_output
6584,packed_s,969,0,silent_wrong_output
6585,packed_s,66,3,silent_wrong_output
6586,pk,2608,6,validation_abort
6587,pk,1578,5,validation_abort
6588,pk,1588,7,validation_abort
6589,packed_s,135,0,silent_wrong_output
6590,pk,2396,6,validation_abort
6591,pk,2542,6,validation_abort
6592,pk,3024,3,validation_abort
6593,pk,2309,6,validation_abort
6594,packed_s,479,4,silent_wrong_output
6595,pk,2796,3,validation_abort
6596,packed_s,1535,0,silent_wrong_output
6597,packed_s,1459,0,silent_wrong_output
6598,packed_s,818,4,silent_wrong_output
6599,pk,1587,7,validation_abort
6600,packed_s,1080,3,silent_wrong_output
6601,pk,2306,1,validation_abort
6602,packed_s,958,2,silent_wrong_output
6603,packed_s,1485,5,silent_wrong_output
6604,packed_s,7,2,silent_wrong_output
6605,packed_s,1353,1,silent_wrong_output
6606,pk,2865,5,validation_abort
6607,packed_s,1144,5,silent_wrong_output
6608,packed_s,475,3,silent_wrong_output
6609,pk,1867,5,validation_abort
6610,pk,2498,2,validation_abort
6611,pk,2986,3,validation_abort
6612,pk,2857,4,validation_abort
6613,packed_s,1038,5,silent_wrong_output
6614,pk,3023,6,validation_abort
6615,pk,1830,0,validation_abort
6616,pk,1730,6,validation_abort
6617,packed_s,1340,6,silent_wrong_output
6618,pk,2887,7,validation_abort
6619,pk,2369,4,validation_abort
6620,pk,1987,1,validation_abort
6621,packed_s,908,7,silent_wrong_output
6622,pk,1995,3,validation_abort
6623,pk,2732,0,validation_abort
6624,packed_s,1278,5,silent_wrong_output
6625,pk,2253,7,validation_abort
6626,z,3163,4,no_effect
6627,packed_s,758,3,silent_wrong_output
6628,packed_s,1487,4,silent_wrong_output
6629,pk,2805,4,validation_abort
6630,packed_s,410,4,silent_wrong_output
6631,packed_s,141,6,silent_wrong_output
6632,packed_s,591,6,silent_wrong_output
6633,packed_s,1134,0,silent_wrong_output
6634,pk,1777,1,validation_abort
6635,pk,2113,4,validation_abort
6636,packed_s,548,0,silent_wrong_output
6637,packed_s,1286,3,silent_wrong_output
6638,packed_s,1503,7,silent_wrong_output
6639,pk,2246,7,validation_abort
6640,packed_s,1226,2,silent_wrong_output
6641,pk,2654,6,validation_abort
6642,pk,2306,3,validation_abort
6643,packed_s,1039,7,silent_wrong_output
6644,pk,2828,2,validation_abort
6645,packed_s,790,5,silent_wrong_output
6646,packed_s,433,4,silent_wrong_output
6647,packed_s,145,3,silent_wrong_output
6648,pk,2484,7,validation_abort
6649,packed_s,1374,6,silent_wrong_output
6650,pk,2868,4,validation_abort
6651,pk,2705,0,validation_abort
6652,pk,1790,4,validation_abort
6653,packed_s,335,1,silent_wrong_output
6654,pk,2436,0,validation_abort
6655,pk,1943,6,validation_abort
6656,z,3136,4,no_effect
6657,packed_s,371,3,silent_wrong_output
6658,packed_s,1011,6,silent_wrong_output
6659,pk,2929,5,validation_abort
6660,packed_s,832,0,silent_wrong_output
6661,pk,2014,1,validation_abort
6662,pk,1745,4,validation_abort
6663,packed_s,145,7,silent_wrong_output
6664,pk,1936,6,validation_abort
6665,packed_s,1042,7,silent_wrong_output
6666,packed_s,1330,2,silent_wrong_output
6667,packed_s,666,7,silent_wrong_output
6668,packed_s,514,2,silent_wrong_output
6669,packed_s,548,3,silent_wrong_output
6670,packed_s,514,5,silent_wrong_output
6671,pk,1896,4,validation_abort
6672,pk,1995,5,validation_abort
6673,packed_s,154,1,silent_wrong_output
6674,pk,1972,2,validation_abort
6675,pk,2490,6,validation_abort
6676,packed_s,202,3,silent_wrong_output
6677,packed_s,1127,2,silent_wrong_output
6678,pk,2388,6,validation_abort
6679,pk,2097,5,validation_abort
6680,pk,2393,6,validation_abort
6681,pk,2154,3,validation_abort
6682,pk,2418,0,validation_abort
6683,packed_s,1420,1,silent_wrong_output
6684,pk,2072,2,validation_abort
6685,packed_s,192,7,silent_wrong_output
6686,pk,1556,0,validation_abort
6687,packed_s,1245,4,silent_wrong_output
6688,pk,1942,1,validation_abort
6689,pk,2104,0,validation_abort
6690,packed_s,662,7,silent_wrong_output
6691,packed_s,472,3,silent_wrong_output
6692,packed_s,1380,2,silent_wrong_output
6693,packed_s,1107,6,silent_wrong_output
6694,packed_s,1358,1,silent_wrong_output
6695,z,3167,7,no_effect
6696,pk,1735,6,validation_abort
6697,pk,2941,5,validation_abort
6698,packed_s,523,3,silent_wrong_output
6699,packed_s,1505,5,silent_wrong_output
6700,packed_s,359,4,silent_wrong_output
6701,pk,1722,1,validation_abort
6702,packed_s,283,4,silent_wrong_output
6703,packed_s,698,4,silent_wrong_output
6704,pk,2607,5,validation_abort
6705,packed_s,1509,0,silent_wrong_output
6706,pk,2015,5,validation_abort
6707,pk,2617,7,validation_abort
6708,packed_s,978,3,silent_wrong_output
6709,pk,2888,4,validation_abort
6710,packed_s,1512,1,silent_wrong_output
6711,pk,2901,0,validation_abort
6712,packed_s,583,4,silent_wrong_output
6713,packed_s,1503,5,silent_wrong_output
6714,pk,1605,3,validation_abort
6715,packed_s,1283,6,silent_wrong_output
6716,packed_s,1045,1,silent_wrong_output
6717,packed_s,987,0,silent_wrong_output
6718,pk,2600,3,validation_abort
6719,pk,2839,7,validation_abort
6720,pk,2318,7,validation_abort
6721,z,3146,6,no_effect
6722,packed_s,1018,3,silent_wrong_output
6723,packed_s,673,6,silent_wrong_output
6724,pk,1939,6,validation_abort
6725,pk,1572,7,validation_abort
6726,pk,1860,3,validation_abort
6727,packed_s,1163,0,silent_wrong_output
6728,packed_s,27,6,silent_wrong_output
6729,pk,1747,3,validation_abort
6730,packed_s,1040,7,silent_wrong_output
6731,pk,1571,2,validation_abort
6732,pk,2282,1,validation_abort
6733,pk,2974,5,validation_abort
6734,packed_s,223,4,silent_wrong_output
6735,pk,1931,2,validation_abort
6736,packed_s,716,3,silent_wrong_output
6737,packed_s,1231,2,silent_wrong_output
6738,pk,2039,6,validation_abort
6739,pk,2521,5,validation_abort
6740,packed_s,811,3,silent_wrong_output
6741,packed_s,1032,2,silent_wrong_output
6742,pk,2164,7,validation_abort
6743,packed_s,851,2,silent_wrong_output
6744,packed_s,251,5,silent_wrong_output
6745,pk,2019,1,validation_abort
6746,packed_s,1054,0,silent_wrong_output
6747,pk,2649,7,validation_abort
6748,pk,2185,3,validation_abort
6749,packed_s,220,1,silent_wrong_output
6750,packed_s,1434,5,silent_wrong_output
6751,packed_s,1071,3,silent_wrong_output
6752,pk,2104,5,validation_abort
6753,packed_s,1354,1,silent_wrong_output
6754,packed_s,311,7,silent_wrong_output
6755,packed_s,656,6,silent_wrong_output
6756,pk,2412,5,validation_abort
6757,packed_s,847,2,silent_wrong_output
6758,packed_s,1247,0,silent_wrong_output
6759,pk,2176,5,validation_abort
6760,pk,1862,5,validation_abort
6761,pk,2989,0,validation_abort
6762,pk,2887,5,validation_abort
6763,pk,2654,6,validation_abort
6764,pk,2083,0,validation_abort
6765,pk,2808,2,validation_abort
6766,pk,2549,3,validation_abort
6767,packed_s,95,5,silent_wrong_output
6768,packed_s,785,0,silent_wrong_output
6769,packed_s,892,0,silent_wrong_output
6770,packed_s,1523,4,silent_wrong_output
6771,packed_s,407,2,silent_wrong_output
6772,packed_s,1086,3,silent_wrong_output
6773,pk,2014,5,validation_abort
6774,pk,2608,2,validation_abort
6775,pk,3004,2,validation_abort
6776,pk,3041,1,validation_abort
6777,pk,2826,7,validation_abort
6778,pk,2859,1,validation_abort
6779,pk,2530,6,validation_abort
6780,packed_s,1508,7,silent_wrong_output
6781,pk,2907,4,validation_abort
6782,packed_s,530,7,silent_wrong_output
6783,packed_s,867,2,silent_wrong_output
6784,packed_s,1158,0,silent_wrong_output
6785,pk,2584,0,validation_abort
6786,packed_s,565,7,silent_wrong_output
6787,packed_s,734,6,silent_wrong_output
6788,H_pk,3126,2,validation_abort
6789,pk,2754,1,validation_abort
6790,pk,1759,5,validation_abort
6791,packed_s,1194,6,silent_wrong_output
6792,packed_s,734,1,silent_wrong_output
6793,packed_s,205,7,silent_wrong_output
6794,pk,2308,3,validation_abort
6795,H_pk,3106,5,validation_abort
6796,pk,2079,1,validation_abort
6797,packed_s,71,3,silent_wrong_output
6798,pk,2962,0,validation_abort
6799,packed_s,1221,6,silent_wrong_output
6800,packed_s,1335,4,silent_wrong_output
6801,pk,2522,6,validation_abort
6802,pk,1669,5,validation_abort
6803,packed_s,926,4,silent_wrong_output
6804,pk,2870,2,validation_abort
6805,pk,2939,6,validation_abort
6806,packed_s,808,7,silent_wrong_output
6807,packed_s,200,0,silent_wrong_output
6808,packed_s,948,1,silent_wrong_output
6809,pk,3014,2,validation_abort
6810,pk,2469,2,validation_abort
6811,packed_s,1126,2,silent_wrong_output
6812,pk,2805,2,validation_abort
6813,pk,2210,3,validation_abort
6814,pk,1754,7,validation_abort
6815,packed_s,970,6,silent_wrong_output
6816,packed_s,952,7,silent_wrong_output
6817,packed_s,1350,6,silent_wrong_output
6818,pk,1734,3,validation_abort
6819,pk,2864,7,validation_abort
6820,pk,1694,0,validation_abort
6821,packed_s,192,6,silent_wrong_output
6822,packed_s,44,6,silent_wrong_output
6823,pk,2573,7,validation_abort
6824,pk,2780,2,validation_abort
6825,packed_s,631,0,silent_wrong_output
6826,pk,2358,5,validation_abort
6827,pk,2700,0,validation_abort
6828,pk,1570,6,validation_abort
6829,packed_s,838,1,silent_wrong_output
6830,pk,1909,5,validation_abort
6831,pk,2634,0,validation_abort
6832,pk,2348,7,validation_abort
6833,packed_s,284,4,silent_wrong_output
6834,pk,2265,1,validation_abort
6835,packed_s,924,0,silent_wrong_output
6836,packed_s,1346,2,silent_wrong_output
6837,pk,2342,1,validation_abort
6838,packed_s,1392,4,silent_wrong_output
6839,packed_s,1434,4,silent_wrong_output
6840,packed_s,425,4,silent_wrong_output
6841,pk,3004,2,validation_abort
6842,pk,1893,1,validation_abort
6843,packed_s,757,1,silent_wrong_output
6844,pk,2727,7,validation_abort
6845,packed_s,1327,2,silent_wrong_output
6846,pk,1983,2,validation_abort
6847,pk,2541,3,validation_abort
6848,pk,2088,2,validation_abort
6849,pk,2048,6,validation_abort
6850,packed_s,122,2,silent_wrong_output
6851,packed_s,1082,6,silent_wrong_output
6852,packed_s,667,2,silent_wrong_output
6853,packed_s,1320,5,silent_wrong_output
6854,packed_s,794,4,silent_wrong_output
6855,packed_s,395,6,silent_wrong_output
6856,pk,2828,4,validation_abort
6857,packed_s,1287,6,silent_wrong_output
6858,packed_s,1327,4,silent_wrong_output
6859,packed_s,1511,4,silent_wrong_output
6860,pk,1840,2,validation_abort
6861,pk,2411,6,validation_abort
6862,pk,2794,6,validation_abort
6863,pk,1914,3,validation_abort
6864,packed_s,345,3,silent_wrong_output
6865,pk,2166,4,validation_abort
6866,pk,2780,2,validation_abort
6867,packed_s,1418,4,silent_wrong_output
6868,packed_s,412,4,silent_wrong_output
6869,pk,3044,2,validation_abort
6870,packed_s,560,7,silent_wrong_output
6871,packed_s,1231,4,silent_wrong_output
6872,packed_s,996,4,silent_wrong_output
6873,packed_s,1474,0,silent_wrong_output
6874,packed_s,1069,4,silent_wrong_output
6875,pk,1769,5,validation_abort
6876,packed_s,75,5,silent_wrong_output
6877,H_pk,3121,2,validation_abort
6878,packed_s,1286,5,silent_wrong_output
6879,pk,1757,3,validation_abort
6880,packed_s,908,0,silent_wrong_output
6881,packed_s,1093,0,silent_wrong_output
6882,pk,2368,2,validation_abort
6883,pk,2079,0,validation_abort
6884,pk,2585,0,validation_abort
6885,pk,2840,5,validation_abort
6886,packed_s,434,1,silent_wrong_output
6887,pk,1620,7,validation_abort
6888,packed_s,1076,5,silent_wrong_output
6889,packed_s,505,6,silent_wrong_output
6890,packed_s,1236,5,silent_wrong_output
6891,packed_s,555,3,silent_wrong_output
6892,pk,2991,5,validation_abort
6893,pk,2082,6,validation_abort
6894,packed_s,45,1,silent_wrong_output
6895,packed_s,815,7,silent_wrong_output
6896,packed_s,1174,4,silent_wrong_output
6897,pk,1853,2,validation_abort
6898,packed_s,600,0,silent_wrong_output
6899,pk,3062,4,validation_abort
6900,pk,2769,6,validation_abort
6901,packed_s,211,1,silent_wrong_output
6902,pk,2765,1,validation_abort
6903,pk,2649,6,validation_abort
6904,pk,2924,0,validation_abort
6905,packed_s,326,2,silent_wrong_output
6906,pk,1680,3,validation_abort
6907,pk,2223,3,validation_abort
6908,packed_s,410,3,silent_wrong_output
6909,packed_s,1104,2,silent_wrong_output
6910,H_pk,3117,3,validation_abort
6911,packed_s,1167,6,silent_wrong_output
6912,pk,1819,4,validation_abort
6913,pk,1834,0,validation_abort
6914,pk,1885,2,validation_abort
6915,packed_s,546,6,silent_wrong_output
6916,pk,2470,1,validation_abort
6917,pk,2416,2,validation_abort
6918,pk,2977,5,validation_abort
6919,pk,1806,2,validation_abort
6920,packed_s,1421,3,silent_wrong_output
6921,packed_s,15,2,silent_wrong_output
6922,pk,1899,2,validation_abort
6923,pk,3003,5,validation_abort
6924,packed_s,1458,0,silent_wrong_output
6925,pk,2548,0,validation_abort
6926,packed_s,1163,4,silent_wrong_output
6927,pk,2750,7,validation_abort
6928,packed_s,1441,0,silent_wrong_output
6929,pk,2122,3,validation_abort
6930,packed_s,1276,7,silent_wrong_output
6931,pk,1763,4,validation_abort
6932,packed_s,583,5,silent_wrong_output
6933,packed_s,556,6,silent_wrong_output
6934,packed_s,66,5,silent_wrong_output
6935,packed_s,53,0,silent_wrong_output
6936,packed_s,356,6,silent_wrong_output
6937,packed_s,1521,2,silent_wrong_output
6938,pk,2901,0,validation_abort
6939,packed_s,1335,7,silent_wrong_output
6940,pk,2732,6,validation_abort
6941,packed_s,472,1,silent_wrong_output
6942,pk,2009,2,validation_abort
6943,pk,2843,0,validation_abort
6944,pk,1894,7,validation_abort
6945,pk,2397,5,validation_abort
6946,pk,2694,7,validation_abort
6947,packed_s,1176,4,silent_wrong_output
6948,pk,2167,6,validation_abort
6949,pk,2434,7,validation_abort
6950,pk,2436,1,validation_abort
6951,pk,2261,7,validation_abort
6952,packed_s,1380,0,silent_wrong_output
6953,pk,1600,6,validation_abort
6954,packed_s,564,2,silent_wrong_output
6955,pk,2674,5,validation_abort
6956,pk,2122,1,validation_abort
6957,pk,2790,1,validation_abort
6958,pk,1720,6,validation_abort
6959,H_pk,3115,1,validation_abort
6960,packed_s,627,4,silent_wrong_output
6961,packed_s,668,1,silent_wrong_output
6962,packed_s,1421,6,silent_wrong_output
6963,packed_s,265,2,silent_wrong_output
6964,packed_s,959,2,silent_wrong_output
6965,packed_s,1308,6,silent_wrong_output
6966,packed_s,385,6,silent_wrong_output
6967,packed_s,351,3,silent_wrong_output
6968,pk,1892,3,validation_abort
6969,pk,2548,7,validation_abort
6970,pk,2284,6,validation_abort
6971,packed_s,1093,2,silent_wrong_output
6972,packed_s,45,5,silent_wrong_output
6973,packed_s,1491,1,silent_wrong_output
6974,packed_s,251,5,silent_wrong_output
6975,pk,2668,2,validation_abort
6976,packed_s,886,2,silent_wrong_output
6977,packed_s,1175,3,silent_wrong_output
6978,packed_s,471,1,silent_wrong_output
6979,pk,2297,5,validation_abort
6980,pk,2857,7,validation_abort
6981,pk,3027,6,validation_abort
6982,pk,1990,5,validation_abort
6983,pk,3089,5,validation_abort
6984,pk,2582,0,validation_abort
6985,pk,2301,1,validation_abort
6986,pk,2310,3,validation_abort
6987,pk,2031,7,validation_abort
6988,packed_s,451,3,silent_wrong_output
6989,pk,1795,5,validation_abort
6990,packed_s,996,5,silent_wrong_output
6991,pk,2426,1,validation_abort
6992,packed_s,208,7,silent_wrong_output
6993,packed_s,1392,0,silent_wrong_output
6994,packed_s,1395,7,silent_wrong_output
6995,pk,1881,6,validation_abort
6996,pk,3091,3,validation_abort
6997,packed_s,768,7,silent_wrong_output
6998,packed_s,883,5,silent_wrong_output
6999,pk,3047,4,validation_abort
7000,packed_s,1175,6,silent_wrong_output
7001,pk,2539,5,validation_abort
7002,pk,1777,5,validation_abort
7003,pk,2717,1,validation_abort
7004,pk,3058,2,validation_abort
7005,packed_s,805,7,silent_wrong_output
7006,packed_s,38,5,silent_wrong_output
7007,packed_s,1346,6,silent_wrong_output
7008,pk,2671,7,validation_abort
7009,packed_s,722,3,silent_wrong_output
7010,packed_s,1175,2,silent_wrong_output
7011,pk,2285,4,validation_abort
7012,pk,1590,5,validation_abort
7013,pk,3004,5,validation_abort
7014,pk,2820,5,validation_abort
7015,packed_s,307,6,silent_wrong_output
7016,pk,2516,2,validation_abort
7017,packed_s,453,2,silent_wrong_output
7018,pk,2185,4,validation_abort
7019,packed_s,76,4,silent_wrong_output
7020,pk,2778,2,validation_abort
7021,pk,2316,0,validation_abort
7022,packed_s,744,0,silent_wrong_output
7023,pk,2608,7,validation_abort
7024,pk,2785,1,validation_abort
7025,pk,2425,7,validation_abort
7026,packed_s,531,6,silent_wrong_output
7027,packed_s,871,2,silent_wrong_output
7028,pk,3024,1,validation_abort
7029,pk,1588,4,validation_abort
7030,packed_s,648,0,silent_wrong_output
7031,packed_s,1311,2,silent_wrong_output
7032,pk,1928,6,validation_abort
7033,packed_s,2,0,silent_wrong_output
7034,pk,2961,2,validation_abort
7035,packed_s,420,5,silent_wrong_output
7036,packed_s,286,3,silent_wrong_output
7037,pk,2940,2,validation_abort
7038,packed_s,650,0,silent_wrong_output
7039,pk,2517,1,validation_abort
7040,pk,3019,7,validation_abort
7041,pk,1723,7,validation_abort
7042,packed_s,507,7,silent_wrong_output
7043,pk,2736,5,validation_abort
7044,pk,1825,1,validation_abort
7045,pk,2283,5,validation_abort
7046,packed_s,1361,4,silent_wrong_output
7047,packed_s,419,1,silent_wrong_output
7048,packed_s,467,7,silent_wrong_output
7049,pk,2186,2,validation_abort
7050,pk,2826,1,validation_abort
7051,packed_s,441,3,silent_wrong_output
7052,pk,3041,6,validation_abort
7053,pk,1916,1,validation_abort
7054,packed_s,1166,7,silent_wrong_output
7055,pk,2935,0,validation_abort
7056,pk,1793,5,validation_abort
7057,pk,2299,2,validation_abort
7058,pk,2111,0,validation_abort
7059,pk,2433,0,validation_abort
7060,pk,1772,3,validation_abort
7061,pk,1732,7,validation_abort
7062,packed_s,1149,0,silent_wrong_output
7063,pk,1955,4,validation_abort
7064,pk,2843,0,validation_abort
7065,packed_s,1331,3,silent_wrong_output
7066,packed_s,749,7,silent_wrong_output
7067,packed_s,178,0,silent_wrong_output
7068,packed_s,1291,6,silent_wrong_output
7069,pk,1711,0,validation_abort
7070,packed_s,37,5,silent_wrong_output
7071,pk,2830,0,validation_abort
7072,z,3151,5,no_effect
7073,packed_s,546,0,silent_wrong_output
7074,pk,1951,6,validation_abort
7075,pk,2953,1,validation_abort
7076,packed_s,1416,1,silent_wrong_output
7077,packed_s,789,5,silent_wrong_output
7078,pk,1826,5,validation_abort
7079,pk,2158,4,validation_abort
7080,packed_s,1068,5,silent_wrong_output
7081,H_pk,3129,1,validation_abort
7082,packed_s,1063,7,silent_wrong_output
7083,pk,2042,6,validation_abort
7084,packed_s,1417,2,silent_wrong_output
7085,packed_s,303,0,silent_wrong_output
7086,packed_s,959,0,silent_wrong_output
7087,packed_s,1292,0,silent_wrong_output
7088,packed_s,1381,5,silent_wrong_output
7089,pk,2580,1,validation_abort
7090,packed_s,809,0,silent_wrong_output
7091,packed_s,111,5,silent_wrong_output
7092,pk,2223,6,validation_abort
7093,packed_s,516,7,silent_wrong_output
7094,pk,1897,6,validation_abort
7095,pk,2407,4,validation_abort
7096,packed_s,33,4,silent_wrong_output
7097,pk,1575,5,validation_abort
7098,pk,2636,5,validation_abort
7099,pk,2774,3,validation_abort
7100,packed_s,878,3,silent_wrong_output
7101,packed_s,1011,5,silent_wrong_output
7102,packed_s,1254,2,silent_wrong_output
7103,packed_s,707,5,silent_wrong_output
7104,packed_s,1397,2,silent_wrong_output
7105,pk,2655,2,validation_abort
7106,packed_s,1382,6,silent_wrong_output
7107,packed_s,1439,0,silent_wrong_output
7108,packed_s,106,4,silent_wrong_output
7109,packed_s,1254,3,silent_wrong_output
7110,pk,2492,3,validation_abort
7111,packed_s,481,6,silent_wrong_output
7112,packed_s,192,1,silent_wrong_output
7113,packed_s,303,3,silent_wrong_output
7114,packed_s,379,1,silent_wrong_output
7115,packed_s,917,3,silent_wrong_output
7116,pk,2095,5,validation_abort
7117,packed_s,522,1,silent_wrong_output
7118,packed_s,962,4,silent_wrong_output
7119,pk,2303,2,validation_abort
7120,pk,2165,4,validation_abort
7121,pk,2142,6,validation_abort
7122,pk,2302,0,validation_abort
7123,pk,2897,7,validation_abort
7124,pk,2892,3,validation_abort
7125,packed_s,1309,5,silent_wrong_output
7126,pk,2259,5,validation_abort
7127,pk,2860,1,validation_abort
7128,pk,2228,2,validation_abort
7129,packed_s,778,7,silent_wrong_output
7130,packed_s,1075,6,silent_wrong_output
7131,pk,2169,0,validation_abort
7132,pk,1685,3,validation_abort
7133,packed_s,958,1,silent_wrong_output
7134,packed_s,638,4,silent_wrong_output
7135,pk,2794,0,validation_abort
7136,pk,2834,0,validation_abort
7137,pk,1704,0,validation_abort
7138,pk,2239,1,validation_abort
7139,pk,2502,4,validation_abort
7140,pk,2728,6,validation_abort
7141,packed_s,342,6,silent_wrong_output
7142,pk,2709,6,validation_abort
7143,pk,2665,7,validation_abort
7144,packed_s,1242,0,silent_wrong_output
7145,packed_s,1235,6,silent_wrong_output
7146,packed_s,189,5,silent_wrong_output
7147,packed_s,890,4,silent_wrong_output
7148,pk,2339,5,validation_abort
7149,packed_s,600,7,silent_wrong_output
7150,pk,1818,2,validation_abort
7151,pk,2289,0,validation_abort
7152,pk,3068,6,validation_abort
7153,packed_s,1247,0,silent_wrong_output
7154,pk,1832,6,validation_abort
7155,packed_s,13,7,silent_wrong_output
7156,pk,2426,5,validation_abort
7157,packed_s,455,0,silent_wrong_output
7158,packed_s,49,0,silent_wrong_output
7159,pk,2302,3,validation_abort
7160,packed_s,512,7,silent_wrong_output
7161,packed_s,202,0,silent_wrong_output
7162,pk,1826,3,validation_abort
7163,packed_s,1478,6,silent_wrong_output
7164,pk,2042,3,validation_abort
7165,packed_s,242,3,silent_wrong_output
7166,packed_s,793,7,silent_wrong_output
7167,packed_s,177,6,silent_wrong_output
7168,packed_s,1015,7,silent_wrong_output
7169,packed_s,784,2,silent_wrong_output
7170,packed_s,467,7,silent_wrong_output
7171,packed_s,1305,0,silent_wrong_output
7172,pk,2110,5,validation_abort
7173,packed_s,787,0,silent_wrong_output
7174,packed_s,1324,6,silent_wrong_output
7175,pk,2747,4,validation_abort
7176,packed_s,33,2,silent_wrong_output
7177,packed_s,1277,2,silent_wrong_output
7178,pk,2536,5,validation_abort
7179,pk,2390,2,validation_abort
7180,pk,2048,7,validation_abort
7181,packed_s,1489,1,silent_wrong_output
7182,packed_s,1015,7,silent_wrong_output
7183,pk,2820,4,validation_abort
7184,pk,2454,7,validation_abort
7185,packed_s,2,1,silent_wrong_output
7186,packed_s,1215,2,silent_wrong_output
7187,packed_s,255,5,silent_wrong_output
7188,pk,2445,3,validation_abort
7189,packed_s,259,1,silent_wrong_output
7190,packed_s,128,2,silent_wrong_output
7191,pk,1963,2,validation_abort
7192,H_pk,3117,6,validation_abort
7193,pk,2524,4,validation_abort
7194,packed_s,1430,6,silent_wrong_output
7195,pk,2549,3,validation_abort
7196,packed_s,39,0,silent_wrong_output
7197,packed_s,622,1,silent_wrong_output
7198,pk,2738,0,validation_abort
7199,packed_s,1096,1,silent_wrong_output
7200,pk,2782,6,validation_abort
7201,pk,2151,2,validation_abort
7202,pk,2252,4,validation_abort
7203,packed_s,1293,0,silent_wrong_output
7204,pk,2969,7,validation_abort
7205,packed_s,792,7,silent_wrong_output
7206,packed_s,1501,3,silent_wrong_output
7207,packed_s,389,7,silent_wrong_output
7208,packed_s,244,4,silent_wrong_output
7209,pk,2196,5,validation_abort
7210,pk,1540,4,validation_abort
7211,packed_s,1371,5,silent_wrong_output
7212,pk,2587,1,validation_abort
7213,pk,1884,6,validation_abort
7214,pk,1538,0,validation_abort
7215,packed_s,1115,6,silent_wrong_output
7216,packed_s,757,7,silent_wrong_output
7217,packed_s,885,5,silent_wrong_output
7218,pk,2036,3,validation_abort
7219,pk,1975,6,validation_abort
7220,packed_s,1219,0,silent_wrong_output
7221,packed_s,1188,1,silent_wrong_output
7222,packed_s,494,4,silent_wrong_output
7223,packed_s,942,2,silent_wrong_output
7224,packed_s,1281,7,silent_wrong_output
7225,packed_s,205,1,silent_wrong_output
7226,pk,2637,0,validation_abort
7227,packed_s,578,4,silent_wrong_output
7228,packed_s,91,0,silent_wrong_output
7229,pk,1728,1,validation_abort
7230,pk,1667,1,validation_abort
7231,packed_s,588,0,silent_wrong_output
7232,pk,2762,3,validation_abort
7233,pk,2516,6,validation_abort
7234,packed_s,1375,4,silent_wrong_output
7235,pk,2691,1,validation_abort
7236,pk,3026,1,validation_abort
7237,pk,2389,0,validation_abort
7238,packed_s,622,3,silent_wrong_output
7239,pk,2789,7,validation_abort
7240,pk,1883,4,validation_abort
7241,packed_s,913,4,silent_wrong_output
7242,packed_s,1009,4,silent_wrong_output
7243,pk,2427,2,validation_abort
7244,pk,2930,0,validation_abort
7245,packed_s,1048,0,silent_wrong_output
7246,pk,1823,2,validation_abort
7247,pk,2177,3,validation_abort
7248,pk,3068,7,validation_abort
7249,pk,1858,0,validation_abort
7250,pk,2130,3,validation_abort
7251,pk,3054,4,validation_abort
7252,pk,2241,3,validation_abort
7253,pk,2136,7,validation_abort
7254,packed_s,84,0,silent_wrong_output
7255,pk,1896,2,validation_abort
7256,packed_s,428,4,silent_wrong_output
7257,pk,2509,4,validation_abort
7258,packed_s,431,7,silent_wrong_output
7259,pk,2903,0,validation_abort
7260,packed_s,927,3,silent_wrong_output
7261,packed_s,1070,6,silent_wrong_output
7262,packed_s,241,5,silent_wrong_output
7263,pk,2726,0,validation_abort
7264,pk,2932,0,validation_abort
7265,pk,1802,7,validation_abort
7266,pk,1846,0,validation_abort
7267,pk,1897,6,validation_abort
7268,pk,2655,0,validation_abort
7269,packed_s,448,1,silent_wrong_output
7270,packed_s,617,2,silent_wrong_output
7271,pk,1584,2,validation_abort
7272,packed_s,1260,0,silent_wrong_output
7273,packed_s,1352,4,silent_wrong_output
7274,pk,2621,4,validation_abort
7275,packed_s,26,2,silent_wrong_output
7276,pk,3028,2,validation_abort
7277,packed_s,249,2,silent_wrong_output
7278,packed_s,456,3,silent_wrong_output
7279,pk,2681,3,validation_abort
7280,pk,1857,1,validation_abort
7281,pk,3049,6,validation_abort
7282,pk,1545,4,validation_abort
7283,pk,2224,6,validation_abort
7284,packed_s,1351,2,silent_wrong_output
7285,pk,2999,6,validation_abort
7286,pk,2279,1,validation_abort
7287,pk,2033,0,validation_abort
7288,pk,1862,4,validation_abort
7289,packed_s,333,5,silent_wrong_output
7290,pk,2066,4,validation_abort
7291,pk,1787,2,validation_abort
7292,packed_s,1279,1,silent_wrong_output
7293,pk,2266,1,validation_abort
7294,packed_s,1330,1,silent_wrong_output
7295,pk,2797,3,validation_abort
7296,packed_s,1453,3,silent_wrong_output
7297,packed_s,110,1,silent_wrong_output
7298,packed_s,1031,3,silent_wrong_output
7299,pk,2863,5,validation_abort
7300,packed_s,613,0,silent_wrong_output
7301,pk,2910,5,validation_abort
7302,pk,1881,6,validation_abort
7303,pk,2961,3,validation_abort
7304,packed_s,913,0,silent_wrong_output
7305,packed_s,913,7,silent_wrong_output
7306,pk,2840,2,validation_abort
7307,pk,3034,7,validation_abort
7308,packed_s,1328,5,silent_wrong_output
7309,packed_s,614,2,silent_wrong_output
7310,packed_s,1255,0,silent_wrong_output
7311,pk,2536,1,validation_abort
7312,packed_s,409,6,silent_wrong_output
7313,packed_s,782,3,silent_wrong_output
7314,pk,1815,3,validation_abort
7315,packed_s,410,0,silent_wrong_output
7316,packed_s,927,0,silent_wrong_output
7317,pk,2598,2,validation_abort
7318,pk,2644,0,validation_abort
7319,pk,2856,5,validation_abort
7320,pk,2161,7,validation_abort
7321,pk,2321,6,validation_abort
7322,packed_s,509,7,silent_wrong_output
7323,pk,2417,4,validation_abort
7324,packed_s,1084,6,silent_wrong_output
7325,packed_s,69,5,silent_wrong_output
7326,pk,1913,0,validation_abort
7327,pk,2047,6,validation_abort
7328,packed_s,517,1,silent_wrong_output
7329,packed_s,374,5,silent_wrong_output
7330,packed_s,133,3,silent_wrong_output
7331,pk,2951,2,validation_abort
7332,pk,2211,5,validation_abort
7333,packed_s,14,4,silent_wrong_output
7334,packed_s,966,7,silent_wrong_output
7335,packed_s,600,3,silent_wrong_output
7336,packed_s,203,0,silent_wrong_output
7337,packed_s,186,7,silent_wrong_output
7338,packed_s,616,4,silent_wrong_output
7339,pk,2665,4,validation_abort
7340,packed_s,1218,3,silent_wrong_output
7341,pk,2477,6,validation_abort
7342,packed_s,739,5,silent_wrong_output
7343,pk,2503,6,validation_abort
7344,packed_s,116,2,silent_wrong_output
7345,packed_s,720,2,silent_wrong_output
7346,packed_s,21,6,silent_wrong_output
7347,pk,2764,0,validation_abort
7348,packed_s,1058,3,silent_wrong_output
7349,packed_s,1149,1,silent_wrong_output
7350,pk,2263,7,validation_abort
7351,packed_s,820,1,silent_wrong_output
7352,packed_s,251,0,silent_wrong_output
7353,pk,3065,0,validation_abort
7354,pk,2499,6,validation_abort
7355,packed_s,755,5,silent_wrong_output
7356,packed_s,325,7,silent_wrong_output
7357,packed_s,363,6,silent_wrong_output
7358,packed_s,1399,7,silent_wrong_output
7359,pk,2837,2,validation_abort
7360,pk,2153,0,validation_abort
7361,pk,3099,3,validation_abort
7362,pk,1950,0,validation_abort
7363,packed_s,29,4,silent_wrong_output
7364,pk,1820,4,validation_abort
7365,pk,3058,6,validation_abort
7366,packed_s,1486,2,silent_wrong_output
7367,pk,2072,2,validation_abort
7368,packed_s,877,6,silent_wrong_output
7369,packed_s,1015,5,silent_wrong_output
7370,packed_s,488,7,silent_wrong_output
7371,pk,1582,3,validation_abort
7372,pk,2820,6,validation_abort
7373,pk,2939,1,validation_abort
7374,packed_s,24,7,silent_wrong_output
7375,pk,3098,5,validation_abort
7376,packed_s,948,4,silent_wrong_output
7377,H_pk,3129,7,validation_abort
7378,packed_s,1344,5,silent_wrong_output
7379,pk,2645,3,validation_abort
7380,pk,1873,6,validation_abort
7381,pk,2738,2,validation_abort
7382,packed_s,918,5,silent_wrong_output
7383,packed_s,273,0,silent_wrong_output
7384,packed_s,1505,2,silent_wrong_output
7385,pk,2228,5,validation_abort
7386,packed_s,796,0,silent_wrong_output
7387,pk,2569,6,validation_abort
7388,packed_s,603,7,silent_wrong_output
7389,packed_s,979,3,silent_wrong_output
7390,packed_s,235,0,silent_wrong_output
7391,pk,2749,2,validation_abort
7392,pk,2311,5,validation_abort
7393,pk,2722,0,validation_abort
7394,pk,2684,7,validation_abort
7395,pk,2043,3,validation_abort
7396,pk,2589,1,validation_abort
7397,packed_s,663,1,silent_wrong_output
7398,packed_s,1516,2,silent_wrong_output
7399,pk,1797,1,validation_abort
7400,packed_s,20,7,silent_wrong_output
7401,pk,2377,0,validation_abort
7402,packed_s,880,1,silent_wrong_output
7403,packed_s,1269,6,silent_wrong_output
7404,packed_s,748,4,silent_wrong_output
7405,pk,1938,3,validation_abort
7406,pk,1800,4,validation_abort
7407,pk,1758,4,validation_abort
7408,packed_s,647,6,silent_wrong_output
7409,pk,3052,5,validation_abort
7410,pk,1855,7,validation_abort
7411,pk,2209,1,validation_abort
7412,packed_s,1138,7,silent_wrong_output
7413,packed_s,1157,4,silent_wrong_output
7414,packed_s,1179,7,silent_wrong_output
7415,packed_s,1464,0,silent_wrong_output
7416,pk,2728,6,validation_abort
7417,packed_s,516,0,silent_wrong_output
7418,pk,2232,7,validation_abort
7419,packed_s,626,3,silent_wrong_output
7420,pk,2491,1,validation_abort
7421,packed_s,936,2,silent_wrong_output
7422,packed_s,834,4,silent_wrong_output
7423,packed_s,1280,6,silent_wrong_output
7424,pk,2509,6,validation_abort
7425,pk,2708,7,validation_abort
7426,pk,2773,4,validation_abort
7427,pk,2833,1,validation_abort
7428,packed_s,288,0,silent_wrong_output
7429,packed_s,842,6,silent_wrong_output
7430,packed_s,749,1,silent_wrong_output
7431,pk,2362,1,validation_abort
7432,packed_s,716,4,silent_wrong_output
7433,packed_s,436,7,silent_wrong_output
7434,pk,1559,5,validation_abort
7435,pk,2261,7,validation_abort
7436,pk,2918,4,validation_abort
7437,packed_s,1176,1,silent_wrong_output
7438,packed_s,943,0,silent_wrong_output
7439,pk,2105,2,validation_abort
7440,pk,2674,6,validation_abort
7441,packed_s,1312,6,silent_wrong_output
7442,pk,2730,1,validation_abort
7443,packed_s,497,7,silent_wrong_output
7444,packed_s,805,7,silent_wrong_output
7445,packed_s,487,6,silent_wrong_output
7446,pk,2803,6,validation_abort
7447,packed_s,1193,5,silent_wrong_output
7448,pk,1887,7,validation_abort
7449,pk,2248,0,validation_abort
7450,packed_s,1307,5,silent_wrong_output
7451,pk,1722,7,validation_abort
7452,pk,3020,6,validation_abort
7453,pk,1822,0,validation_abort
7454,pk,2106,5,validation_abort
7455,pk,2357,5,validation_abort
7456,packed_s,1183,2,silent_wrong_output
7457,packed_s,305,6,silent_wrong_output
7458,packed_s,438,1,silent_wrong_output
7459,packed_s,1189,0,silent_wrong_output
7460,pk,1921,5,validation_abort
7461,pk,1708,0,validation_abort
7462,pk,1854,1,validation_abort
7463,packed_s,1402,5,silent_wrong_output
7464,packed_s,323,0,silent_wrong_output
7465,packed_s,408,3,silent_wrong_output
7466,packed_s,767,2,silent_wrong_output
7467,pk,1540,0,validation_abort
7468,pk,1573,2,validation_abort
7469,pk,1566,4,validation_abort
7470,pk,2019,5,validation_abort
7471,packed_s,1299,1,silent_wrong_output
7472,pk,2675,3,validation_abort
7473,packed_s,933,2,silent_wrong_output
7474,packed_s,34,6,silent_wrong_output
7475,packed_s,716,6,silent_wrong_output
7476,pk,2836,1,validation_abort
7477,pk,2851,3,validation_abort
7478,pk,2877,5,validation_abort
7479,packed_s,559,4,silent_wrong_output
7480,packed_s,463,6,silent_wrong_output
7481,packed_s,647,3,silent_wrong_output
7482,pk,2816,4,validation_abort
7483,packed_s,1490,2,silent_wrong_output
7484,packed_s,1267,5,silent_wrong_output
7485,packed_s,923,4,silent_wrong_output
7486,pk,2472,4,validation_abort
7487,packed_s,1220,7,silent_wrong_output
7488,pk,2708,1,validation_abort
7489,packed_s,1477,5,silent_wrong_output
7490,packed_s,831,6,silent_wrong_output
7491,pk,2171,4,validation_abort
7492,packed_s,930,6,silent_wrong_output
7493,pk,2624,1,validation_abort
7494,pk,2288,1,validation_abort
7495,pk,2783,7,validation_abort
7496,packed_s,229,5,silent_wrong_output
7497,packed_s,1436,1,silent_wrong_output
7498,packed_s,1256,3,silent_wrong_output
7499,packed_s,1498,3,silent_wrong_output
7500,packed_s,1225,3,silent_wrong_output
7501,packed_s,661,7,silent_wrong_output
7502,packed_s,978,4,silent_wrong_output
7503,pk,2514,6,validation_abort
7504,pk,2404,6,validation_abort
7505,packed_s,1027,4,silent_wrong_output
7506,pk,2084,3,validation_abort
7507,packed_s,1065,4,silent_wrong_output
7508,pk,1724,7,validation_abort
7509,packed_s,1388,3,silent_wrong_output
7510,pk,1678,7,validation_abort
7511,pk,1888,1,validation_abort
7512,packed_s,869,1,silent_wrong_output
7513,packed_s,364,0,silent_wrong_output
7514,pk,2382,2,validation_abort
7515,pk,1605,2,validation_abort
7516,pk,2528,0,validation_abort
7517,pk,1942,6,validation_abort
7518,packed_s,1193,1,silent_wrong_output
7519,packed_s,536,7,silent_wrong_output
7520,pk,2993,7,validation_abort
7521,pk,2551,4,validation_abort
7522,packed_s,64,2,silent_wrong_output
7523,pk,2066,7,validation_abort
7524,packed_s,739,4,silent_wrong_output
7525,packed_s,1165,5,silent_wrong_output
7526,packed_s,1000,6,silent_wrong_output
7527,pk,1993,5,validation_abort
7528,pk,2349,5,validation_abort
7529,packed_s,1191,6,silent_wrong_output
7530,H_pk,3121,5,validation_abort
7531,pk,2541,2,validation_abort
7532,pk,1891,0,validation_abort
7533,packed_s,173,4,silent_wrong_output
7534,pk,2106,0,validation_abort
7535,pk,1973,7,validation_abort
7536,packed_s,670,3,silent_wrong_output
7537,pk,2123,4,validation_abort
7538,pk,2263,6,validation_abort
7539,pk,1930,5,validation_abort
7540,packed_s,266,0,silent_wrong_output
7541,pk,2213,7,validation_abort
7542,packed_s,398,4,silent_wrong_output
7543,pk,2303,3,validation_abort
7544,packed_s,1064,0,silent_wrong_output
7545,packed_s,575,3,silent_wrong_output
7546,pk,2221,0,validation_abort
7547,pk,1549,6,validation_abort
7548,packed_s,785,6,silent_wrong_output
7549,packed_s,1451,6,silent_wrong_output
7550,packed_s,981,6,silent_wrong_output
7551,packed_s,274,5,silent_wrong_output
7552,pk,2429,7,validation_abort
7553,pk,2289,6,validation_abort
7554,pk,1656,2,validation_abort
7555,pk,2753,5,validation_abort
7556,packed_s,1176,3,silent_wrong_output
7557,pk,2443,6,validation_abort
7558,pk,1966,1,validation_abort
7559,pk,2895,3,validation_abort
7560,pk,2514,2,validation_abort
7561,pk,2332,5,validation_abort
7562,pk,2778,3,validation_abort
7563,pk,2701,2,validation_abort
7564,pk,1558,7,validation_abort
7565,packed_s,1274,6,silent_wrong_output
7566,pk,1990,0,validation_abort
7567,packed_s,458,0,silent_wrong_output
7568,packed_s,1490,2,silent_wrong_output
7569,H_pk,3129,3,validation_abort
7570,packed_s,397,1,silent_wrong_output
7571,pk,3080,6,validation_abort
7572,pk,2065,1,validation_abort
7573,packed_s,1502,2,silent_wrong_output
7574,packed_s,221,0,silent_wrong_output
7575,pk,1631,3,validation_abort
7576,pk,2796,5,validation_abort
7577,pk,2137,6,validation_abort
7578,pk,2834,1,validation_abort
7579,packed_s,1095,3,silent_wrong_output
7580,pk,1835,2,validation_abort
7581,pk,2590,1,validation_abort
7582,packed_s,710,0,silent_wrong_output
7583,pk,1890,1,validation_abort
7584,packed_s,191,1,silent_wrong_output
7585,pk,1648,7,validation_abort
7586,packed_s,1515,7,silent_wrong_output
7587,pk,2677,6,validation_abort
7588,packed_s,291,4,silent_wrong_output
7589,pk,2264,0,validation_abort
7590,packed_s,588,1,silent_wrong_output
7591,pk,1663,3,validation_abort
7592,pk,3014,5,validation_abort
7593,pk,2849,0,validation_abort
7594,packed_s,1417,4,silent_wrong_output
7595,packed_s,414,2,silent_wrong_output
7596,H_pk,3131,0,validation_abort
7597,packed_s,1283,4,silent_wrong_output
7598,pk,2988,2,validation_abort
7599,packed_s,843,4,silent_wrong_output
7600,packed_s,876,1,silent_wrong_output
7601,packed_s,229,2,silent_wrong_output
7602,packed_s,961,4,silent_wrong_output
7603,pk,2211,4,validation_abort
7604,packed_s,980,6,silent_wrong_output
7605,packed_s,704,7,silent_wrong_output
7606,pk,2819,2,validation_abort
7607,pk,1821,5,validation_abort
7608,pk,1642,2,validation_abort
7609,pk,2357,5,validation_abort
7610,packed_s,185,5,silent_wrong_output
7611,pk,1680,1,validation_abort
7612,packed_s,841,1,silent_wrong_output
7613,pk,2895,1,validation_abort
7614,packed_s,945,0,silent_wrong_output
7615,packed_s,92,1,silent_wrong_output
7616,packed_s,1013,4,silent_wrong_output
7617,pk,2747,4,validation_abort
7618,pk,2631,3,validation_abort
7619,pk,2189,3,validation_abort
7620,packed_s,455,7,silent_wrong_output
7621,packed_s,306,7,silent_wrong_output
7622,pk,2935,4,validation_abort
7623,pk,1692,5,validation_abort
7624,packed_s,249,4,silent_wrong_output
7625,pk,2135,5,validation_abort
7626,pk,2713,1,validation_abort
7627,pk,2263,5,validation_abort
7628,packed_s,1331,3,silent_wrong_output
7629,packed_s,405,5,silent_wrong_output
7630,packed_s,1185,6,silent_wrong_output
7631,packed_s,97,2,silent_wrong_output
7632,pk,3035,0,validation_abort
7633,pk,2006,3,validation_abort
7634,packed_s,740,3,silent_wrong_output
7635,H_pk,3134,1,validation_abort
7636,packed_s,702,1,silent_wrong_output
7637,packed_s,527,2,silent_wrong_output
7638,H_pk,3108,7,validation_abort
7639,pk,2419,2,validation_abort
7640,pk,2494,0,validation_abort
7641,packed_s,239,3,silent_wrong_output
7642,packed_s,370,7,silent_wrong_output
7643,packed_s,651,7,silent_wrong_output
7644,pk,1862,6,validation_abort
7645,pk,2820,1,validation_abort
7646,pk,1671,6,validation_abort
7647,packed_s,1045,1,silent_wrong_output
7648,pk,2960,6,validation_abort
7649,H_pk,3122,0,validation_abort
7650,packed_s,810,4,silent_wrong_output
7651,pk,2500,3,validation_abort
7652,packed_s,779,2,silent_wrong_output
7653,packed_s,363,5,silent_wrong_output
7654,packed_s,678,0,silent_wrong_output
7655,pk,1695,4,validation_abort
7656,packed_s,997,6,silent_wrong_output
7657,pk,2156,6,validation_abort
7658,pk,1548,5,validation_abort
7659,packed_s,181,4,silent_wrong_output
7660,packed_s,487,3,silent_wrong_output
7661,packed_s,1243,1,silent_wrong_output
7662,packed_s,523,6,silent_wrong_output
7663,pk,2337,3,validation_abort
7664,pk,2984,6,validation_abort
7665,packed_s,238,4,silent_wrong_output
7666,pk,2723,4,validation_abort
7667,packed_s,392,4,silent_wrong_output
7668,packed_s,1166,6,silent_wrong_output
7669,packed_s,534,3,silent_wrong_output
7670,pk,2997,1,validation_abort
7671,pk,2777,3,validation_abort
7672,packed_s,859,4,silent_wrong_output
7673,packed_s,896,3,silent_wrong_output
7674,pk,2083,3,validation_abort
7675,pk,1542,2,validation_abort
7676,pk,1936,4,validation_abort
7677,packed_s,1145,1,silent_wrong_output
7678,packed_s,558,4,silent_wrong_output
7679,packed_s,342,0,silent_wrong_output
7680,z,3161,2,no_effect
7681,pk,1585,3,validation_abort
7682,packed_s,651,3,silent_wrong_output
7683,packed_s,1115,0,silent_wrong_output
7684,packed_s,1366,3,silent_wrong_output
7685,packed_s,1320,7,silent_wrong_output
7686,packed_s,545,7,silent_wrong_output
7687,packed_s,610,3,silent_wrong_output
7688,pk,3062,5,validation_abort
7689,pk,2178,3,validation_abort
7690,pk,3050,7,validation_abort
7691,packed_s,944,7,silent_wrong_output
7692,pk,2932,4,validation_abort
7693,packed_s,379,5,silent_wrong_output
7694,packed_s,711,4,silent_wrong_output
7695,packed_s,764,7,silent_wrong_output
7696,packed_s,743,5,silent_wrong_output
7697,pk,3067,6,validation_abort
7698,packed_s,827,2,silent_wrong_output
7699,packed_s,389,4,silent_wrong_output
7700,pk,2991,4,validation_abort
7701,packed_s,1198,6,silent_wrong_output
7702,pk,2954,0,validation_abort
7703,pk,1575,5,validation_abort
7704,pk,3008,0,validation_abort
7705,pk,2562,6,validation_abort
7706,pk,1877,1,validation_abort
7707,pk,1669,3,validation_abort
7708,packed_s,687,6,silent_wrong_output
7709,pk,3068,4,validation_abort
7710,packed_s,822,5,silent_wrong_output
7711,packed_s,1002,3,silent_wrong_output
7712,pk,2515,3,validation_abort
7713,packed_s,357,5,silent_wrong_output
7714,packed_s,901,7,silent_wrong_output
7715,packed_s,1033,1,silent_wrong_output
7716,packed_s,376,6,silent_wrong_output
7717,pk,2719,5,validation_abort
7718,packed_s,414,7,silent_wrong_output
7719,pk,2128,2,validation_abort
7720,packed_s,222,2,silent_wrong_output
7721,packed_s,967,3,silent_wrong_output
7722,pk,2822,6,validation_abort
7723,packed_s,948,3,silent_wrong_output
7724,pk,1839,6,validation_abort
7725,pk,1671,5,validation_abort
7726,pk,1548,0,validation_abort
7727,pk,2975,0,validation_abort
7728,packed_s,1415,0,silent_wrong_output
7729,packed_s,1112,2,silent_wrong_output
7730,packed_s,1210,1,silent_wrong_output
7731,pk,3046,1,validation_abort
7732,packed_s,1187,3,silent_wrong_output
7733,pk,2132,0,validation_abort
7734,packed_s,816,4,silent_wrong_output
7735,H_pk,3110,0,validation_abort
7736,pk,2587,5,validation_abort
7737,packed_s,1003,5,silent_wrong_output
7738,pk,2923,2,validation_abort
7739,packed_s,1421,6,silent_wrong_output
7740,packed_s,949,3,silent_wrong_output
7741,packed_s,1131,2,silent_wrong_output
7742,pk,2374,7,validation_abort
7743,packed_s,206,5,silent_wrong_output
7744,pk,1684,4,validation_abort
7745,packed_s,661,4,silent_wrong_output
7746,packed_s,158,3,silent_wrong_output
7747,packed_s,479,2,silent_wrong_output
7748,pk,1555,1,validation_abort
7749,packed_s,1021,5,silent_wrong_output
7750,pk,2754,3,validation_abort
7751,packed_s,503,6,silent_wrong_output
7752,packed_s,439,4,silent_wrong_output
7753,packed_s,1195,6,silent_wrong_output
7754,pk,2357,5,validation_abort
7755,packed_s,320,0,silent_wrong_output
7756,packed_s,1391,6,silent_wrong_output
7757,pk,1869,4,validation_abort
7758,packed_s,1343,0,silent_wrong_output
7759,packed_s,1142,7,silent_wrong_output
7760,packed_s,709,1,silent_wrong_output
7761,packed_s,1003,4,silent_wrong_output
7762,pk,2660,6,validation_abort
7763,packed_s,1425,0,silent_wrong_output
7764,pk,2417,7,validation_abort
7765,pk,2453,6,validation_abort
7766,pk,2875,3,validation_abort
7767,packed_s,943,1,silent_wrong_output
7768,packed_s,439,2,silent_wrong_output
7769,pk,2577,6,validation_abort
7770,pk,2883,3,validation_abort
7771,packed_s,608,5,silent_wrong_output
7772,packed_s,125,5,silent_wrong_output
7773,packed_s,477,4,silent_wrong_output
7774,packed_s,343,5,silent_wrong_output
7775,pk,2575,1,validation_abort
7776,packed_s,1486,1,silent_wrong_output
7777,pk,2315,4,validation_abort
7778,pk,2034,0,validation_abort
7779,packed_s,931,7,silent_wrong_output
7780,packed_s,1513,7,silent_wrong_output
7781,packed_s,671,4,silent_wrong_output
7782,pk,3081,1,validation_abort
7783,packed_s,864,0,silent_wrong_output
7784,packed_s,748,1,silent_wrong_output
7785,packed_s,702,7,silent_wrong_output
7786,pk,2964,3,validation_abort
7787,pk,1621,5,validation_abort
7788,pk,2409,7,validation_abort
7789,pk,2675,4,validation_abort
7790,packed_s,237,6,silent_wrong_output
7791,packed_s,394,0,silent_wrong_output
7792,pk,2583,3,validation_abort
7793,packed_s,544,0,silent_wrong_output
7794,packed_s,230,2,silent_wrong_output
7795,packed_s,1147,3,silent_wrong_output
7796,pk,2505,0,validation_abort
7797,packed_s,1114,2,silent_wrong_output
7798,pk,2584,0,validation_abort
7799,packed_s,430,3,silent_wrong_output
7800,packed_s,197,0,silent_wrong_output
7801,pk,1987,1,validation_abort
7802,pk,1549,1,validation_abort
7803,pk,2762,6,validation_abort
7804,pk,1711,5,validation_abort
7805,packed_s,1064,0,silent_wrong_output
7806,packed_s,875,6,silent_wrong_output
7807,packed_s,124,6,silent_wrong_output
7808,pk,2237,7,validation_abort
7809,packed_s,286,7,silent_wrong_output
7810,pk,2626,4,validation_abort
7811,packed_s,110,2,silent_wrong_output
7812,packed_s,40,4,silent_wrong_output
7813,packed_s,15,0,silent_wrong_output
7814,packed_s,121,3,silent_wrong_output
7815,pk,2000,4,validation_abort
7816,packed_s,763,3,silent_wrong_output
7817,packed_s,389,3,silent_wrong_output
7818,packed_s,104,5,silent_wrong_output
7819,pk,1966,6,validation_abort
7820,pk,3075,0,validation_abort
7821,pk,1876,3,validation_abort
7822,H_pk,3127,3,validation_abort
7823,packed_s,1222,0,silent_wrong_output
7824,pk,2776,7,validation_abort
7825,packed_s,1298,0,silent_wrong_output
7826,pk,1571,7,validation_abort
7827,pk,2420,0,validation_abort
7828,packed_s,642,6,silent_wrong_output
7829,packed_s,953,1,silent_wrong_output
7830,pk,2269,3,validation_abort
7831,pk,1745,6,validation_abort
7832,packed_s,292,2,silent_wrong_output
7833,pk,2701,5,validation_abort
7834,packed_s,968,6,silent_wrong_output
7835,z,3166,1,no_effect
7836,pk,3055,0,validation_abort
7837,pk,3060,0,validation_abort
7838,pk,2679,4,validation_abort
7839,pk,2269,7,validation_abort
7840,packed_s,1181,1,silent_wrong_output
7841,pk,1928,3,validation_abort
7842,pk,2262,5,validation_abort
7843,packed_s,1441,3,silent_wrong_output
7844,pk,2982,5,validation_abort
7845,packed_s,1029,4,silent_wrong_output
7846,pk,1905,4,validation_abort
7847,packed_s,1196,4,silent_wrong_output
7848,packed_s,562,7,silent_wrong_output
7849,pk,2672,4,validation_abort
7850,pk,2485,7,validation_abort
7851,packed_s,448,1,silent_wrong_output
7852,pk,1698,3,validation_abort
7853,packed_s,783,4,silent_wrong_output
7854,packed_s,183,3,silent_wrong_output
7855,packed_s,1352,3,silent_wrong_output
7856,pk,3002,2,validation_abort
7857,packed_s,1146,3,silent_wrong_output
7858,pk,3093,6,validation_abort
7859,pk,2874,6,validation_abort
7860,pk,1892,7,validation_abort
7861,pk,1790,0,validation_abort
7862,pk,2753,3,validation_abort
7863,pk,1726,0,validation_abort
7864,packed_s,591,0,silent_wrong_output
7865,packed_s,904,0,silent_wrong_output
7866,packed_s,546,3,silent_wrong_output
7867,packed_s,1159,4,silent_wrong_output
7868,pk,2063,1,validation_abort
7869,packed_s,552,7,silent_wrong_output
7870,packed_s,184,6,silent_wrong_output
7871,pk,1944,6,validation_abort
7872,packed_s,287,4,silent_wrong_output
7873,pk,3075,2,validation_abort
7874,pk,2002,1,validation_abort
7875,packed_s,970,0,silent_wrong_output
7876,packed_s,609,7,silent_wrong_output
7877,pk,2672,4,validation_abort
7878,pk,2537,0,validation_abort
7879,packed_s,1296,5,silent_wrong_output
7880,pk,2408,3,validation_abort
7881,packed_s,354,4,silent_wrong_output
7882,packed_s,1271,6,silent_wrong_output
7883,pk,2509,1,validation_abort
7884,packed_s,1334,4,silent_wrong_output
7885,packed_s,106,4,silent_wrong_output
7886,packed_s,1131,1,silent_wrong_output
7887,pk,3017,6,validation_abort
7888,pk,2405,6,validation_abort
7889,pk,2537,1,validation_abort
7890,pk,2160,6,validation_abort
7891,pk,1976,5,validation_abort
7892,pk,2380,0,validation_abort
7893,pk,2455,7,validation_abort
7894,packed_s,1285,4,silent_wrong_output
7895,pk,2385,7,validation_abort
7896,pk,2405,3,validation_abort
7897,pk,2178,1,validation_abort
7898,pk,1996,4,validation_abort
7899,pk,3056,4,validation_abort
7900,packed_s,649,4,silent_wrong_output
7901,packed_s,956,4,silent_wrong_output
7902,packed_s,320,6,silent_wrong_output
7903,packed_s,1118,5,silent_wrong_output
7904,packed_s,1001,5,silent_wrong_output
7905,pk,2085,1,validation_abort
7906,pk,2224,4,validation_abort
7907,packed_s,1323,5,silent_wrong_output
7908,pk,1721,0,validation_abort
7909,packed_s,1208,0,silent_wrong_output
7910,packed_s,1024,5,silent_wrong_output
7911,packed_s,1137,5,silent_wrong_output
7912,pk,2822,2,validation_abort
7913,pk,2263,6,validation_abort
7914,packed_s,1075,2,silent_wrong_output
7915,packed_s,246,4,silent_wrong_output
7916,packed_s,749,1,silent_wrong_output
7917,packed_s,234,1,silent_wrong_output
7918,pk,2304,6,validation_abort
7919,pk,2570,2,validation_abort
7920,packed_s,9,7,silent_wrong_output
7921,pk,2481,5,validation_abort
7922,packed_s,816,3,silent_wrong_output
7923,pk,1671,6,validation_abort
7924,pk,1646,3,validation_abort
7925,pk,2379,1,validation_abort
7926,packed_s,972,7,silent_wrong_output
7927,pk,1942,0,validation_abort
7928,packed_s,1301,2,silent_wrong_output
7929,pk,2715,7,validation_abort
7930,packed_s,1191,3,silent_wrong_output
7931,packed_s,563,3,silent_wrong_output
7932,packed_s,437,6,silent_wrong_output
7933,pk,1667,3,validation_abort
7934,packed_s,572,6,silent_wrong_output
7935,pk,2790,4,validation_abort
7936,packed_s,1139,7,silent_wrong_output
7937,packed_s,1099,4,silent_wrong_output
7938,packed_s,516,0,silent_wrong_output
7939,packed_s,473,1,silent_wrong_output
7940,packed_s,403,1,silent_wrong_output
7941,pk,2429,3,validation_abort
7942,packed_s,1425,2,silent_wrong_output
7943,packed_s,830,0,silent_wrong_output
7944,pk,2187,0,validation_abort
7945,pk,2465,7,validation_abort
7946,packed_s,650,7,silent_wrong_output
7947,pk,2738,0,validation_abort
7948,packed_s,624,7,silent_wrong_output
7949,packed_s,1041,6,silent_wrong_output
7950,packed_s,333,0,silent_wrong_output
7951,pk,2772,6,validation_abort
7952,pk,2641,2,validation_abort
7953,pk,1784,0,validation_abort
7954,pk,2248,3,validation_abort
7955,packed_s,284,6,silent_wrong_output
7956,pk,2442,1,validation_abort
7957,pk,1688,0,validation_abort
7958,pk,1806,4,validation_abort
7959,pk,1594,1,validation_abort
7960,pk,2867,3,validation_abort
7961,pk,2945,0,validation_abort
7962,packed_s,673,5,silent_wrong_output
7963,packed_s,1180,0,silent_wrong_output
7964,packed_s,1481,3,silent_wrong_output
7965,packed_s,786,2,silent_wrong_output
7966,pk,3102,1,validation_abort
7967,packed_s,1305,5,silent_wrong_output
7968,pk,2345,2,validation_abort
7969,packed_s,1217,2,silent_wrong_output
7970,pk,1901,3,validation_abort
7971,packed_s,517,5,silent_wrong_output
7972,pk,2623,4,validation_abort
7973,pk,1827,2,validation_abort
7974,packed_s,989,5,silent_wrong_output
7975,pk,2348,6,validation_abort
7976,packed_s,416,6,silent_wrong_output
7977,pk,1864,7,validation_abort
7978,pk,1784,2,validation_abort
7979,packed_s,1201,3,silent_wrong_output
7980,pk,2249,1,validation_abort
7981,pk,3070,7,validation_abort
7982,pk,1911,2,validation_abort
7983,pk,2208,0,validation_abort
7984,pk,2819,3,validation_abort
7985,pk,1955,4,validation_abort
7986,pk,2090,2,validation_abort
7987,packed_s,38,6,silent_wrong_output
7988,packed_s,184,4,silent_wrong_output
7989,packed_s,936,4,silent_wrong_output
7990,pk,2557,6,validation_abort
7991,packed_s,1343,0,silent_wrong_output
7992,pk,2455,5,validation_abort
7993,pk,2216,6,validation_abort
7994,pk,2475,0,validation_abort
7995,packed_s,59,4,silent_wrong_output
7996,packed_s,686,3,silent_wrong_output
7997,pk,2578,6,validation_abort
7998,packed_s,1454,0,silent_wrong_output
7999,packed_s,68,7,silent_wrong_output
8000,packed_s,533,3,silent_wrong_output
8001,pk,3020,3,validation_abort
8002,packed_s,674,5,silent_wrong_output
8003,pk,2998,1,validation_abort
8004,packed_s,1461,2,silent_wrong_output
8005,pk,2930,5,validation_abort
8006,packed_s,372,0,silent_wrong_output
8007,packed_s,770,6,silent_wrong_output
8008,packed_s,614,1,silent_wrong_output
8009,pk,3059,0,validation_abort
8010,pk,2492,7,validation_abort
8011,pk,2886,5,validation_abort
8012,packed_s,1500,7,silent_wrong_output
8013,packed_s,1133,5,silent_wrong_output
8014,pk,1922,1,validation_abort
8015,packed_s,626,7,silent_wrong_output
8016,pk,2645,2,validation_abort
8017,pk,2327,4,validation_abort
8018,packed_s,1497,1,silent_wrong_output
8019,packed_s,158,6,silent_wrong_output
8020,pk,2475,6,validation_abort
8021,packed_s,623,0,silent_wrong_output
8022,packed_s,735,6,silent_wrong_output
8023,pk,1929,4,validation_abort
8024,pk,1765,3,validation_abort
8025,packed_s,647,3,silent_wrong_output
8026,packed_s,374,3,silent_wrong_output
8027,packed_s,188,3,silent_wrong_output
8028,pk,2955,3,validation_abort
8029,pk,1786,2,validation_abort
8030,pk,2610,1,validation_abort
8031,packed_s,246,2,silent_wrong_output
8032,packed_s,1361,5,silent_wrong_output
8033,packed_s,143,6,silent_wrong_output
8034,packed_s,117,5,silent_wrong_output
8035,packed_s,1404,3,silent_wrong_output
8036,packed_s,1157,7,silent_wrong_output
8037,pk,2745,3,validation_abort
8038,packed_s,286,5,silent_wrong_output
8039,pk,2711,6,validation_abort
8040,packed_s,950,1,silent_wrong_output
8041,pk,2677,7,validation_abort
8042,pk,2955,2,validation_abort
8043,pk,2825,2,validation_abort
8044,pk,2910,5,validation_abort
8045,packed_s,910,3,silent_wrong_output
8046,pk,2443,0,validation_abort
8047,packed_s,1353,3,silent_wrong_output
8048,packed_s,964,1,silent_wrong_output
8049,pk,1870,0,validation_abort
8050,packed_s,1106,2,silent_wrong_output
8051,pk,1879,2,validation_abort
8052,packed_s,99,5,silent_wrong_output
8053,z,3150,1,no_effect
8054,packed_s,1050,3,silent_wrong_output
8055,packed_s,1507,5,silent_wrong_output
8056,packed_s,638,4,silent_wrong_output
8057,pk,2205,2,validation_abort
8058,pk,2329,5,validation_abort
8059,pk,3069,4,validation_abort
8060,packed_s,1392,3,silent_wrong_output
8061,pk,2224,5,validation_abort
8062,pk,1891,2,validation_abort
8063,pk,2911,6,validation_abort
8064,packed_s,903,0,silent_wrong_output
8065,pk,2229,4,validation_abort
8066,packed_s,760,3,silent_wrong_output
8067,pk,2394,6,validation_abort
8068,pk,2807,7,validation_abort
8069,pk,2816,6,validation_abort
8070,pk,2602,2,validation_abort
8071,pk,2786,2,validation_abort
8072,packed_s,1428,5,silent_wrong_output
8073,pk,2606,3,validation_abort
8074,packed_s,75,0,silent_wrong_output
8075,pk,2074,7,validation_abort
8076,packed_s,1468,1,silent_wrong_output
8077,pk,1857,0,validation_abort
8078,pk,2158,7,validation_abort
8079,packed_s,1105,6,silent_wrong_output
8080,packed_s,228,4,silent_wrong_output
8081,packed_s,456,6,silent_wrong_output
8082,pk,2951,3,validation_abort
8083,pk,3064,7,validation_abort
8084,packed_s,578,3,silent_wrong_output
8085,pk,2898,6,validation_abort
8086,pk,1847,4,validation_abort
8087,pk,2404,0,validation_abort
8088,pk,1591,0,validation_abort
8089,packed_s,779,4,silent_wrong_output
8090,packed_s,124,4,silent_wrong_output
8091,packed_s,755,0,silent_wrong_output
8092,packed_s,158,2,silent_wrong_output
8093,packed_s,538,4,silent_wrong_output
8094,packed_s,979,3,silent_wrong_output
8095,packed_s,494,4,silent_wrong_output
8096,pk,1870,6,validation_abort
8097,pk,2814,3,validation_abort
8098,packed_s,1262,4,silent_wrong_output
8099,pk,2031,2,validation_abort
8100,packed_s,887,5,silent_wrong_output
8101,packed_s,43,1,silent_wrong_output
8102,z,3157,1,no_effect
8103,packed_s,1366,0,silent_wrong_output
8104,packed_s,1496,7,silent_wrong_output
8105,pk,2458,0,validation_abort
8106,packed_s,1367,0,silent_wrong_output
8107,pk,2391,4,validation_abort
8108,packed_s,1474,1,silent_wrong_output
8109,packed_s,438,7,silent_wrong_output
8110,pk,2703,3,validation_abort
8111,packed_s,855,0,silent_wrong_output
8112,packed_s,212,1,silent_wrong_output
8113,pk,2800,4,validation_abort
8114,packed_s,481,3,silent_wrong_output
8115,packed_s,479,6,silent_wrong_output
8116,pk,2332,5,validation_abort
8117,packed_s,1023,4,silent_wrong_output
8118,packed_s,1336,3,silent_wrong_output
8119,pk,1640,3,validation_abort
8120,pk,2980,4,validation_abort
8121,packed_s,328,0,silent_wrong_output
8122,pk,1851,6,validation_abort
8123,pk,2553,3,validation_abort
8124,pk,1760,3,validation_abort
8125,packed_s,124,3,silent_wrong_output
8126,packed_s,1300,5,silent_wrong_output
8127,pk,2205,3,validation_abort
8128,pk,2888,4,validation_abort
8129,pk,2797,4,validation_abort
8130,packed_s,582,4,silent_wrong_output
8131,packed_s,924,0,silent_wrong_output
8132,packed_s,569,7,silent_wrong_output
8133,packed_s,457,6,silent_wrong_output
8134,pk,3014,5,validation_abort
8135,packed_s,562,5,silent_wrong_output
8136,pk,2356,1,validation_abort
8137,packed_s,326,5,silent_wrong_output
8138,packed_s,406,6,silent_wrong_output
8139,pk,2777,7,validation_abort
8140,pk,2780,7,validation_abort
8141,packed_s,860,5,silent_wrong_output
8142,pk,2263,0,validation_abort
8143,packed_s,530,6,silent_wrong_output
8144,pk,1792,7,validation_abort
8145,packed_s,1034,0,silent_wrong_output
8146,packed_s,1251,0,silent_wrong_output
8147,pk,2400,1,validation_abort
8148,packed_s,1028,0,silent_wrong_output
8149,pk,1871,4,validation_abort
8150,pk,2188,6,validation_abort
8151,packed_s,111,2,silent_wrong_output
8152,packed_s,382,6,silent_wrong_output
8153,packed_s,29,1,silent_wrong_output
8154,packed_s,1351,2,silent_wrong_output
8155,packed_s,361,3,silent_wrong_output
8156,packed_s,1102,5,silent_wrong_output
8157,packed_s,422,7,silent_wrong_output
8158,packed_s,1426,7,silent_wrong_output
8159,packed_s,1072,6,silent_wrong_output
8160,packed_s,630,1,silent_wrong_output
8161,packed_s,114,4,silent_wrong_output
8162,packed_s,1355,5,silent_wrong_output
8163,pk,1971,5,validation_abort
8164,packed_s,919,4,silent_wrong_output
8165,pk,2745,7,validation_abort
8166,packed_s,1168,0,silent_wrong_output
8167,packed_s,410,4,silent_wrong_output
8168,packed_s,1482,1,silent_wrong_output
8169,pk,1959,0,validation_abort
8170,packed_s,611,4,silent_wrong_output
8171,packed_s,722,2,silent_wrong_output
8172,packed_s,111,3,silent_wrong_output
8173,packed_s,427,0,silent_wrong_output
8174,packed_s,1457,4,silent_wrong_output
8175,pk,2785,4,validation_abort
8176,packed_s,312,5,silent_wrong_output
8177,packed_s,747,0,silent_wrong_output
8178,packed_s,1206,2,silent_wrong_output
8179,packed_s,1504,7,silent_wrong_output
8180,pk,2513,1,validation_abort
8181,pk,2453,7,validation_abort
8182,packed_s,285,0,silent_wrong_output
8183,packed_s,102,4,silent_wrong_output
8184,pk,2353,6,validation_abort
8185,pk,1849,1,validation_abort
8186,pk,2021,7,validation_abort
8187,pk,1603,7,validation_abort
8188,pk,1702,0,validation_abort
8189,packed_s,13,0,silent_wrong_output
8190,pk,2821,6,validation_abort
8191,pk,3011,1,validation_abort
8192,pk,2028,6,validation_abort
8193,packed_s,754,7,silent_wrong_output
8194,packed_s,38,6,silent_wrong_output
8195,packed_s,1486,6,silent_wrong_output
8196,pk,2487,7,validation_abort
8197,pk,1888,5,validation_abort
8198,pk,1706,4,validation_abort
8199,pk,1603,0,validation_abort
8200,packed_s,1197,6,silent_wrong_output
8201,pk,2162,5,validation_abort
8202,packed_s,243,7,silent_wrong_output
8203,packed_s,1171,6,silent_wrong_output
8204,packed_s,1385,4,silent_wrong_output
8205,packed_s,81,7,silent_wrong_output
8206,pk,2531,0,validation_abort
8207,pk,2239,4,validation_abort
8208,packed_s,874,0,silent_wrong_output
8209,pk,1853,5,validation_abort
8210,pk,1626,1,validation_abort
8211,pk,2350,3,validation_abort
8212,pk,2781,0,validation_abort
8213,packed_s,596,4,silent_wrong_output
8214,packed_s,197,1,silent_wrong_output
8215,packed_s,1205,0,silent_wrong_output
8216,packed_s,386,5,silent_wrong_output
8217,pk,1618,1,validation_abort
8218,packed_s,515,3,silent_wrong_output
8219,pk,1891,0,validation_abort
8220,pk,1943,7,validation_abort
8221,packed_s,1034,7,silent_wrong_output
8222,pk,2710,7,validation_abort
8223,pk,1568,1,validation_abort
8224,packed_s,938,2,silent_wrong_output
8225,pk,1672,4,validation_abort
8226,pk,2360,1,validation_abort
8227,packed_s,575,5,silent_wrong_output
8228,pk,2918,4,validation_abort
8229,packed_s,1516,1,silent_wrong_output
8230,pk,2423,2,validation_abort
8231,packed_s,1230,0,silent_wrong_output
8232,packed_s,224,7,silent_wrong_output
8233,packed_s,728,5,silent_wrong_output
8234,packed_s,1,3,silent_wrong_output
8235,pk,2615,1,validation_abort
8236,pk,2919,3,validation_abort
8237,packed_s,17,3,silent_wrong_output
8238,pk,1745,2,validation_abort
8239,packed_s,1182,6,silent_wrong_output
8240,pk,1763,7,validation_abort
8241,pk,1921,4,validation_abort
8242,packed_s,1025,6,silent_wrong_output
8243,packed_s,134,5,silent_wrong_output
8244,pk,2284,1,validation_abort
8245,packed_s,263,3,silent_wrong_output
8246,pk,2553,3,validation_abort
8247,packed_s,40,1,silent_wrong_output
8248,z,3142,5,no_effect
8249,pk,2079,6,validation_abort
8250,packed_s,798,5,silent_wrong_output
8251,pk,1800,7,validation_abort
8252,packed_s,166,5,silent_wrong_output
8253,packed_s,219,1,silent_wrong_output
8254,packed_s,425,2,silent_wrong_output
8255,pk,3084,5,validation_abort
8256,pk,1573,5,validation_abort
8257,pk,2081,0,validation_abort
8258,packed_s,572,6,silent_wrong_output
8259,packed_s,672,4,silent_wrong_output
8260,packed_s,695,3,silent_wrong_output
8261,packed_s,523,4,silent_wrong_output
8262,H_pk,3116,4,validation_abort
8263,pk,2765,0,validation_abort
8264,packed_s,747,7,silent_wrong_output
8265,packed_s,347,1,silent_wrong_output
8266,pk,2936,6,validation_abort
8267,packed_s,29,4,silent_wrong_output
8268,packed_s,130,0,silent_wrong_output
8269,pk,2313,7,validation_abort
8270,pk,1872,3,validation_abort
8271,packed_s,1212,3,silent_wrong_output
8272,pk,2134,1,validation_abort
8273,packed_s,967,3,silent_wrong_output
8274,pk,2805,0,validation_abort
8275,packed_s,214,6,silent_wrong_output
8276,packed_s,916,3,silent_wrong_output
8277,pk,2973,0,validation_abort
8278,H_pk,3115,0,validation_abort
8279,packed_s,878,3,silent_wrong_output
8280,pk,2800,4,validation_abort
8281,pk,1589,4,validation_abort
8282,packed_s,988,1,silent_wrong_output
8283,pk,2219,1,validation_abort
8284,packed_s,294,0,silent_wrong_output
8285,pk,2060,0,validation_abort
8286,pk,2913,7,validation_abort
8287,packed_s,1163,6,silent_wrong_output
8288,pk,2046,6,validation_abort
8289,pk,2209,1,validation_abort
8290,packed_s,419,1,silent_wrong_output
8291,packed_s,1023,3,silent_wrong_output
8292,packed_s,656,0,silent_wrong_output
8293,pk,2067,7,validation_abort
8294,pk,1856,3,validation_abort
8295,packed_s,704,3,silent_wrong_output
8296,packed_s,1086,4,silent_wrong_output
8297,packed_s,1180,3,silent_wrong_output
8298,pk,2529,1,validation_abort
8299,packed_s,572,6,silent_wrong_output
8300,pk,2608,4,validation_abort
8301,packed_s,648,4,silent_wrong_output
8302,pk,2222,5,validation_abort
8303,packed_s,758,6,silent_wrong_output
8304,pk,1697,3,validation_abort
8305,packed_s,1482,4,silent_wrong_output
8306,pk,2792,3,validation_abort
8307,packed_s,631,2,silent_wrong_output
8308,pk,2700,5,validation_abort
8309,pk,2372,5,validation_abort
8310,packed_s,105,6,silent_wrong_output
8311,pk,2185,1,validation_abort
8312,pk,2954,7,validation_abort
8313,pk,3043,3,validation_abort
8314,pk,2049,6,validation_abort
8315,packed_s,545,2,silent_wrong_output
8316,pk,1662,1,validation_abort
8317,pk,2503,6,validation_abort
8318,pk,1676,6,validation_abort
8319,packed_s,1162,2,silent_wrong_output
8320,pk,2185,4,validation_abort
8321,pk,2890,0,validation_abort
8322,packed_s,1460,0,silent_wrong_output
8323,pk,1938,3,validation_abort
8324,pk,1698,2,validation_abort
8325,pk,1598,7,validation_abort
8326,packed_s,1356,3,silent_wrong_output
8327,packed_s,1226,0,silent_wrong_output
8328,packed_s,977,4,silent_wrong_output
8329,packed_s,586,4,silent_wrong_output
8330,packed_s,1244,5,silent_wrong_output
8331,packed_s,1206,6,silent_wrong_output
8332,packed_s,395,1,silent_wrong_output
8333,packed_s,1493,0,silent_wrong_output
8334,packed_s,1385,0,silent_wrong_output
8335,pk,1623,5,validation_abort
8336,packed_s,727,4,silent_wrong_output
8337,pk,2975,5,validation_abort
8338,packed_s,435,5,silent_wrong_output
8339,packed_s,863,1,silent_wrong_output
8340,pk,2939,4,validation_abort
8341,packed_s,708,2,silent_wrong_output
8342,packed_s,661,4,silent_wrong_output
8343,packed_s,588,3,silent_wrong_output
8344,packed_s,804,6,silent_wrong_output
8345,pk,2301,6,validation_abort
8346,packed_s,623,7,silent_wrong_output
8347,packed_s,199,7,silent_wrong_output
8348,pk,2823,6,validation_abort
8349,packed_s,1485,4,silent_wrong_output
8350,packed_s,416,7,silent_wrong_output
8351,packed_s,743,0,silent_wrong_output
8352,pk,1806,4,validation_abort
8353,pk,3082,3,validation_abort
8354,packed_s,1510,7,silent_wrong_output
8355,pk,2331,3,validation_abort
8356,pk,2655,2,validation_abort
8357,packed_s,1031,5,silent_wrong_output
8358,pk,1813,7,validation_abort
8359,pk,2356,3,validation_abort
8360,packed_s,769,5,silent_wrong_output
8361,pk,2389,4,validation_abort
8362,pk,2019,3,validation_abort
8363,pk,3023,3,validation_abort
8364,pk,2524,7,validation_abort
8365,pk,3020,1,validation_abort
8366,pk,2118,7,validation_abort
8367,pk,2338,7,validation_abort
8368,pk,2640,2,validation_abort
8369,packed_s,939,0,silent_wrong_output
8370,pk,2094,1,validation_abort
8371,pk,1579,3,validation_abort
8372,packed_s,1433,7,silent_wrong_output
8373,packed_s,873,5,silent_wrong_output
8374,packed_s,340,4,silent_wrong_output
8375,pk,2531,0,validation_abort
8376,pk,2429,7,validation_abort
8377,packed_s,1192,2,silent_wrong_output
8378,pk,2508,0,validation_abort
8379,pk,1847,1,validation_abort
8380,pk,2406,5,validation_abort
8381,packed_s,100,2,silent_wrong_output
8382,pk,2008,5,validation_abort
8383,pk,3058,7,validation_abort
8384,pk,2931,5,validation_abort
8385,pk,1780,6,validation_abort
8386,pk,2854,3,validation_abort
8387,pk,2835,4,validation_abort
8388,pk,1796,4,validation_abort
8389,pk,2830,2,validation_abort
8390,packed_s,707,3,silent_wrong_output
8391,packed_s,761,7,silent_wrong_output
8392,packed_s,174,4,silent_wrong_output
8393,pk,3047,2,validation_abort
8394,pk,2299,1,validation_abort
8395,pk,2636,3,validation_abort
8396,pk,2876,5,validation_abort
8397,packed_s,227,3,silent_wrong_output
8398,packed_s,202,4,silent_wrong_output
8399,pk,2882,7,validation_abort
8400,pk,1957,3,validation_abort
8401,packed_s,1333,0,silent_wrong_output
8402,pk,2730,7,validation_abort
8403,pk,1863,7,validation_abort
8404,packed_s,1142,1,silent_wrong_output
8405,packed_s,530,1,silent_wrong_output
8406,packed_s,861,1,silent_wrong_output
8407,pk,1604,0,validation_abort
8408,packed_s,1079,1,silent_wrong_output
8409,pk,2009,5,validation_abort
8410,packed_s,1037,4,silent_wrong_output
8411,pk,1830,2,validation_abort
8412,packed_s,1097,0,silent_wrong_output
8413,pk,2583,5,validation_abort
8414,packed_s,1016,4,silent_wrong_output
8415,pk,2316,5,validation_abort
8416,pk,2980,6,validation_abort
8417,pk,2354,5,validation_abort
8418,packed_s,605,2,silent_wrong_output
8419,pk,1647,0,validation_abort
8420,packed_s,719,1,silent_wrong_output
8421,packed_s,499,3,silent_wrong_output
8422,pk,2725,5,validation_abort
8423,H_pk,3107,2,validation_abort
8424,packed_s,1343,2,silent_wrong_output
8425,pk,2606,5,validation_abort
8426,pk,2802,1,validation_abort
8427,pk,1728,2,validation_abort
8428,pk,3003,4,validation_abort
8429,pk,2918,4,validation_abort
8430,packed_s,90,6,silent_wrong_output
8431,pk,2572,4,validation_abort
8432,packed_s,282,3,silent_wrong_output
8433,pk,2733,6,validation_abort
8434,packed_s,1080,3,silent_wrong_output
8435,packed_s,318,5,silent_wrong_output
8436,packed_s,594,7,silent_wrong_output
8437,packed_s,967,2,silent_wrong_output
8438,packed_s,467,1,silent_wrong_output
8439,pk,2163,4,validation_abort
8440,pk,2054,3,validation_abort
8441,packed_s,950,2,silent_wrong_output
8442,packed_s,889,0,silent_wrong_output
8443,pk,1596,3,validation_abort
8444,pk,1998,0,validation_abort
8445,pk,1888,6,validation_abort
8446,pk,3076,2,validation_abort
8447,pk,2992,0,validation_abort
8448,pk,2643,5,validation_abort
8449,pk,2834,5,validation_abort
8450,packed_s,786,3,silent_wrong_output
8451,pk,2280,7,validation_abort
8452,pk,2379,7,validation_abort
8453,packed_s,106,1,silent_wrong_output
8454,packed_s,281,6,silent_wrong_output
8455,packed_s,100,0,silent_wrong_output
8456,packed_s,140,7,silent_wrong_output
8457,pk,2059,2,validation_abort
8458,packed_s,962,4,silent_wrong_output
8459,packed_s,125,4,silent_wrong_output
8460,packed_s,1427,6,silent_wrong_output
8461,pk,1954,3,validation_abort
8462,packed_s,512,2,silent_wrong_output
8463,packed_s,1080,7,silent_wrong_output
8464,packed_s,145,6,silent_wrong_output
8465,packed_s,1193,5,silent_wrong_output
8466,z,3158,6,no_effect
8467,pk,2218,3,validation_abort
8468,pk,2476,6,validation_abort
8469,packed_s,43,0,silent_wrong_output
8470,pk,2246,0,validation_abort
8471,pk,2801,1,validation_abort
8472,packed_s,886,5,silent_wrong_output
8473,pk,1893,0,validation_abort
8474,packed_s,760,3,silent_wrong_output
8475,packed_s,1346,3,silent_wrong_output
8476,packed_s,1488,0,silent_wrong_output
8477,pk,2186,4,validation_abort
8478,packed_s,868,5,silent_wrong_output
8479,pk,2858,6,validation_abort
8480,pk,1757,7,validation_abort
8481,pk,2081,1,validation_abort
8482,packed_s,584,1,silent_wrong_output
8483,pk,1906,5,validation_abort
8484,pk,1679,7,validation_abort
8485,pk,2655,3,validation_abort
8486,packed_s,1088,7,silent_wrong_output
8487,packed_s,427,3,silent_wrong_output
8488,packed_s,848,0,silent_wrong_output
8489,packed_s,660,6,silent_wrong_output
8490,pk,2252,3,validation_abort
8491,pk,2957,0,validation_abort
8492,pk,1665,3,validation_abort
8493,packed_s,1339,3,silent_wrong_output
8494,pk,1775,5,validation_abort
8495,pk,2063,0,validation_abort
8496,pk,2861,6,validation_abort
8497,packed_s,890,7,silent_wrong_output
8498,pk,1696,6,validation_abort
8499,packed_s,172,4,silent_wrong_output
8500,packed_s,414,7,silent_wrong_output
8501,packed_s,80,0,silent_wrong_output
8502,packed_s,233,1,silent_wrong_output
8503,packed_s,452,3,silent_wrong_output
8504,packed_s,1151,0,silent_wrong_output
8505,packed_s,1044,5,silent_wrong_output
8506,packed_s,1135,1,silent_wrong_output
8507,packed_s,1176,1,silent_wrong_output
8508,pk,1837,0,validation_abort
8509,pk,1557,3,validation_abort
8510,z,3143,5,no_effect
8511,packed_s,1069,1,silent_wrong_output
8512,packed_s,800,6,silent_wrong_output
8513,pk,2267,5,validation_abort
8514,pk,2444,3,validation_abort
8515,pk,2496,0,validation_abort
8516,packed_s,186,7,silent_wrong_output
8517,packed_s,808,1,silent_wrong_output
8518,packed_s,1310,2,silent_wrong_output
8519,packed_s,1005,0,silent_wrong_output
8520,pk,2407,3,validation_abort
8521,packed_s,1494,2,silent_wrong_output
8522,pk,2246,1,validation_abort
8523,pk,1662,6,validation_abort
8524,packed_s,620,7,silent_wrong_output
8525,packed_s,560,0,silent_wrong_output
8526,packed_s,295,4,silent_wrong_output
8527,packed_s,926,2,silent_wrong_output
8528,pk,2164,0,validation_abort
8529,pk,2703,2,validation_abort
8530,packed_s,617,2,silent_wrong_output
8531,H_pk,3130,6,validation_abort
8532,pk,2355,6,validation_abort
8533,packed_s,455,6,silent_wrong_output
8534,pk,2040,6,validation_abort
8535,pk,3051,7,validation_abort
8536,pk,1854,4,validation_abort
8537,pk,2148,7,validation_abort
8538,packed_s,1164,2,silent_wrong_output
8539,packed_s,583,3,silent_wrong_output
8540,packed_s,18,3,silent_wrong_output
8541,packed_s,825,7,silent_wrong_output
8542,packed_s,426,0,silent_wrong_output
8543,packed_s,269,4,silent_wrong_output
8544,packed_s,439,7,silent_wrong_output
8545,pk,1849,2,validation_abort
8546,pk,1686,3,validation_abort
8547,packed_s,709,2,silent_wrong_output
8548,packed_s,1362,0,silent_wrong_output
8549,packed_s,1478,0,silent_wrong_output
8550,pk,2662,4,validation_abort
8551,z,3137,0,no_effect
8552,packed_s,871,6,silent_wrong_output
8553,pk,1539,6,validation_abort
8554,packed_s,845,2,silent_wrong_output
8555,pk,2558,4,validation_abort
8556,packed_s,116,7,silent_wrong_output
8557,packed_s,1313,1,silent_wrong_output
8558,pk,2586,3,validation_abort
8559,pk,2858,4,validation_abort
8560,pk,2396,5,validation_abort
8561,pk,1543,6,validation_abort
8562,pk,2887,2,validation_abort
8563,pk,1765,5,validation_abort
8564,packed_s,80,1,silent_wrong_output
8565,packed_s,438,6,silent_wrong_output
8566,pk,3100,0,validation_abort
8567,packed_s,994,7,silent_wrong_output
8568,pk,2141,7,validation_abort
8569,packed_s,11,3,silent_wrong_output
8570,pk,3097,5,validation_abort
8571,pk,1920,6,validation_abort
8572,packed_s,1187,5,silent_wrong_output
8573,packed_s,620,4,silent_wrong_output
8574,packed_s,1522,0,silent_wrong_output
8575,packed_s,1360,6,silent_wrong_output
8576,pk,2031,3,validation_abort
8577,pk,2471,7,validation_abort
8578,packed_s,1284,6,silent_wrong_output
8579,H_pk,3104,7,validation_abort
8580,packed_s,1306,5,silent_wrong_output
8581,pk,2914,3,validation_abort
8582,pk,1916,5,validation_abort
8583,pk,2762,7,validation_abort
8584,packed_s,95,1,silent_wrong_output
8585,pk,2026,1,validation_abort
8586,packed_s,1482,0,silent_wrong_output
8587,pk,2672,5,validation_abort
8588,pk,2883,3,validation_abort
8589,packed_s,1067,0,silent_wrong_output
8590,packed_s,1084,5,silent_wrong_output
8591,packed_s,506,6,silent_wrong_output
8592,packed_s,616,0,silent_wrong_output
8593,packed_s,288,0,silent_wrong_output
8594,packed_s,778,7,silent_wrong_output
8595,packed_s,859,4,silent_wrong_output
8596,pk,2809,5,validation_abort
8597,packed_s,1451,7,silent_wrong_output
8598,pk,1992,7,validation_abort
8599,packed_s,1436,2,silent_wrong_output
8600,pk,2586,1,validation_abort
8601,pk,2540,4,validation_abort
8602,packed_s,1215,2,silent_wrong_output
8603,packed_s,1368,4,silent_wrong_output
8604,packed_s,859,7,silent_wrong_output
8605,pk,2271,6,validation_abort
8606,pk,2784,0,validation_abort
8607,packed_s,86,7,silent_wrong_output
8608,packed_s,1021,7,silent_wrong_output
8609,packed_s,620,7,silent_wrong_output
8610,pk,3002,0,validation_abort
8611,pk,1621,0,validation_abort
8612,pk,1911,3,validation_abort
8613,pk,2263,3,validation_abort
8614,pk,2485,2,validation_abort
8615,pk,2099,7,validation_abort
8616,pk,2843,0,validation_abort
8617,packed_s,339,2,silent_wrong_output
8618,packed_s,1019,4,silent_wrong_output
8619,packed_s,828,6,silent_wrong_output
8620,packed_s,1497,3,silent_wrong_output
8621,packed_s,1239,3,silent_wrong_output
8622,packed_s,392,4,silent_wrong_output
8623,pk,2352,0,validation_abort
8624,z,3139,0,no_effect
8625,pk,2535,3,validation_abort
8626,packed_s,779,1,silent_wrong_output
8627,pk,2530,5,validation_abort
8628,packed_s,643,4,silent_wrong_output
8629,packed_s,1161,0,silent_wrong_output
8630,H_pk,3125,4,validation_abort
8631,pk,1677,5,validation_abort
8632,packed_s,1060,5,silent_wrong_output
8633,pk,2528,4,validation_abort
8634,pk,2398,6,validation_abort
8635,pk,3101,5,validation_abort
8636,packed_s,1349,7,silent_wrong_output
8637,pk,2140,1,validation_abort
8638,z,3158,3,no_effect
8639,packed_s,371,5,silent_wrong_output
8640,pk,2904,2,validation_abort
8641,pk,2771,0,validation_abort
8642,packed_s,857,4,silent_wrong_output
8643,pk,1575,1,validation_abort
8644,pk,1811,5,validation_abort
8645,packed_s,1097,5,silent_wrong_output
8646,packed_s,1071,1,silent_wrong_output
8647,packed_s,99,7,silent_wrong_output
8648,pk,2783,7,validation_abort
8649,packed_s,592,7,silent_wrong_output
8650,packed_s,1260,6,silent_wrong_output
8651,packed_s,157,6,silent_wrong_output
8652,packed_s,84,3,silent_wrong_output
8653,pk,1842,7,validation_abort
8654,pk,2347,0,validation_abort
8655,packed_s,1046,0,silent_wrong_output
8656,packed_s,122,5,silent_wrong_output
8657,packed_s,1203,3,silent_wrong_output
8658,packed_s,167,7,silent_wrong_output
8659,pk,2007,0,validation_abort
8660,pk,2515,0,validation_abort
8661,packed_s,6,5,silent_wrong_output
8662,pk,2975,3,validation_abort
8663,pk,2977,6,validation_abort
8664,pk,3031,2,validation_abort
8665,pk,2472,1,validation_abort
8666,packed_s,934,6,silent_wrong_output
8667,pk,2001,5,validation_abort
8668,pk,1997,5,validation_abort
8669,packed_s,1367,2,silent_wrong_output
8670,packed_s,130,7,silent_wrong_output
8671,pk,2655,7,validation_abort
8672,pk,2523,6,validation_abort
8673,pk,2013,3,validation_abort
8674,packed_s,162,2,silent_wrong_output
8675,pk,1667,2,validation_abort
8676,pk,2012,0,validation_abort
8677,packed_s,1037,7,silent_wrong_output
8678,pk,2080,3,validation_abort
8679,pk,1880,6,validation_abort
8680,packed_s,919,1,silent_wrong_output
8681,pk,3058,6,validation_abort
8682,pk,1652,6,validation_abort
8683,pk,1864,7,validation_abort
8684,packed_s,461,0,silent_wrong_output
8685,pk,2306,3,validation_abort
8686,packed_s,1292,6,silent_wrong_output
8687,packed_s,450,5,silent_wrong_output
8688,pk,2485,6,validation_abort
8689,pk,2700,1,validation_abort
8690,pk,2659,1,validation_abort
8691,packed_s,1307,1,silent_wrong_output
8692,pk,2054,1,validation_abort
8693,pk,1972,2,validation_abort
8694,packed_s,1505,1,silent_wrong_output
8695,packed_s,1450,4,silent_wrong_output
8696,packed_s,600,3,silent_wrong_output
8697,pk,3002,4,validation_abort
8698,packed_s,135,3,silent_wrong_output
8699,pk,2578,5,validation_abort
8700,pk,2055,5,validation_abort
8701,packed_s,549,7,silent_wrong_output
8702,pk,2013,7,validation_abort
8703,pk,1791,4,validation_abort
8704,packed_s,497,7,silent_wrong_output
8705,packed_s,312,0,silent_wrong_output
8706,packed_s,892,5,silent_wrong_output
8707,packed_s,1406,3,silent_wrong_output
8708,packed_s,929,2,silent_wrong_output
8709,packed_s,248,3,silent_wrong_output
8710,pk,2490,7,validation_abort
8711,packed_s,677,6,silent_wrong_output
8712,packed_s,844,4,silent_wrong_output
8713,packed_s,512,7,silent_wrong_output
8714,pk,2877,2,validation_abort
8715,packed_s,294,1,silent_wrong_output
8716,packed_s,869,5,silent_wrong_output
8717,pk,2688,6,validation_abort
8718,pk,1848,7,validation_abort
8719,pk,2011,3,validation_abort
8720,packed_s,292,4,silent_wrong_output
8721,packed_s,72,0,silent_wrong_output
8722,pk,2132,2,validation_abort
8723,pk,1850,5,validation_abort
8724,pk,1775,7,validation_abort
8725,pk,2865,3,validation_abort
8726,pk,2707,6,validation_abort
8727,pk,2680,2,validation_abort
8728,packed_s,775,1,silent_wrong_output
8729,packed_s,341,3,silent_wrong_output
8730,pk,1686,5,validation_abort
8731,pk,2292,2,validation_abort
8732,packed_s,23,7,silent_wrong_output
8733,H_pk,3132,5,validation_abort
8734,pk,2719,2,validation_abort
8735,packed_s,213,7,silent_wrong_output
8736,packed_s,828,1,silent_wrong_output
8737,packed_s,1530,1,silent_wrong_output
8738,packed_s,913,7,silent_wrong_output
8739,pk,1992,5,validation_abort
8740,packed_s,564,7,silent_wrong_output
8741,pk,2218,3,validation_abort
8742,pk,2651,0,validation_abort
8743,pk,2608,5,validation_abort
8744,packed_s,1164,6,silent_wrong_output
8745,packed_s,304,4,silent_wrong_output
8746,packed_s,191,7,silent_wrong_output
8747,pk,2748,2,validation_abort
8748,pk,2789,4,validation_abort
8749,pk,1942,5,validation_abort
8750,packed_s,911,6,silent_wrong_output
8751,packed_s,304,1,silent_wrong_output
8752,pk,1756,6,validation_abort
8753,pk,2101,2,validation_abort
8754,pk,2874,3,validation_abort
8755,packed_s,907,7,silent_wrong_output
8756,pk,2520,5,validation_abort
8757,packed_s,768,1,silent_wrong_output
8758,packed_s,1229,2,silent_wrong_output
8759,packed_s,1019,4,silent_wrong_output
8760,packed_s,1362,3,silent_wrong_output
8761,pk,2916,0,validation_abort
8762,packed_s,1092,6,silent_wrong_output
8763,packed_s,834,6,silent_wrong_output
8764,packed_s,559,5,silent_wrong_output
8765,pk,2789,7,validation_abort
8766,pk,3080,6,validation_abort
8767,packed_s,693,7,silent_wrong_output
8768,pk,2094,1,validation_abort
8769,packed_s,6,5,silent_wrong_output
8770,pk,3008,7,validation_abort
8771,pk,1741,5,validation_abort
8772,pk,2748,0,validation_abort
8773,pk,2044,5,validation_abort
8774,pk,2194,0,validation_abort
8775,packed_s,756,0,silent_wrong_output
8776,packed_s,375,7,silent_wrong_output
8777,packed_s,1422,7,silent_wrong_output
8778,pk,2980,4,validation_abort
8779,packed_s,94,4,silent_wrong_output
8780,pk,2355,7,validation_abort
8781,pk,2224,0,validation_abort
8782,packed_s,664,1,silent_wrong_output
8783,packed_s,793,7,silent_wrong_output
8784,pk,2372,0,validation_abort
8785,pk,2193,7,validation_abort
8786,packed_s,388,1,silent_wrong_output
8787,pk,3029,5,validation_abort
8788,pk,1948,4,validation_abort
8789,pk,1891,0,validation_abort
8790,packed_s,1394,7,silent_wrong_output
8791,pk,2997,3,validation_abort
8792,pk,1762,7,validation_abort
8793,H_pk,3134,7,validation_abort
8794,packed_s,721,7,silent_wrong_output
8795,z,3140,1,no_effect
8796,packed_s,1533,7,silent_wrong_output
8797,packed_s,412,4,silent_wrong_output
8798,pk,2921,1,validation_abort
8799,pk,2935,7,validation_abort
8800,packed_s,1112,1,silent_wrong_output
8801,pk,2079,0,validation_abort
8802,pk,1749,7,validation_abort
8803,pk,1944,5,validation_abort
8804,pk,2795,5,validation_abort
8805,packed_s,827,1,silent_wrong_output
8806,packed_s,912,0,silent_wrong_output
8807,packed_s,397,3,silent_wrong_output
8808,pk,1571,0,validation_abort
8809,packed_s,1306,1,silent_wrong_output
8810,packed_s,1424,4,silent_wrong_output
8811,packed_s,1368,7,silent_wrong_output
8812,packed_s,1465,0,silent_wrong_output
8813,pk,2369,2,validation_abort
8814,pk,1654,5,validation_abort
8815,packed_s,648,6,silent_wrong_output
8816,pk,1625,6,validation_abort
8817,packed_s,746,6,silent_wrong_output
8818,packed_s,1130,1,silent_wrong_output
8819,packed_s,1139,0,silent_wrong_output
8820,pk,2346,3,validation_abort
8821,packed_s,37,6,silent_wrong_output
8822,packed_s,1096,7,silent_wrong_output
8823,pk,2682,7,validation_abort
8824,pk,2523,3,validation_abort
8825,packed_s,159,2,silent_wrong_output
8826,packed_s,69,2,silent_wrong_output
8827,pk,2843,5,validation_abort
8828,packed_s,656,3,silent_wrong_output
8829,packed_s,1320,2,silent_wrong_output
8830,pk,2778,1,validation_abort
8831,pk,1619,1,validation_abort
8832,packed_s,493,4,silent_wrong_output
8833,pk,2050,5,validation_abort
8834,packed_s,335,3,silent_wrong_output
8835,packed_s,1384,1,silent_wrong_output
8836,pk,1811,5,validation_abort
8837,packed_s,664,3,silent_wrong_output
8838,packed_s,309,7,silent_wrong_output
8839,packed_s,1072,2,silent_wrong_output
8840,packed_s,979,2,silent_wrong_output
8841,packed_s,1480,1,silent_wrong_output
8842,pk,1773,1,validation_abort
8843,packed_s,1257,4,silent_wrong_output
8844,packed_s,1329,0,silent_wrong_output
8845,packed_s,732,5,silent_wrong_output
8846,pk,2011,2,validation_abort
8847,packed_s,1217,3,silent_wrong_output
8848,pk,2686,5,validation_abort
8849,packed_s,749,4,silent_wrong_output
8850,pk,2942,1,validation_abort
8851,packed_s,47,3,silent_wrong_output
8852,packed_s,837,3,silent_wrong_output
8853,pk,2618,2,validation_abort
8854,packed_s,1215,2,silent_wrong_output
8855,packed_s,1340,6,silent_wrong_output
8856,packed_s,1001,3,silent_wrong_output
8857,packed_s,1522,3,silent_wrong_output
8858,packed_s,1311,6,silent_wrong_output
8859,pk,2312,2,validation_abort
8860,pk,2090,4,validation_abort
8861,packed_s,295,7,silent_wrong_output
8862,pk,1668,1,validation_abort
8863,pk,2487,2,validation_abort
8864,packed_s,1306,6,silent_wrong_output
8865,pk,1809,7,validation_abort
8866,pk,2057,6,validation_abort
8867,packed_s,1268,4,silent_wrong_output
8868,packed_s,1012,7,silent_wrong_output
8869,pk,1900,1,validation_abort
8870,packed_s,953,2,silent_wrong_output
8871,pk,2159,7,validation_abort
8872,pk,2036,5,validation_abort
8873,pk,2409,7,validation_abort
8874,pk,2080,4,validation_abort
8875,pk,1575,6,validation_abort
8876,pk,1673,3,validation_abort
8877,pk,2478,6,validation_abort
8878,packed_s,860,1,silent_wrong_output
8879,pk,1831,5,validation_abort
8880,pk,2505,7,validation_abort
8881,pk,2322,2,validation_abort
8882,pk,2566,5,validation_abort
8883,pk,2852,1,validation_abort
8884,packed_s,1276,3,silent_wrong_output
8885,pk,2018,6,validation_abort
8886,pk,2792,2,validation_abort
8887,packed_s,847,3,silent_wrong_output
8888,packed_s,1004,1,silent_wrong_output
8889,packed_s,212,4,silent_wrong_output
8890,packed_s,1340,3,silent_wrong_output
8891,packed_s,342,4,silent_wrong_output
8892,packed_s,941,3,silent_wrong_output
8893,packed_s,1335,7,silent_wrong_output
8894,packed_s,1140,4,silent_wrong_output
8895,packed_s,1349,1,silent_wrong_output
8896,packed_s,468,3,silent_wrong_output
8897,pk,2718,5,validation_abort
8898,pk,2786,6,validation_abort
8899,pk,2292,6,validation_abort
8900,packed_s,1202,1,silent_wrong_output
8901,pk,2950,3,validation_abort
8902,pk,2475,4,validation_abort
8903,pk,1554,4,validation_abort
8904,pk,2190,4,validation_abort
8905,pk,1882,0,validation_abort
8906,packed_s,26,7,silent_wrong_output
8907,pk,1988,3,validation_abort
8908,packed_s,675,1,silent_wrong_output
8909,packed_s,1406,0,silent_wrong_output
8910,pk,1590,2,validation_abort
8911,packed_s,1108,6,silent_wrong_output
8912,pk,2526,4,validation_abort
8913,pk,1781,1,validation_abort
8914,z,3145,7,no_effect
8915,pk,2357,5,validation_abort
8916,packed_s,734,7,silent_wrong_output
8917,packed_s,458,2,silent_wrong_output
8918,packed_s,164,1,silent_wrong_output
8919,pk,1891,3,validation_abort
8920,pk,3059,7,validation_abort
8921,packed_s,1521,6,silent_wrong_output
8922,pk,1659,3,validation_abort
8923,pk,1687,6,validation_abort
8924,packed_s,778,5,silent_wrong_output
8925,pk,1573,5,validation_abort
8926,pk,3094,5,validation_abort
8927,pk,2225,5,validation_abort
8928,pk,1823,3,validation_abort
8929,pk,2805,1,validation_abort
8930,packed_s,536,5,silent_wrong_output
8931,packed_s,1067,4,silent_wrong_output
8932,z,3153,0,no_effect
8933,packed_s,645,3,silent_wrong_output
8934,pk,1826,2,validation_abort
8935,pk,2128,0,validation_abort
8936,packed_s,1097,6,silent_wrong_output
8937,packed_s,337,6,silent_wrong_output
8938,pk,1972,2,validation_abort
8939,packed_s,557,2,silent_wrong_output
8940,packed_s,757,5,silent_wrong_output
8941,pk,2257,3,validation_abort
8942,packed_s,965,4,silent_wrong_output
8943,packed_s,1212,2,silent_wrong_output
8944,pk,1584,6,validation_abort
8945,packed_s,573,5,silent_wrong_output
8946,pk,1623,6,validation_abort
8947,packed_s,509,0,silent_wrong_output
8948,packed_s,886,7,silent_wrong_output
8949,pk,1782,1,validation_abort
8950,pk,1801,1,validation_abort
8951,pk,2420,3,validation_abort
8952,pk,1684,7,validation_abort
8953,packed_s,1170,7,silent_wrong_output
8954,pk,2691,1,validation_abort
8955,pk,1739,6,validation_abort
8956,pk,2608,2,validation_abort
8957,pk,3046,5,validation_abort
8958,pk,2552,6,validation_abort
8959,packed_s,115,3,silent_wrong_output
8960,packed_s,1169,0,silent_wrong_output
8961,pk,2411,6,validation_abort
8962,packed_s,191,2,silent_wrong_output
8963,packed_s,1321,2,silent_wrong_output
8964,packed_s,154,4,silent_wrong_output
8965,packed_s,661,2,silent_wrong_output
8966,packed_s,100,2,silent_wrong_output
8967,pk,1918,4,validation_abort
8968,packed_s,309,6,silent_wrong_output
8969,pk,2502,1,validation_abort
8970,packed_s,137,2,silent_wrong_output
8971,packed_s,529,1,silent_wrong_output
8972,pk,3076,5,validation_abort
8973,packed_s,41,5,silent_wrong_output
8974,packed_s,336,2,silent_wrong_output
8975,pk,3061,3,validation_abort
8976,pk,1956,7,validation_abort
8977,pk,2814,7,validation_abort
8978,packed_s,1033,4,silent_wrong_output
8979,packed_s,1337,3,silent_wrong_output
8980,pk,2557,4,validation_abort
8981,pk,1697,7,validation_abort
8982,packed_s,1456,4,silent_wrong_output
8983,pk,2582,0,validation_abort
8984,packed_s,486,4,silent_wrong_output
8985,pk,2987,2,validation_abort
8986,pk,2244,7,validation_abort
8987,pk,3021,7,validation_abort
8988,pk,2839,2,validation_abort
8989,packed_s,362,1,silent_wrong_output
8990,packed_s,197,7,silent_wrong_output
8991,packed_s,1286,4,silent_wrong_output
8992,packed_s,798,2,silent_wrong_output
8993,packed_s,1183,4,silent_wrong_output
8994,pk,1936,2,validation_abort
8995,packed_s,1032,0,silent_wrong_output
8996,packed_s,816,3,silent_wrong_output
8997,pk,2363,5,validation_abort
8998,pk,1702,5,validation_abort
8999,pk,2803,4,validation_abort
9000,packed_s,398,1,silent_wrong_output
9001,pk,3032,6,validation_abort
9002,pk,2924,2,validation_abort
9003,pk,2934,1,validation_abort
9004,pk,2589,0,validation_abort
9005,packed_s,596,5,silent_wrong_output
9006,packed_s,761,2,silent_wrong_output
9007,pk,1611,5,validation_abort
9008,packed_s,890,4,silent_wrong_output
9009,packed_s,1022,1,silent_wrong_output
9010,packed_s,831,4,silent_wrong_output
9011,packed_s,792,0,silent_wrong_output
9012,pk,2753,6,validation_abort
9013,pk,2589,6,validation_abort
9014,pk,3016,3,validation_abort
9015,pk,2448,1,validation_abort
9016,pk,1631,3,validation_abort
9017,pk,1934,4,validation_abort
9018,pk,1793,0,validation_abort
9019,pk,2722,2,validation_abort
9020,packed_s,683,3,silent_wrong_output
9021,pk,1900,7,validation_abort
9022,pk,2432,3,validation_abort
9023,H_pk,3112,1,validation_abort
9024,pk,3035,5,validation_abort
9025,pk,2026,5,validation_abort
9026,packed_s,519,1,silent_wrong_output
9027,packed_s,872,2,silent_wrong_output
9028,pk,2021,4,validation_abort
9029,pk,1960,3,validation_abort
9030,packed_s,743,2,silent_wrong_output
9031,packed_s,1530,0,silent_wrong_output
9032,pk,1632,0,validation_abort
9033,pk,1579,5,validation_abort
9034,pk,2429,4,validation_abort
9035,pk,1636,0,validation_abort
9036,pk,2992,5,validation_abort
9037,pk,1584,5,validation_abort
9038,packed_s,499,0,silent_wrong_output
9039,packed_s,1084,0,silent_wrong_output
9040,packed_s,68,3,silent_wrong_output
9041,pk,3101,1,validation_abort
9042,packed_s,156,4,silent_wrong_output
9043,pk,2830,7,validation_abort
9044,pk,2615,5,validation_abort
9045,packed_s,878,7,silent_wrong_output
9046,packed_s,101,5,silent_wrong_output
9047,pk,1570,7,validation_abort
9048,packed_s,73,0,silent_wrong_output
9049,packed_s,1309,4,silent_wrong_output
9050,packed_s,766,3,silent_wrong_output
9051,pk,2833,4,validation_abort
9052,packed_s,1105,0,silent_wrong_output
9053,packed_s,1205,0,silent_wrong_output
9054,packed_s,933,0,silent_wrong_output
9055,pk,2877,0,validation_abort
9056,pk,2185,4,validation_abort
9057,packed_s,34,3,silent_wrong_output
9058,pk,1687,6,validation_abort
9059,pk,2097,5,validation_abort
9060,packed_s,1068,2,silent_wrong_output
9061,packed_s,1296,7,silent_wrong_output
9062,pk,1654,3,validation_abort
9063,pk,2838,3,validation_abort
9064,packed_s,581,1,silent_wrong_output
9065,pk,2540,6,validation_abort
9066,pk,2703,1,validation_abort
9067,packed_s,867,1,silent_wrong_output
9068,packed_s,1508,6,silent_wrong_output
9069,pk,1691,2,validation_abort
9070,packed_s,1498,5,silent_wrong_output
9071,packed_s,523,3,silent_wrong_output
9072,pk,2749,4,validation_abort
9073,packed_s,444,5,silent_wrong_output
9074,pk,3067,0,validation_abort
9075,packed_s,361,7,silent_wrong_output
9076,packed_s,386,6,silent_wrong_output
9077,packed_s,392,1,silent_wrong_output
9078,pk,2717,1,validation_abort
9079,pk,1555,4,validation_abort
9080,pk,2263,4,validation_abort
9081,z,3147,4,no_effect
9082,packed_s,1209,7,silent_wrong_output
9083,pk,1890,4,validation_abort
9084,pk,3040,3,validation_abort
9085,pk,2208,6,validation_abort
9086,packed_s,1457,3,silent_wrong_output
9087,pk,3089,0,validation_abort
9088,packed_s,1279,6,silent_wrong_output
9089,pk,2633,2,validation_abort
9090,pk,1794,3,validation_abort
9091,packed_s,1388,6,silent_wrong_output
9092,pk,2100,5,validation_abort
9093,packed_s,956,1,silent_wrong_output
9094,pk,1616,6,validation_abort
9095,packed_s,854,5,silent_wrong_output
9096,pk,1604,5,validation_abort
9097,pk,2261,7,validation_abort
9098,packed_s,783,7,silent_wrong_output
9099,packed_s,1304,4,silent_wrong_output
9100,pk,2226,4,validation_abort
9101,packed_s,593,2,silent_wrong_output
9102,pk,1613,6,validation_abort
9103,pk,3023,3,validation_abort
9104,pk,3051,5,validation_abort
9105,packed_s,1155,0,silent_wrong_output
9106,pk,2980,4,validation_abort
9107,packed_s,551,2,silent_wrong_output
9108,z,3136,1,no_effect
9109,pk,1750,2,validation_abort
9110,pk,1905,4,validation_abort
9111,pk,1845,6,validation_abort
9112,packed_s,814,4,silent_wrong_output
9113,pk,1647,1,validation_abort
9114,packed_s,869,3,silent_wrong_output
9115,pk,2460,4,validation_abort
9116,pk,2886,5,validation_abort
9117,pk,2902,0,validation_abort
9118,pk,2212,3,validation_abort
9119,pk,2799,0,validation_abort
9120,packed_s,29,2,silent_wrong_output
9121,packed_s,1473,5,silent_wrong_output
9122,pk,2774,6,validation_abort
9123,pk,2884,2,validation_abort
9124,pk,2545,0,validation_abort
9125,pk,2317,4,validation_abort
9126,packed_s,62,7,silent_wrong_output
9127,packed_s,901,0,silent_wrong_output
9128,packed_s,554,5,silent_wrong_output
9129,pk,3023,6,validation_abort
9130,packed_s,362,5,silent_wrong_output
9131,packed_s,10,0,silent_wrong_output
9132,pk,2556,3,validation_abort
9133,packed_s,1280,2,silent_wrong_output
9134,pk,2650,3,validation_abort
9135,packed_s,156,7,silent_wrong_output
9136,pk,2147,2,validation_abort
9137,packed_s,1159,7,silent_wrong_output
9138,packed_s,326,5,silent_wrong_output
9139,pk,3103,1,validation_abort
9140,packed_s,486,0,silent_wrong_output
9141,pk,2156,5,validation_abort
9142,packed_s,1058,7,silent_wrong_output
9143,packed_s,1041,7,silent_wrong_output
9144,pk,2033,7,validation_abort
9145,pk,2237,3,validation_abort
9146,pk,2283,6,validation_abort
9147,packed_s,33,7,silent_wrong_output
9148,pk,2237,1,validation_abort
9149,pk,2405,5,validation_abort
9150,pk,1840,6,validation_abort
9151,pk,1666,3,validation_abort
9152,H_pk,3118,3,validation_abort
9153,pk,2581,7,validation_abort
9154,pk,2068,4,validation_abort
9155,pk,2270,4,validation_abort
9156,packed_s,336,2,silent_wrong_output
9157,packed_s,107,4,silent_wrong_output
9158,packed_s,1059,2,silent_wrong_output
9159,packed_s,1269,5,silent_wrong_output
9160,packed_s,340,6,silent_wrong_output
9161,pk,3027,0,validation_abort
9162,packed_s,1195,5,silent_wrong_output
9163,packed_s,493,1,silent_wrong_output
9164,pk,1932,2,validation_abort
9165,H_pk,3111,3,validation_abort
9166,pk,2465,2,validation_abort
9167,pk,2791,3,validation_abort
9168,pk,2437,4,validation_abort
9169,packed_s,1206,3,silent_wrong_output
9170,pk,1898,5,validation_abort
9171,pk,1589,6,validation_abort
9172,packed_s,206,0,silent_wrong_output
9173,pk,1721,4,validation_abort
9174,packed_s,95,0,silent_wrong_output
9175,packed_s,480,3,silent_wrong_output
9176,pk,3093,1,validation_abort
9177,pk,1928,6,validation_abort
9178,packed_s,128,2,silent_wrong_output
9179,pk,2027,3,validation_abort
9180,pk,2802,3,validation_abort
9181,packed_s,1375,0,silent_wrong_output
9182,packed_s,1361,4,silent_wrong_output
9183,packed_s,948,0,silent_wrong_output
9184,pk,2349,0,validation_abort
9185,packed_s,128,7,silent_wrong_output
9186,packed_s,35,6,silent_wrong_output
9187,pk,2582,5,validation_abort
9188,pk,1814,1,validation_abort
9189,pk,2675,0,validation_abort
9190,pk,2440,3,validation_abort
9191,pk,2139,1,validation_abort
9192,pk,2040,5,validation_abort
9193,packed_s,1043,5,silent_wrong_output
9194,packed_s,1212,6,silent_wrong_output
9195,pk,1650,5,validation_abort
9196,pk,2870,7,validation_abort
9197,pk,2368,1,validation_abort
9198,pk,1962,1,validation_abort
9199,pk,2170,2,validation_abort
9200,pk,1788,4,validation_abort
9201,packed_s,1172,0,silent_wrong_output
9202,pk,2097,0,validation_abort
9203,pk,2413,4,validation_abort
9204,packed_s,705,2,silent_wrong_output
9205,packed_s,1243,3,silent_wrong_output
9206,packed_s,357,2,silent_wrong_output
9207,packed_s,692,2,silent_wrong_output
9208,packed_s,1265,4,silent_wrong_output
9209,packed_s,1119,1,silent_wrong_output
9210,pk,2122,7,validation_abort
9211,packed_s,1359,7,silent_wrong_output
9212,packed_s,1071,0,silent_wrong_output
9213,pk,2791,1,validation_abort
9214,pk,2079,0,validation_abort
9215,packed_s,159,4,silent_wrong_output
9216,pk,1719,7,validation_abort
9217,packed_s,748,5,silent_wrong_output
9218,packed_s,885,1,silent_wrong_output
9219,pk,2377,5,validation_abort
9220,packed_s,599,1,silent_wrong_output
9221,pk,2091,0,validation_abort
9222,pk,2093,7,validation_abort
9223,packed_s,91,0,silent_wrong_output
9224,pk,1570,7,validation_abort
9225,pk,3029,0,validation_abort
9226,pk,1580,1,validation_abort
9227,pk,1596,5,validation_abort
9228,pk,2261,6,validation_abort
9229,packed_s,266,5,silent_wrong_output
9230,packed_s,1034,6,silent_wrong_output
9231,packed_s,1173,4,silent_wrong_output
9232,packed_s,349,6,silent_wrong_output
9233,packed_s,1515,5,silent_wrong_output
9234,pk,2192,2,validation_abort
9235,packed_s,872,5,silent_wrong_output
9236,packed_s,1441,5,silent_wrong_output
9237,packed_s,1070,7,silent_wrong_output
9238,packed_s,1220,6,silent_wrong_output
9239,packed_s,546,1,silent_wrong_output
9240,pk,2798,7,validation_abort
9241,packed_s,1190,1,silent_wrong_output
9242,packed_s,1161,7,silent_wrong_output
9243,packed_s,26,4,silent_wrong_output
9244,pk,1946,0,validation_abort
9245,pk,2431,4,validation_abort
9246,packed_s,980,3,silent_wrong_output
9247,pk,2832,3,validation_abort
9248,packed_s,604,2,silent_wrong_output
9249,packed_s,1427,0,silent_wrong_output
9250,packed_s,342,0,silent_wrong_output
9251,packed_s,1153,6,silent_wrong_output
9252,packed_s,670,4,silent_wrong_output
9253,packed_s,1378,7,silent_wrong_output
9254,packed_s,685,7,silent_wrong_output
9255,packed_s,1438,0,silent_wrong_output
9256,packed_s,531,5,silent_wrong_output
9257,pk,2585,7,validation_abort
9258,pk,1924,4,validation_abort
9259,pk,3015,4,validation_abort
9260,packed_s,1166,7,silent_wrong_output
9261,packed_s,78,7,silent_wrong_output
9262,pk,2511,3,validation_abort
9263,pk,2593,4,validation_abort
9264,packed_s,1230,2,silent_wrong_output
9265,pk,2302,3,validation_abort
9266,packed_s,881,1,silent_wrong_output
9267,packed_s,1021,6,silent_wrong_output
9268,pk,1641,7,validation_abort
9269,pk,1778,7,validation_abort
9270,packed_s,826,2,silent_wrong_output
9271,pk,1770,4,validation_abort
9272,pk,2113,0,validation_abort
9273,pk,2123,3,validation_abort
9274,pk,2621,6,validation_abort
9275,packed_s,934,0,silent_wrong_output
9276,pk,2982,4,validation_abort
9277,packed_s,229,3,silent_wrong_output
9278,pk,2058,6,validation_abort
9279,pk,1551,1,validation_abort
9280,pk,2178,7,validation_abort
9281,pk,2849,2,validation_abort
9282,pk,1581,2,validation_abort
9283,packed_s,179,4,silent_wrong_output
9284,pk,2979,0,validation_abort
9285,pk,2385,0,validation_abort
9286,packed_s,1230,6,silent_wrong_output
9287,pk,2806,4,validation_abort
9288,packed_s,849,0,silent_wrong_output
9289,pk,2564,2,validation_abort
9290,pk,1685,2,validation_abort
9291,packed_s,176,7,silent_wrong_output
9292,packed_s,1411,7,silent_wrong_output
9293,packed_s,840,4,silent_wrong_output
9294,pk,2816,1,validation_abort
9295,packed_s,713,3,silent_wrong_output
9296,pk,2840,7,validation_abort
9297,pk,2011,3,validation_abort
9298,pk,1635,0,validation_abort
9299,pk,1784,7,validation_abort
9300,pk,1688,2,validation_abort
9301,pk,1987,3,validation_abort
9302,packed_s,1252,3,silent_wrong_output
9303,pk,2992,4,validation_abort
9304,packed_s,1239,3,silent_wrong_output
9305,pk,1627,2,validation_abort
9306,packed_s,906,4,silent_wrong_output
9307,packed_s,273,2,silent_wrong_output
9308,packed_s,201,2,silent_wrong_output
9309,packed_s,669,7,silent_wrong_output
9310,packed_s,632,0,silent_wrong_output
9311,pk,2623,7,validation_abort
9312,pk,1932,1,validation_abort
9313,packed_s,974,0,silent_wrong_output
9314,pk,1991,5,validation_abort
9315,packed_s,1063,6,silent_wrong_output
9316,packed_s,150,6,silent_wrong_output
9317,packed_s,183,6,silent_wrong_output
9318,packed_s,1481,3,silent_wrong_output
9319,pk,2761,4,validation_abort
9320,pk,1908,1,validation_abort
9321,packed_s,878,4,silent_wrong_output
9322,packed_s,743,0,silent_wrong_output
9323,pk,2276,7,validation_abort
9324,pk,2811,0,validation_abort
9325,packed_s,494,5,silent_wrong_output
9326,packed_s,913,0,silent_wrong_output
9327,packed_s,339,3,silent_wrong_output
9328,packed_s,490,2,silent_wrong_output
9329,pk,3018,2,validation_abort
9330,packed_s,476,6,silent_wrong_output
9331,pk,1626,6,validation_abort
9332,pk,3068,7,validation_abort
9333,packed_s,1040,6,silent_wrong_output
9334,pk,2946,7,validation_abort
9335,packed_s,1124,2,silent_wrong_output
9336,pk,1769,4,validation_abort
9337,pk,1573,5,validation_abort
9338,pk,2882,2,validation_abort
9339,pk,1594,3,validation_abort
9340,pk,1698,5,validation_abort
9341,pk,2890,0,validation_abort
9342,packed_s,550,6,silent_wrong_output
9343,pk,1788,4,validation_abort
9344,packed_s,1448,2,silent_wrong_output
9345,pk,2909,0,validation_abort
9346,pk,3044,5,validation_abort
9347,packed_s,745,6,silent_wrong_output
9348,pk,2376,2,validation_abort
9349,pk,1836,0,validation_abort
9350,packed_s,15,6,silent_wrong_output
9351,pk,1556,4,validation_abort
9352,packed_s,360,6,silent_wrong_output
9353,pk,1854,0,validation_abort
9354,packed_s,858,0,silent_wrong_output
9355,packed_s,1522,3,silent_wrong_output
9356,pk,1882,5,validation_abort
9357,pk,3016,7,validation_abort
9358,pk,1625,1,validation_abort
9359,pk,2051,7,validation_abort
9360,pk,1596,6,validation_abort
9361,pk,1793,6,validation_abort
9362,pk,1729,7,validation_abort
9363,packed_s,171,1,silent_wrong_output
9364,packed_s,850,1,silent_wrong_output
9365,packed_s,427,2,silent_wrong_output
9366,pk,1970,2,validation_abort
9367,pk,2636,3,validation_abort
9368,packed_s,696,0,silent_wrong_output
9369,pk,2315,4,validation_abort
9370,pk,2163,5,validation_abort
9371,packed_s,557,6,silent_wrong_output
9372,pk,3100,0,validation_abort
9373,pk,2005,7,validation_abort
9374,packed_s,1385,1,silent_wrong_output
9375,packed_s,718,4,silent_wrong_output
9376,pk,2922,6,validation_abort
9377,pk,2155,0,validation_abort
9378,pk,2471,7,validation_abort
9379,z,3145,5,no_effect
9380,packed_s,1227,5,silent_wrong_output
9381,packed_s,522,5,silent_wrong_output
9382,packed_s,280,5,silent_wrong_output
9383,packed_s,1360,5,silent_wrong_output
9384,pk,1633,1,validation_abort
9385,packed_s,1492,6,silent_wrong_output
9386,pk,1983,0,validation_abort
9387,packed_s,869,3,silent_wrong_output
9388,packed_s,709,3,silent_wrong_output
9389,pk,2317,5,validation_abort
9390,pk,2017,0,validation_abort
9391,pk,2432,1,validation_abort
9392,packed_s,376,7,silent_wrong_output
9393,packed_s,1529,5,silent_wrong_output
9394,pk,1581,7,validation_abort
9395,pk,3089,4,validation_abort
9396,packed_s,3,2,silent_wrong_output
9397,pk,2956,6,validation_abort
9398,pk,1807,1,validation_abort
9399,pk,2804,5,validation_abort
9400,packed_s,653,6,silent_wrong_output
9401,pk,2620,6,validation_abort
9402,packed_s,305,3,silent_wrong_output
9403,pk,1934,6,validation_abort
9404,pk,1558,4,validation_abort
9405,pk,2746,1,validation_abort
9406,packed_s,978,1,silent_wrong_output
9407,packed_s,761,6,silent_wrong_output
9408,pk,1610,6,validation_abort
9409,packed_s,1300,0,silent_wrong_output
9410,pk,2940,0,validation_abort
9411,pk,2236,2,validation_abort
9412,pk,2101,7,validation_abort
9413,pk,3037,5,validation_abort
9414,packed_s,859,1,silent_wrong_output
9415,packed_s,85,1,silent_wrong_output
9416,pk,2432,2,validation_abort
9417,pk,2894,3,validation_abort
9418,packed_s,989,6,silent_wrong_output
9419,packed_s,345,6,silent_wrong_output
9420,packed_s,1131,7,silent_wrong_output
9421,packed_s,1497,3,silent_wrong_output
9422,packed_s,556,7,silent_wrong_output
9423,pk,2780,1,validation_abort
9424,pk,2828,5,validation_abort
9425,packed_s,1151,2,silent_wrong_output
9426,pk,3019,5,validation_abort
9427,pk,3045,1,validation_abort
9428,pk,2097,0,validation_abort
9429,pk,2292,5,validation_abort
9430,pk,2580,4,validation_abort
9431,pk,2459,6,validation_abort
9432,packed_s,288,7,silent_wrong_output
9433,packed_s,1076,0,silent_wrong_output
9434,pk,2278,2,validation_abort
9435,packed_s,1303,5,silent_wrong_output
9436,pk,2645,5,validation_abort
9437,packed_s,1454,7,silent_wrong_output
9438,packed_s,1363,2,silent_wrong_output
9439,packed_s,13,2,silent_wrong_output
9440,H_pk,3121,5,validation_abort
9441,pk,2598,2,validation_abort
9442,packed_s,201,4,silent_wrong_output
9443,pk,2185,7,validation_abort
9444,packed_s,340,7,silent_wrong_output
9445,packed_s,943,7,silent_wrong_output
9446,packed_s,1299,7,silent_wrong_output
9447,z,3151,5,no_effect
9448,packed_s,760,5,silent_wrong_output
9449,pk,2884,0,validation_abort
9450,pk,2528,5,validation_abort
9451,pk,2914,2,validation_abort
9452,pk,3066,5,validation_abort
9453,packed_s,777,5,silent_wrong_output
9454,z,3142,7,no_effect
9455,packed_s,886,6,silent_wrong_output
9456,packed_s,171,0,silent_wrong_output
9457,packed_s,555,6,silent_wrong_output
9458,packed_s,148,7,silent_wrong_output
9459,pk,2867,7,validation_abort
9460,pk,2277,6,validation_abort
9461,pk,1849,4,validation_abort
9462,packed_s,845,6,silent_wrong_output
9463,pk,2248,2,validation_abort
9464,pk,2785,3,validation_abort
9465,packed_s,132,1,silent_wrong_output
9466,pk,1752,5,validation_abort
9467,packed_s,665,1,silent_wrong_output
9468,packed_s,1421,0,silent_wrong_output
9469,pk,2896,0,validation_abort
9470,z,3141,2,no_effect
9471,packed_s,1147,4,silent_wrong_output
9472,packed_s,1441,4,silent_wrong_output
9473,packed_s,1497,2,silent_wrong_output
9474,packed_s,559,7,silent_wrong_output
9475,pk,2055,7,validation_abort
9476,packed_s,1464,5,silent_wrong_output
9477,pk,2447,0,validation_abort
9478,packed_s,680,2,silent_wrong_output
9479,packed_s,740,5,silent_wrong_output
9480,packed_s,281,0,silent_wrong_output
9481,packed_s,1253,7,silent_wrong_output
9482,pk,1835,3,validation_abort
9483,packed_s,1032,5,silent_wrong_output
9484,pk,2038,3,validation_abort
9485,pk,2989,7,validation_abort
9486,pk,2286,3,validation_abort
9487,H_pk,3110,2,validation_abort
9488,packed_s,864,1,silent_wrong_output
9489,packed_s,1306,5,silent_wrong_output
9490,pk,3073,4,validation_abort
9491,packed_s,739,0,silent_wrong_output
9492,pk,2830,2,validation_abort
9493,packed_s,1310,0,silent_wrong_output
9494,packed_s,283,6,silent_wrong_output
9495,pk,1919,0,validation_abort
9496,packed_s,1296,4,silent_wrong_output
9497,packed_s,1137,4,silent_wrong_output
9498,pk,2928,2,validation_abort
9499,packed_s,1068,1,silent_wrong_output
9500,pk,2129,0,validation_abort
9501,pk,2527,0,validation_abort
9502,packed_s,784,6,silent_wrong_output
9503,packed_s,1209,7,silent_wrong_output
9504,packed_s,520,5,silent_wrong_output
9505,packed_s,1231,4,silent_wrong_output
9506,pk,3013,0,validation_abort
9507,pk,3068,3,validation_abort
9508,pk,2282,1,validation_abort
9509,pk,2344,4,validation_abort
9510,packed_s,748,5,silent_wrong_output
9511,packed_s,1521,0,silent_wrong_output
9512,packed_s,841,0,silent_wrong_output
9513,pk,2637,0,validation_abort
9514,pk,2438,1,validation_abort
9515,pk,2627,6,validation_abort
9516,packed_s,77,1,silent_wrong_output
9517,packed_s,1296,1,silent_wrong_output
9518,pk,1590,0,validation_abort
9519,packed_s,1396,4,silent_wrong_output
9520,packed_s,1347,3,silent_wrong_output
9521,packed_s,1139,6,silent_wrong_output
9522,pk,1870,4,validation_abort
9523,packed_s,729,6,silent_wrong_output
9524,packed_s,211,6,silent_wrong_output
9525,pk,2790,4,validation_abort
9526,packed_s,482,2,silent_wrong_output
9527,packed_s,1145,6,silent_wrong_output
9528,packed_s,1038,3,silent_wrong_output
9529,pk,2579,5,validation_abort
9530,pk,2227,6,validation_abort
9531,pk,1982,3,validation_abort
9532,pk,2941,0,validation_abort
9533,pk,2902,1,validation_abort
9534,packed_s,987,5,silent_wrong_output
9535,packed_s,1525,4,silent_wrong_output
9536,packed_s,367,5,silent_wrong_output
9537,packed_s,785,6,silent_wrong_output
9538,packed_s,505,5,silent_wrong_output
9539,pk,2350,1,validation_abort
9540,packed_s,1133,1,silent_wrong_output
9541,packed_s,547,5,silent_wrong_output
9542,pk,2466,3,validation_abort
9543,pk,2401,6,validation_abort
9544,packed_s,485,6,silent_wrong_output
9545,packed_s,338,3,silent_wrong_output
9546,packed_s,1455,7,silent_wrong_output
9547,pk,2432,7,validation_abort
9548,pk,3075,1,validation_abort
9549,packed_s,1112,7,silent_wrong_output
9550,packed_s,760,5,silent_wrong_output
9551,pk,1993,5,validation_abort
9552,pk,1979,3,validation_abort
9553,packed_s,825,1,silent_wrong_output
9554,pk,2400,5,validation_abort
9555,pk,1854,7,validation_abort
9556,packed_s,523,2,silent_wrong_output
9557,pk,2931,1,validation_abort
9558,pk,2586,4,validation_abort
9559,packed_s,189,2,silent_wrong_output
9560,pk,2042,2,validation_abort
9561,packed_s,297,1,silent_wrong_output
9562,pk,1978,1,validation_abort
9563,pk,1574,5,validation_abort
9564,pk,2983,6,validation_abort
9565,pk,2490,3,validation_abort
9566,pk,2553,5,validation_abort
9567,pk,2023,4,validation_abort
9568,packed_s,411,7,silent_wrong_output
9569,pk,2437,2,validation_abort
9570,packed_s,907,2,silent_wrong_output
9571,pk,2522,4,validation_abort
9572,pk,2090,6,validation_abort
9573,packed_s,1515,0,silent_wrong_output
9574,packed_s,70,1,silent_wrong_output
9575,pk,2653,5,validation_abort
9576,packed_s,150,2,silent_wrong_output
9577,pk,1987,3,validation_abort
9578,packed_s,388,4,silent_wrong_output
9579,packed_s,774,3,silent_wrong_output
9580,pk,1805,0,validation_abort
9581,packed_s,363,2,silent_wrong_output
9582,pk,2151,7,validation_abort
9583,packed_s,581,6,silent_wrong_output
9584,packed_s,955,2,silent_wrong_output
9585,packed_s,769,5,silent_wrong_output
9586,pk,1743,2,validation_abort
9587,pk,2468,5,validation_abort
9588,packed_s,309,2,silent_wrong_output
9589,packed_s,1433,0,silent_wrong_output
9590,packed_s,120,6,silent_wrong_output
9591,pk,1891,2,validation_abort
9592,pk,2481,7,validation_abort
9593,pk,2729,5,validation_abort
9594,packed_s,1355,4,silent_wrong_output
9595,z,3163,6,no_effect
9596,pk,2224,2,validation_abort
9597,packed_s,542,4,silent_wrong_output
9598,packed_s,1248,5,silent_wrong_output
9599,packed_s,1368,0,silent_wrong_output
9600,pk,1649,7,validation_abort
9601,pk,2217,2,validation_abort
9602,packed_s,963,1,silent_wrong_output
9603,pk,2348,3,validation_abort
9604,pk,2625,2,validation_abort
9605,packed_s,834,7,silent_wrong_output
9606,packed_s,686,0,silent_wrong_output
9607,packed_s,1426,6,silent_wrong_output
9608,packed_s,1175,5,silent_wrong_output
9609,pk,1653,4,validation_abort
9610,packed_s,645,1,silent_wrong_output
9611,pk,1561,0,validation_abort
9612,pk,2796,5,validation_abort
9613,packed_s,1094,0,silent_wrong_output
9614,packed_s,171,3,silent_wrong_output
9615,pk,2630,3,validation_abort
9616,pk,2293,6,validation_abort
9617,pk,2973,2,validation_abort
9618,pk,1590,0,validation_abort
9619,packed_s,742,7,silent_wrong_output
9620,packed_s,1457,2,silent_wrong_output
9621,pk,2343,6,validation_abort
9622,pk,2276,0,validation_abort
9623,pk,2354,6,validation_abort
9624,pk,2677,4,validation_abort
9625,packed_s,272,7,silent_wrong_output
9626,packed_s,711,4,silent_wrong_output
9627,pk,2363,5,validation_abort
9628,z,3142,0,no_effect
9629,pk,3017,4,validation_abort
9630,packed_s,745,3,silent_wrong_output
9631,packed_s,201,2,silent_wrong_output
9632,pk,3031,4,validation_abort
9633,pk,2756,6,validation_abort
9634,pk,2669,0,validation_abort
9635,packed_s,231,7,silent_wrong_output
9636,packed_s,743,5,silent_wrong_output
9637,pk,1679,1,validation_abort
9638,packed_s,135,7,silent_wrong_output
9639,pk,2659,4,validation_abort
9640,packed_s,187,5,silent_wrong_output
9641,pk,2214,2,validation_abort
9642,pk,1946,4,validation_abort
9643,pk,2195,5,validation_abort
9644,packed_s,1003,3,silent_wrong_output
9645,packed_s,1,7,silent_wrong_output
9646,pk,2563,5,validation_abort
9647,packed_s,1380,0,silent_wrong_output
9648,packed_s,606,0,silent_wrong_output
9649,pk,2504,5,validation_abort
9650,pk,3027,0,validation_abort
9651,packed_s,213,4,silent_wrong_output
9652,pk,2728,6,validation_abort
9653,packed_s,481,4,silent_wrong_output
9654,pk,2291,0,validation_abort
9655,packed_s,1096,1,silent_wrong_output
9656,packed_s,369,0,silent_wrong_output
9657,packed_s,1269,3,silent_wrong_output
9658,pk,2960,3,validation_abort
9659,packed_s,38,4,silent_wrong_output
9660,packed_s,1441,1,silent_wrong_output
9661,pk,1910,3,validation_abort
9662,packed_s,1116,3,silent_wrong_output
9663,packed_s,253,7,silent_wrong_output
9664,pk,3026,0,validation_abort
9665,packed_s,610,3,silent_wrong_output
9666,pk,1825,4,validation_abort
9667,packed_s,1291,1,silent_wrong_output
9668,packed_s,1125,7,silent_wrong_output
9669,pk,1867,7,validation_abort
9670,packed_s,659,3,silent_wrong_output
9671,pk,2202,5,validation_abort
9672,packed_s,714,3,silent_wrong_output
9673,packed_s,1496,6,silent_wrong_output
9674,packed_s,1147,5,silent_wrong_output
9675,z,3164,5,no_effect
9676,packed_s,1183,0,silent_wrong_output
9677,packed_s,898,1,silent_wrong_output
9678,pk,2866,2,validation_abort
9679,pk,2654,6,validation_abort
9680,packed_s,800,1,silent_wrong_output
9681,pk,1674,5,validation_abort
9682,packed_s,919,0,silent_wrong_output
9683,packed_s,875,5,silent_wrong_output
9684,packed_s,844,7,silent_wrong_output
9685,packed_s,1016,6,silent_wrong_output
9686,pk,1628,2,validation_abort
9687,pk,2328,3,validation_abort
9688,pk,2577,3,validation_abort
9689,packed_s,1350,7,silent_wrong_output
9690,packed_s,70,1,silent_wrong_output
9691,pk,2453,5,validation_abort
9692,pk,1875,7,validation_abort
9693,pk,3093,5,validation_abort
9694,packed_s,1174,1,silent_wrong_output
9695,packed_s,1196,7,silent_wrong_output
9696,pk,2500,2,validation_abort
9697,pk,2900,4,validation_abort
9698,H_pk,3123,4,validation_abort
9699,packed_s,871,1,silent_wrong_output
9700,packed_s,778,1,silent_wrong_output
9701,pk,1713,7,validation_abort
9702,pk,3044,4,validation_abort
9703,H_pk,3135,6,validation_abort
9704,pk,1968,2,validation_abort
9705,packed_s,941,7,silent_wrong_output
9706,pk,2633,0,validation_abort
9707,packed_s,495,5,silent_wrong_output
9708,packed_s,965,3,silent_wrong_output
9709,pk,1853,1,validation_abort
9710,packed_s,1130,3,silent_wrong_output
9711,pk,1868,6,validation_abort
9712,pk,2482,6,validation_abort
9713,packed_s,638,4,silent_wrong_output
9714,packed_s,746,3,silent_wrong_output
9715,packed_s,1241,0,silent_wrong_output
9716,packed_s,517,2,silent_wrong_output
9717,pk,2683,0,validation_abort
9718,pk,1707,5,validation_abort
9719,pk,1563,3,validation_abort
9720,packed_s,1449,6,silent_wrong_output
9721,pk,1789,3,validation_abort
9722,pk,3069,2,validation_abort
9723,packed_s,1353,3,silent_wrong_output
9724,packed_s,746,1,silent_wrong_output
9725,z,3158,3,no_effect
9726,packed_s,749,5,silent_wrong_output
9727,packed_s,261,4,silent_wrong_output
9728,packed_s,1130,7,silent_wrong_output
9729,pk,2689,2,validation_abort
9730,pk,1867,4,validation_abort
9731,packed_s,1024,5,silent_wrong_output
9732,packed_s,179,4,silent_wrong_output
9733,pk,2188,2,validation_abort
9734,packed_s,504,4,silent_wrong_output
9735,pk,2696,2,validation_abort
9736,packed_s,395,7,silent_wrong_output
9737,pk,2832,5,validation_abort
9738,pk,2267,7,validation_abort
9739,pk,1944,5,validation_abort
9740,packed_s,956,6,silent_wrong_output
9741,pk,2506,4,validation_abort
9742,pk,2595,7,validation_abort
9743,pk,2466,0,validation_abort
9744,pk,2461,4,validation_abort
9745,packed_s,1445,2,silent_wrong_output
9746,packed_s,759,0,silent_wrong_output
9747,packed_s,416,5,silent_wrong_output
9748,H_pk,3105,7,validation_abort
9749,packed_s,288,4,silent_wrong_output
9750,pk,1928,1,validation_abort
9751,packed_s,1041,4,silent_wrong_output
9752,pk,2813,7,validation_abort
9753,pk,1695,0,validation_abort
9754,pk,2312,0,validation_abort
9755,pk,2814,6,validation_abort
9756,packed_s,615,6,silent_wrong_output
9757,pk,1665,7,validation_abort
9758,packed_s,746,6,silent_wrong_output
9759,packed_s,1155,6,silent_wrong_output
9760,packed_s,355,0,silent_wrong_output
9761,packed_s,1122,0,silent_wrong_output
9762,packed_s,111,4,silent_wrong_output
9763,packed_s,1083,5,silent_wrong_output
9764,packed_s,60,6,silent_wrong_output
9765,pk,1930,1,validation_abort
9766,pk,3091,7,validation_abort
9767,packed_s,908,6,silent_wrong_output
9768,pk,2618,5,validation_abort
9769,packed_s,864,4,silent_wrong_output
9770,packed_s,983,6,silent_wrong_output
9771,packed_s,395,3,silent_wrong_output
9772,packed_s,1348,7,silent_wrong_output
9773,packed_s,1375,1,silent_wrong_output
9774,pk,2135,2,validation_abort
9775,pk,1777,2,validation_abort
9776,packed_s,14,5,silent_wrong_output
9777,packed_s,777,5,silent_wrong_output
9778,packed_s,1328,4,silent_wrong_output
9779,packed_s,864,4,silent_wrong_output
9780,pk,2970,2,validation_abort
9781,pk,1636,2,validation_abort
9782,pk,2840,5,validation_abort
9783,packed_s,1302,5,silent_wrong_output
9784,pk,1915,5,validation_abort
9785,pk,1744,7,validation_abort
9786,packed_s,37,2,silent_wrong_output
9787,pk,2228,5,validation_abort
9788,pk,2065,6,validation_abort
9789,packed_s,334,0,silent_wrong_output
9790,pk,1687,7,validation_abort
9791,packed_s,306,6,silent_wrong_output
9792,pk,2000,0,validation_abort
9793,packed_s,914,6,silent_wrong_output
9794,pk,2551,6,validation_abort
9795,pk,2722,6,validation_abort
9796,packed_s,699,2,silent_wrong_output
9797,pk,2966,4,validation_abort
9798,pk,1724,3,validation_abort
9799,pk,3046,3,validation_abort
9800,packed_s,1057,7,silent_wrong_output
9801,pk,2383,5,validation_abort
9802,packed_s,1281,5,silent_wrong_output
9803,packed_s,809,1,silent_wrong_output
9804,packed_s,189,1,silent_wrong_output
9805,packed_s,858,6,silent_wrong_output
9806,pk,2547,7,validation_abort
9807,packed_s,514,5,silent_wrong_output
9808,packed_s,660,7,silent_wrong_output
9809,pk,2606,6,validation_abort
9810,packed_s,1080,7,silent_wrong_output
9811,pk,2801,0,validation_abort
9812,packed_s,59,3,silent_wrong_output
9813,pk,2717,7,validation_abort
9814,packed_s,1207,6,silent_wrong_output
9815,packed_s,464,6,silent_wrong_output
9816,packed_s,553,7,silent_wrong_output
9817,pk,2311,2,validation_abort
9818,packed_s,1467,6,silent_wrong_output
9819,packed_s,1208,7,silent_wrong_output
9820,packed_s,1117,1,silent_wrong_output
9821,pk,2930,4,validation_abort
9822,pk,1933,2,validation_abort
9823,packed_s,1259,3,silent_wrong_output
9824,pk,2119,0,validation_abort
9825,pk,1989,2,validation_abort
9826,pk,1578,6,validation_abort
9827,pk,2225,0,validation_abort
9828,pk,2404,2,validation_abort
9829,packed_s,44,3,silent_wrong_output
9830,pk,1799,5,validation_abort
9831,packed_s,705,2,silent_wrong_output
9832,packed_s,617,4,silent_wrong_output
9833,pk,2447,0,validation_abort
9834,packed_s,30,7,silent_wrong_output
9835,packed_s,997,2,silent_wrong_output
9836,packed_s,499,7,silent_wrong_output
9837,pk,2501,0,validation_abort
9838,pk,2552,7,validation_abort
9839,packed_s,146,0,silent_wrong_output
9840,packed_s,641,7,silent_wrong_output
9841,packed_s,1380,4,silent_wrong_output
9842,pk,2344,0,validation_abort
9843,packed_s,497,0,silent_wrong_output
9844,packed_s,51,5,silent_wrong_output
9845,packed_s,635,0,silent_wrong_output
9846,pk,2881,0,validation_abort
9847,packed_s,1071,6,silent_wrong_output
9848,packed_s,921,3,silent_wrong_output
9849,pk,1911,4,validation_abort
9850,pk,2086,0,validation_abort
9851,packed_s,401,0,silent_wrong_output
9852,packed_s,1456,4,silent_wrong_output
9853,pk,2391,6,validation_abort
9854,packed_s,553,6,silent_wrong_output
9855,pk,2590,2,validation_abort
9856,pk,2531,2,validation_abort
9857,pk,1959,5,validation_abort
9858,packed_s,1075,2,silent_wrong_output
9859,pk,2225,5,validation_abort
9860,packed_s,377,0,silent_wrong_output
9861,packed_s,191,3,silent_wrong_output
9862,pk,2583,1,validation_abort
9863,packed_s,824,2,silent_wrong_output
9864,H_pk,3127,0,validation_abort
9865,pk,1644,5,validation_abort
9866,pk,2317,3,validation_abort
9867,pk,2344,0,validation_abort
9868,pk,2862,5,validation_abort
9869,packed_s,712,4,silent_wrong_output
9870,packed_s,1124,6,silent_wrong_output
9871,packed_s,1273,2,silent_wrong_output
9872,pk,2531,7,validation_abort
9873,packed_s,560,1,silent_wrong_output
9874,packed_s,714,6,silent_wrong_output
9875,pk,2150,5,validation_abort
9876,pk,2265,3,validation_abort
9877,packed_s,491,2,silent_wrong_output
9878,pk,2916,4,validation_abort
9879,packed_s,698,2,silent_wrong_output
9880,packed_s,169,0,silent_wrong_output
9881,packed_s,1417,6,silent_wrong_output
9882,packed_s,557,5,silent_wrong_output
9883,packed_s,1399,7,silent_wrong_output
9884,pk,1904,1,validation_abort
9885,packed_s,975,1,silent_wrong_output
9886,packed_s,992,5,silent_wrong_output
9887,packed_s,1458,5,silent_wrong_output
9888,pk,1641,1,validation_abort
9889,pk,1881,3,validation_abort
9890,packed_s,1345,7,silent_wrong_output
9891,packed_s,899,0,silent_wrong_output
9892,packed_s,1141,3,silent_wrong_output
9893,pk,2579,4,validation_abort
9894,pk,3021,5,validation_abort
9895,pk,2731,1,validation_abort
9896,packed_s,752,7,silent_wrong_output
9897,packed_s,469,0,silent_wrong_output
9898,packed_s,1194,6,silent_wrong_output
9899,packed_s,680,4,silent_wrong_output
9900,packed_s,148,3,silent_wrong_output
9901,packed_s,1198,6,silent_wrong_output
9902,pk,1759,7,validation_abort
9903,pk,1941,6,validation_abort
9904,pk,1567,7,validation_abort
9905,pk,2687,3,validation_abort
9906,packed_s,1367,7,silent_wrong_output
9907,packed_s,1465,2,silent_wrong_output
9908,pk,2910,2,validation_abort
9909,packed_s,1503,1,silent_wrong_output
9910,packed_s,307,3,silent_wrong_output
9911,pk,2633,2,validation_abort
9912,packed_s,1336,0,silent_wrong_output
9913,pk,2904,4,validation_abort
9914,packed_s,1072,6,silent_wrong_output
9915,packed_s,319,2,silent_wrong_output
9916,packed_s,608,0,silent_wrong_output
9917,pk,2207,6,validation_abort
9918,pk,2129,3,validation_abort
9919,pk,2323,2,validation_abort
9920,pk,2006,4,validation_abort
9921,packed_s,870,3,silent_wrong_output
9922,pk,2409,5,validation_abort
9923,pk,1986,2,validation_abort
9924,packed_s,672,6,silent_wrong_output
9925,packed_s,1520,2,silent_wrong_output
9926,pk,2467,6,validation_abort
9927,packed_s,15,3,silent_wrong_output
9928,pk,1923,4,validation_abort
9929,H_pk,3105,4,validation_abort
9930,packed_s,164,0,silent_wrong_output
9931,pk,2147,7,validation_abort
9932,pk,3057,6,validation_abort
9933,pk,2429,2,validation_abort
9934,H_pk,3132,6,validation_abort
9935,packed_s,1439,5,silent_wrong_output
9936,pk,2263,3,validation_abort
9937,packed_s,1492,4,silent_wrong_output
9938,pk,2355,2,validation_abort
9939,packed_s,131,7,silent_wrong_output
9940,packed_s,1127,7,silent_wrong_output
9941,pk,2367,2,validation_abort
9942,packed_s,871,2,silent_wrong_output
9943,packed_s,642,7,silent_wrong_output
9944,packed_s,913,5,silent_wrong_output
9945,packed_s,814,4,silent_wrong_output
9946,pk,2401,2,validation_abort
9947,packed_s,80,6,silent_wrong_output
9948,pk,1615,0,validation_abort
9949,pk,1659,2,validation_abort
9950,packed_s,402,2,silent_wrong_output
9951,pk,2456,2,validation_abort
9952,packed_s,252,2,silent_wrong_output
9953,packed_s,1358,2,silent_wrong_output
9954,packed_s,589,4,silent_wrong_output
9955,pk,2475,7,validation_abort
9956,packed_s,961,0,silent_wrong_output
9957,packed_s,550,1,silent_wrong_output
9958,packed_s,1019,0,silent_wrong_output
9959,packed_s,1525,3,silent_wrong_output
9960,packed_s,745,0,silent_wrong_output
9961,packed_s,1355,2,silent_wrong_output
9962,packed_s,1116,5,silent_wrong_output
9963,pk,2786,7,validation_abort
9964,pk,1629,5,validation_abort
9965,pk,2421,1,validation_abort
9966,pk,2055,7,validation_abort
9967,pk,1581,5,validation_abort
9968,packed_s,212,4,silent_wrong_output
9969,packed_s,840,0,silent_wrong_output
9970,pk,2461,4,validation_abort
9971,pk,2705,6,validation_abort
9972,packed_s,438,3,silent_wrong_output
9973,pk,2059,2,validation_abort
9974,packed_s,1190,5,silent_wrong_output
9975,packed_s,315,2,silent_wrong_output
9976,packed_s,1017,0,silent_wrong_output
9977,pk,2812,7,validation_abort
9978,pk,2702,1,validation_abort
9979,packed_s,825,6,silent_wrong_output
9980,packed_s,649,4,silent_wrong_output
9981,pk,1885,6,validation_abort
9982,packed_s,813,5,silent_wrong_output
9983,packed_s,532,5,silent_wrong_output
9984,packed_s,908,2,silent_wrong_output
9985,pk,2572,2,validation_abort
9986,pk,1693,5,validation_abort
9987,pk,2267,5,validation_abort
9988,packed_s,628,2,silent_wrong_output
9989,H_pk,3135,3,validation_abort
9990,packed_s,838,6,silent_wrong_output
9991,packed_s,409,2,silent_wrong_output
9992,packed_s,633,7,silent_wrong_output
9993,packed_s,155,1,silent_wrong_output
9994,packed_s,114,5,silent_wrong_output
9995,packed_s,267,6,silent_wrong_output
9996,packed_s,799,4,silent_wrong_output
9997,pk,1983,3,validation_abort
9998,pk,2441,3,validation_abort
9999,pk,1831,6,validation_abort
