trial,byte_idx,bit_idx,original_outcome,defended_outcome
2,83,2,silent_wrong_output,integrity_check_abort
3,137,1,silent_wrong_output,integrity_check_abort
8,180,7,silent_wrong_output,integrity_check_abort
11,612,3,silent_wrong_output,integrity_check_abort
12,747,7,silent_wrong_output,integrity_check_abort
18,163,5,silent_wrong_output,integrity_check_abort
19,273,7,silent_wrong_output,integrity_check_abort
20,200,3,silent_wrong_output,integrity_check_abort
22,506,1,silent_wrong_output,integrity_check_abort
24,576,3,silent_wrong_output,integrity_check_abort
25,656,0,silent_wrong_output,integrity_check_abort
29,460,4,silent_wrong_output,integrity_check_abort
30,579,3,silent_wrong_output,integrity_check_abort
32,659,4,silent_wrong_output,integrity_check_abort
33,291,4,silent_wrong_output,integrity_check_abort
34,90,6,silent_wrong_output,integrity_check_abort
35,633,3,silent_wrong_output,integrity_check_abort
36,326,3,silent_wrong_output,integrity_check_abort
44,629,2,silent_wrong_output,integrity_check_abort
48,383,4,silent_wrong_output,integrity_check_abort
49,654,4,silent_wrong_output,integrity_check_abort
53,520,5,silent_wrong_output,integrity_check_abort
54,232,4,silent_wrong_output,integrity_check_abort
58,436,7,silent_wrong_output,integrity_check_abort
60,302,0,silent_wrong_output,integrity_check_abort
61,578,6,silent_wrong_output,integrity_check_abort
65,456,4,silent_wrong_output,integrity_check_abort
67,429,1,silent_wrong_output,integrity_check_abort
70,246,5,silent_wrong_output,integrity_check_abort
71,361,4,silent_wrong_output,integrity_check_abort
75,155,1,silent_wrong_output,integrity_check_abort
78,146,7,silent_wrong_output,integrity_check_abort
81,30,1,silent_wrong_output,integrity_check_abort
83,424,0,silent_wrong_output,integrity_check_abort
85,714,3,silent_wrong_output,integrity_check_abort
88,721,5,silent_wrong_output,integrity_check_abort
90,74,5,silent_wrong_output,integrity_check_abort
91,273,7,silent_wrong_output,integrity_check_abort
94,747,6,silent_wrong_output,integrity_check_abort
102,416,4,silent_wrong_output,integrity_check_abort
103,58,1,silent_wrong_output,integrity_check_abort
111,555,1,silent_wrong_output,integrity_check_abort
112,595,6,silent_wrong_output,integrity_check_abort
113,582,1,silent_wrong_output,integrity_check_abort
116,386,7,silent_wrong_output,integrity_check_abort
126,71,7,silent_wrong_output,integrity_check_abort
127,464,1,silent_wrong_output,integrity_check_abort
129,143,1,silent_wrong_output,integrity_check_abort
130,284,0,silent_wrong_output,integrity_check_abort
132,122,6,silent_wrong_output,integrity_check_abort
136,475,0,silent_wrong_output,integrity_check_abort
139,587,4,silent_wrong_output,integrity_check_abort
142,405,0,silent_wrong_output,integrity_check_abort
143,518,7,silent_wrong_output,integrity_check_abort
149,631,2,silent_wrong_output,integrity_check_abort
150,443,7,silent_wrong_output,integrity_check_abort
152,278,2,silent_wrong_output,integrity_check_abort
155,748,6,silent_wrong_output,integrity_check_abort
156,49,0,silent_wrong_output,integrity_check_abort
157,647,6,silent_wrong_output,integrity_check_abort
161,462,5,silent_wrong_output,integrity_check_abort
162,685,1,silent_wrong_output,integrity_check_abort
164,90,2,silent_wrong_output,integrity_check_abort
165,678,4,silent_wrong_output,integrity_check_abort
167,762,5,silent_wrong_output,integrity_check_abort
168,84,0,silent_wrong_output,integrity_check_abort
171,546,6,silent_wrong_output,integrity_check_abort
172,575,7,silent_wrong_output,integrity_check_abort
173,570,4,silent_wrong_output,integrity_check_abort
182,33,2,silent_wrong_output,integrity_check_abort
184,251,4,silent_wrong_output,integrity_check_abort
185,692,4,silent_wrong_output,integrity_check_abort
187,451,2,silent_wrong_output,integrity_check_abort
188,698,5,silent_wrong_output,integrity_check_abort
195,126,0,silent_wrong_output,integrity_check_abort
202,328,3,silent_wrong_output,integrity_check_abort
207,195,3,silent_wrong_output,integrity_check_abort
209,463,4,silent_wrong_output,integrity_check_abort
211,56,3,silent_wrong_output,integrity_check_abort
214,286,3,silent_wrong_output,integrity_check_abort
221,374,2,silent_wrong_output,integrity_check_abort
222,265,5,silent_wrong_output,integrity_check_abort
230,676,4,silent_wrong_output,integrity_check_abort
233,58,4,silent_wrong_output,integrity_check_abort
238,218,6,silent_wrong_output,integrity_check_abort
239,191,1,silent_wrong_output,integrity_check_abort
241,102,2,silent_wrong_output,integrity_check_abort
242,337,6,silent_wrong_output,integrity_check_abort
243,499,7,silent_wrong_output,integrity_check_abort
244,434,3,silent_wrong_output,integrity_check_abort
245,326,3,silent_wrong_output,integrity_check_abort
246,416,2,silent_wrong_output,integrity_check_abort
250,553,5,silent_wrong_output,integrity_check_abort
253,325,5,silent_wrong_output,integrity_check_abort
254,693,4,silent_wrong_output,integrity_check_abort
258,736,7,silent_wrong_output,integrity_check_abort
261,433,4,silent_wrong_output,integrity_check_abort
263,100,0,silent_wrong_output,integrity_check_abort
264,415,3,silent_wrong_output,integrity_check_abort
265,523,0,silent_wrong_output,integrity_check_abort
266,49,3,silent_wrong_output,integrity_check_abort
269,425,3,silent_wrong_output,integrity_check_abort
270,590,6,silent_wrong_output,integrity_check_abort
272,105,2,silent_wrong_output,integrity_check_abort
273,302,6,silent_wrong_output,integrity_check_abort
279,389,6,silent_wrong_output,integrity_check_abort
281,633,7,silent_wrong_output,integrity_check_abort
285,346,1,silent_wrong_output,integrity_check_abort
286,180,6,silent_wrong_output,integrity_check_abort
290,354,1,silent_wrong_output,integrity_check_abort
291,101,3,silent_wrong_output,integrity_check_abort
295,329,0,silent_wrong_output,integrity_check_abort
297,535,2,silent_wrong_output,integrity_check_abort
301,115,1,silent_wrong_output,integrity_check_abort
303,670,3,silent_wrong_output,integrity_check_abort
306,68,2,silent_wrong_output,integrity_check_abort
309,24,0,silent_wrong_output,integrity_check_abort
311,178,4,silent_wrong_output,integrity_check_abort
319,603,6,silent_wrong_output,integrity_check_abort
322,226,3,silent_wrong_output,integrity_check_abort
323,530,6,silent_wrong_output,integrity_check_abort
324,223,4,silent_wrong_output,integrity_check_abort
325,457,3,silent_wrong_output,integrity_check_abort
326,757,4,silent_wrong_output,integrity_check_abort
329,626,2,silent_wrong_output,integrity_check_abort
331,587,2,silent_wrong_output,integrity_check_abort
332,348,6,silent_wrong_output,integrity_check_abort
334,27,3,silent_wrong_output,integrity_check_abort
335,82,3,silent_wrong_output,integrity_check_abort
337,190,2,silent_wrong_output,integrity_check_abort
339,481,7,silent_wrong_output,integrity_check_abort
346,523,4,silent_wrong_output,integrity_check_abort
347,273,4,silent_wrong_output,integrity_check_abort
348,406,5,silent_wrong_output,integrity_check_abort
349,178,4,silent_wrong_output,integrity_check_abort
352,20,4,silent_wrong_output,integrity_check_abort
355,107,5,silent_wrong_output,integrity_check_abort
356,8,3,silent_wrong_output,integrity_check_abort
357,151,2,silent_wrong_output,integrity_check_abort
359,87,4,silent_wrong_output,integrity_check_abort
361,669,3,silent_wrong_output,integrity_check_abort
362,130,4,silent_wrong_output,integrity_check_abort
364,85,5,silent_wrong_output,integrity_check_abort
366,164,4,silent_wrong_output,integrity_check_abort
367,199,7,silent_wrong_output,integrity_check_abort
368,438,4,silent_wrong_output,integrity_check_abort
371,317,7,silent_wrong_output,integrity_check_abort
374,211,4,silent_wrong_output,integrity_check_abort
377,31,2,silent_wrong_output,integrity_check_abort
380,565,0,silent_wrong_output,integrity_check_abort
382,740,4,silent_wrong_output,integrity_check_abort
383,651,6,silent_wrong_output,integrity_check_abort
384,192,7,silent_wrong_output,integrity_check_abort
385,620,4,silent_wrong_output,integrity_check_abort
386,727,2,silent_wrong_output,integrity_check_abort
387,335,2,silent_wrong_output,integrity_check_abort
388,156,6,silent_wrong_output,integrity_check_abort
389,490,4,silent_wrong_output,integrity_check_abort
391,76,7,silent_wrong_output,integrity_check_abort
392,342,3,silent_wrong_output,integrity_check_abort
393,247,2,silent_wrong_output,integrity_check_abort
395,581,5,silent_wrong_output,integrity_check_abort
396,340,1,silent_wrong_output,integrity_check_abort
397,713,6,silent_wrong_output,integrity_check_abort
400,243,4,silent_wrong_output,integrity_check_abort
402,113,6,silent_wrong_output,integrity_check_abort
403,54,7,silent_wrong_output,integrity_check_abort
404,447,3,silent_wrong_output,integrity_check_abort
406,604,0,silent_wrong_output,integrity_check_abort
407,528,2,silent_wrong_output,integrity_check_abort
409,443,2,silent_wrong_output,integrity_check_abort
410,717,7,silent_wrong_output,integrity_check_abort
411,132,7,silent_wrong_output,integrity_check_abort
413,403,3,silent_wrong_output,integrity_check_abort
414,306,4,silent_wrong_output,integrity_check_abort
416,556,3,silent_wrong_output,integrity_check_abort
418,259,7,silent_wrong_output,integrity_check_abort
421,212,1,silent_wrong_output,integrity_check_abort
425,10,1,silent_wrong_output,integrity_check_abort
431,536,6,silent_wrong_output,integrity_check_abort
433,166,4,silent_wrong_output,integrity_check_abort
434,435,5,silent_wrong_output,integrity_check_abort
436,412,3,silent_wrong_output,integrity_check_abort
437,119,6,silent_wrong_output,integrity_check_abort
441,77,4,silent_wrong_output,integrity_check_abort
442,462,6,silent_wrong_output,integrity_check_abort
443,731,3,silent_wrong_output,integrity_check_abort
448,34,0,silent_wrong_output,integrity_check_abort
451,230,1,silent_wrong_output,integrity_check_abort
453,422,3,silent_wrong_output,integrity_check_abort
454,734,3,silent_wrong_output,integrity_check_abort
455,333,7,silent_wrong_output,integrity_check_abort
456,357,3,silent_wrong_output,integrity_check_abort
457,227,6,silent_wrong_output,integrity_check_abort
460,573,6,silent_wrong_output,integrity_check_abort
466,419,2,silent_wrong_output,integrity_check_abort
470,370,0,silent_wrong_output,integrity_check_abort
471,731,0,silent_wrong_output,integrity_check_abort
475,225,5,silent_wrong_output,integrity_check_abort
476,285,3,silent_wrong_output,integrity_check_abort
478,482,2,silent_wrong_output,integrity_check_abort
479,677,4,silent_wrong_output,integrity_check_abort
483,163,2,silent_wrong_output,integrity_check_abort
484,595,7,silent_wrong_output,integrity_check_abort
488,415,0,silent_wrong_output,integrity_check_abort
490,334,2,silent_wrong_output,integrity_check_abort
497,122,5,silent_wrong_output,integrity_check_abort
502,261,3,silent_wrong_output,integrity_check_abort
503,549,1,silent_wrong_output,integrity_check_abort
504,36,0,silent_wrong_output,integrity_check_abort
506,361,3,silent_wrong_output,integrity_check_abort
507,28,1,silent_wrong_output,integrity_check_abort
509,395,7,silent_wrong_output,integrity_check_abort
512,545,7,silent_wrong_output,integrity_check_abort
513,284,2,silent_wrong_output,integrity_check_abort
516,549,5,silent_wrong_output,integrity_check_abort
518,496,7,silent_wrong_output,integrity_check_abort
519,235,0,silent_wrong_output,integrity_check_abort
520,528,3,silent_wrong_output,integrity_check_abort
522,286,5,silent_wrong_output,integrity_check_abort
523,536,7,silent_wrong_output,integrity_check_abort
524,139,4,silent_wrong_output,integrity_check_abort
526,194,0,silent_wrong_output,integrity_check_abort
529,386,2,silent_wrong_output,integrity_check_abort
532,549,0,silent_wrong_output,integrity_check_abort
536,374,0,silent_wrong_output,integrity_check_abort
537,649,6,silent_wrong_output,integrity_check_abort
539,529,3,silent_wrong_output,integrity_check_abort
540,166,2,silent_wrong_output,integrity_check_abort
543,138,5,silent_wrong_output,integrity_check_abort
544,539,7,silent_wrong_output,integrity_check_abort
545,587,6,silent_wrong_output,integrity_check_abort
547,642,4,silent_wrong_output,integrity_check_abort
548,10,4,silent_wrong_output,integrity_check_abort
549,267,4,silent_wrong_output,integrity_check_abort
550,608,7,silent_wrong_output,integrity_check_abort
552,762,2,silent_wrong_output,integrity_check_abort
555,725,0,silent_wrong_output,integrity_check_abort
563,23,7,silent_wrong_output,integrity_check_abort
573,578,7,silent_wrong_output,integrity_check_abort
575,598,3,silent_wrong_output,integrity_check_abort
578,666,1,silent_wrong_output,integrity_check_abort
579,95,7,silent_wrong_output,integrity_check_abort
580,419,0,silent_wrong_output,integrity_check_abort
582,644,1,silent_wrong_output,integrity_check_abort
583,642,2,silent_wrong_output,integrity_check_abort
585,178,7,silent_wrong_output,integrity_check_abort
586,697,4,silent_wrong_output,integrity_check_abort
587,6,0,silent_wrong_output,integrity_check_abort
591,555,2,silent_wrong_output,integrity_check_abort
592,402,0,silent_wrong_output,integrity_check_abort
594,379,3,silent_wrong_output,integrity_check_abort
600,419,0,silent_wrong_output,integrity_check_abort
602,730,7,silent_wrong_output,integrity_check_abort
603,360,3,silent_wrong_output,integrity_check_abort
604,304,0,silent_wrong_output,integrity_check_abort
605,740,6,silent_wrong_output,integrity_check_abort
610,722,3,silent_wrong_output,integrity_check_abort
612,373,2,silent_wrong_output,integrity_check_abort
614,84,0,silent_wrong_output,integrity_check_abort
616,716,6,silent_wrong_output,integrity_check_abort
617,75,1,silent_wrong_output,integrity_check_abort
619,432,3,silent_wrong_output,integrity_check_abort
622,225,0,silent_wrong_output,integrity_check_abort
623,561,7,silent_wrong_output,integrity_check_abort
624,589,0,silent_wrong_output,integrity_check_abort
625,362,4,silent_wrong_output,integrity_check_abort
626,167,7,silent_wrong_output,integrity_check_abort
627,27,4,silent_wrong_output,integrity_check_abort
632,350,4,silent_wrong_output,integrity_check_abort
633,298,6,silent_wrong_output,integrity_check_abort
636,474,0,silent_wrong_output,integrity_check_abort
637,152,1,silent_wrong_output,integrity_check_abort
638,322,5,silent_wrong_output,integrity_check_abort
641,376,7,silent_wrong_output,integrity_check_abort
643,644,0,silent_wrong_output,integrity_check_abort
646,743,2,silent_wrong_output,integrity_check_abort
651,163,6,silent_wrong_output,integrity_check_abort
653,562,4,silent_wrong_output,integrity_check_abort
654,741,7,silent_wrong_output,integrity_check_abort
655,455,0,silent_wrong_output,integrity_check_abort
656,505,6,silent_wrong_output,integrity_check_abort
658,514,0,silent_wrong_output,integrity_check_abort
659,364,0,silent_wrong_output,integrity_check_abort
660,333,6,silent_wrong_output,integrity_check_abort
661,344,4,silent_wrong_output,integrity_check_abort
662,316,0,silent_wrong_output,integrity_check_abort
663,35,0,silent_wrong_output,integrity_check_abort
665,27,2,silent_wrong_output,integrity_check_abort
667,520,6,silent_wrong_output,integrity_check_abort
668,586,5,silent_wrong_output,integrity_check_abort
669,71,0,silent_wrong_output,integrity_check_abort
670,668,3,silent_wrong_output,integrity_check_abort
671,463,7,silent_wrong_output,integrity_check_abort
674,555,5,silent_wrong_output,integrity_check_abort
675,469,7,silent_wrong_output,integrity_check_abort
676,30,3,silent_wrong_output,integrity_check_abort
677,630,5,silent_wrong_output,integrity_check_abort
679,259,1,silent_wrong_output,integrity_check_abort
680,194,1,silent_wrong_output,integrity_check_abort
682,758,5,silent_wrong_output,integrity_check_abort
687,418,6,silent_wrong_output,integrity_check_abort
688,53,3,silent_wrong_output,integrity_check_abort
689,394,6,silent_wrong_output,integrity_check_abort
692,603,1,silent_wrong_output,integrity_check_abort
695,106,2,silent_wrong_output,integrity_check_abort
697,748,2,silent_wrong_output,integrity_check_abort
700,522,2,silent_wrong_output,integrity_check_abort
702,625,1,silent_wrong_output,integrity_check_abort
703,674,6,silent_wrong_output,integrity_check_abort
704,279,6,silent_wrong_output,integrity_check_abort
705,658,0,silent_wrong_output,integrity_check_abort
706,166,3,silent_wrong_output,integrity_check_abort
708,312,7,silent_wrong_output,integrity_check_abort
710,494,0,silent_wrong_output,integrity_check_abort
712,463,1,silent_wrong_output,integrity_check_abort
713,485,3,silent_wrong_output,integrity_check_abort
715,734,1,silent_wrong_output,integrity_check_abort
720,622,0,silent_wrong_output,integrity_check_abort
721,487,1,silent_wrong_output,integrity_check_abort
723,749,3,silent_wrong_output,integrity_check_abort
724,678,6,silent_wrong_output,integrity_check_abort
726,373,3,silent_wrong_output,integrity_check_abort
727,220,6,silent_wrong_output,integrity_check_abort
730,345,5,silent_wrong_output,integrity_check_abort
731,253,7,silent_wrong_output,integrity_check_abort
733,321,6,silent_wrong_output,integrity_check_abort
735,712,6,silent_wrong_output,integrity_check_abort
737,309,1,silent_wrong_output,integrity_check_abort
740,263,5,silent_wrong_output,integrity_check_abort
741,565,3,silent_wrong_output,integrity_check_abort
743,114,0,silent_wrong_output,integrity_check_abort
745,237,6,silent_wrong_output,integrity_check_abort
751,248,3,silent_wrong_output,integrity_check_abort
753,78,1,silent_wrong_output,integrity_check_abort
756,714,2,silent_wrong_output,integrity_check_abort
759,450,2,silent_wrong_output,integrity_check_abort
762,632,3,silent_wrong_output,integrity_check_abort
766,117,5,silent_wrong_output,integrity_check_abort
772,94,5,silent_wrong_output,integrity_check_abort
773,638,7,silent_wrong_output,integrity_check_abort
774,194,4,silent_wrong_output,integrity_check_abort
775,388,4,silent_wrong_output,integrity_check_abort
776,764,4,silent_wrong_output,integrity_check_abort
778,438,0,silent_wrong_output,integrity_check_abort
779,141,0,silent_wrong_output,integrity_check_abort
780,747,4,silent_wrong_output,integrity_check_abort
781,473,1,silent_wrong_output,integrity_check_abort
782,514,1,silent_wrong_output,integrity_check_abort
783,192,4,silent_wrong_output,integrity_check_abort
784,161,3,silent_wrong_output,integrity_check_abort
785,563,6,silent_wrong_output,integrity_check_abort
787,278,3,silent_wrong_output,integrity_check_abort
788,714,6,silent_wrong_output,integrity_check_abort
789,79,1,silent_wrong_output,integrity_check_abort
794,339,6,silent_wrong_output,integrity_check_abort
796,527,1,silent_wrong_output,integrity_check_abort
797,271,3,silent_wrong_output,integrity_check_abort
798,169,4,silent_wrong_output,integrity_check_abort
799,700,5,silent_wrong_output,integrity_check_abort
800,435,0,silent_wrong_output,integrity_check_abort
801,72,2,silent_wrong_output,integrity_check_abort
805,132,0,silent_wrong_output,integrity_check_abort
806,596,1,silent_wrong_output,integrity_check_abort
808,347,2,silent_wrong_output,integrity_check_abort
810,19,2,silent_wrong_output,integrity_check_abort
813,762,4,silent_wrong_output,integrity_check_abort
817,429,6,silent_wrong_output,integrity_check_abort
818,181,1,silent_wrong_output,integrity_check_abort
819,707,5,silent_wrong_output,integrity_check_abort
825,126,0,silent_wrong_output,integrity_check_abort
826,573,5,silent_wrong_output,integrity_check_abort
828,271,1,silent_wrong_output,integrity_check_abort
830,500,0,silent_wrong_output,integrity_check_abort
834,575,6,silent_wrong_output,integrity_check_abort
836,329,4,silent_wrong_output,integrity_check_abort
839,623,0,silent_wrong_output,integrity_check_abort
841,632,1,silent_wrong_output,integrity_check_abort
847,626,6,silent_wrong_output,integrity_check_abort
850,462,2,silent_wrong_output,integrity_check_abort
856,593,0,silent_wrong_output,integrity_check_abort
857,748,6,silent_wrong_output,integrity_check_abort
859,239,6,silent_wrong_output,integrity_check_abort
864,686,3,silent_wrong_output,integrity_check_abort
866,343,2,silent_wrong_output,integrity_check_abort
868,124,3,silent_wrong_output,integrity_check_abort
870,288,0,silent_wrong_output,integrity_check_abort
871,284,6,silent_wrong_output,integrity_check_abort
875,691,7,silent_wrong_output,integrity_check_abort
876,742,1,silent_wrong_output,integrity_check_abort
877,130,4,silent_wrong_output,integrity_check_abort
880,767,2,silent_wrong_output,integrity_check_abort
881,721,6,silent_wrong_output,integrity_check_abort
888,622,0,silent_wrong_output,integrity_check_abort
889,342,6,silent_wrong_output,integrity_check_abort
890,25,6,silent_wrong_output,integrity_check_abort
892,412,6,silent_wrong_output,integrity_check_abort
894,395,3,silent_wrong_output,integrity_check_abort
900,387,0,silent_wrong_output,integrity_check_abort
902,632,7,silent_wrong_output,integrity_check_abort
903,654,5,silent_wrong_output,integrity_check_abort
904,243,5,silent_wrong_output,integrity_check_abort
910,315,5,silent_wrong_output,integrity_check_abort
911,183,1,silent_wrong_output,integrity_check_abort
913,268,1,silent_wrong_output,integrity_check_abort
915,468,1,silent_wrong_output,integrity_check_abort
916,504,4,silent_wrong_output,integrity_check_abort
917,649,4,silent_wrong_output,integrity_check_abort
918,647,0,silent_wrong_output,integrity_check_abort
920,676,2,silent_wrong_output,integrity_check_abort
921,454,2,silent_wrong_output,integrity_check_abort
922,63,0,silent_wrong_output,integrity_check_abort
926,211,4,silent_wrong_output,integrity_check_abort
928,5,2,silent_wrong_output,integrity_check_abort
929,418,4,silent_wrong_output,integrity_check_abort
930,362,6,silent_wrong_output,integrity_check_abort
931,718,3,silent_wrong_output,integrity_check_abort
933,547,3,silent_wrong_output,integrity_check_abort
934,521,7,silent_wrong_output,integrity_check_abort
935,698,2,silent_wrong_output,integrity_check_abort
936,25,5,silent_wrong_output,integrity_check_abort
937,72,3,silent_wrong_output,integrity_check_abort
942,600,4,silent_wrong_output,integrity_check_abort
944,394,4,silent_wrong_output,integrity_check_abort
946,265,7,silent_wrong_output,integrity_check_abort
947,658,5,silent_wrong_output,integrity_check_abort
950,390,0,silent_wrong_output,integrity_check_abort
952,255,2,silent_wrong_output,integrity_check_abort
953,741,2,silent_wrong_output,integrity_check_abort
955,331,3,silent_wrong_output,integrity_check_abort
956,236,7,silent_wrong_output,integrity_check_abort
957,520,3,silent_wrong_output,integrity_check_abort
960,667,7,silent_wrong_output,integrity_check_abort
961,662,0,silent_wrong_output,integrity_check_abort
962,460,2,silent_wrong_output,integrity_check_abort
963,685,7,silent_wrong_output,integrity_check_abort
964,449,3,silent_wrong_output,integrity_check_abort
965,251,1,silent_wrong_output,integrity_check_abort
966,638,5,silent_wrong_output,integrity_check_abort
971,281,5,silent_wrong_output,integrity_check_abort
973,497,0,silent_wrong_output,integrity_check_abort
975,241,5,silent_wrong_output,integrity_check_abort
979,368,3,silent_wrong_output,integrity_check_abort
984,552,4,silent_wrong_output,integrity_check_abort
985,457,0,silent_wrong_output,integrity_check_abort
986,682,1,silent_wrong_output,integrity_check_abort
990,758,3,silent_wrong_output,integrity_check_abort
993,435,2,silent_wrong_output,integrity_check_abort
994,132,1,silent_wrong_output,integrity_check_abort
995,456,4,silent_wrong_output,integrity_check_abort
996,218,3,silent_wrong_output,integrity_check_abort
1002,596,2,silent_wrong_output,integrity_check_abort
1003,447,2,silent_wrong_output,integrity_check_abort
1004,91,1,silent_wrong_output,integrity_check_abort
1005,735,7,silent_wrong_output,integrity_check_abort
1006,149,4,silent_wrong_output,integrity_check_abort
1007,551,6,silent_wrong_output,integrity_check_abort
1008,371,6,silent_wrong_output,integrity_check_abort
1009,466,2,silent_wrong_output,integrity_check_abort
1010,515,4,silent_wrong_output,integrity_check_abort
1011,61,4,silent_wrong_output,integrity_check_abort
1012,103,6,silent_wrong_output,integrity_check_abort
1014,351,4,silent_wrong_output,integrity_check_abort
1015,247,4,silent_wrong_output,integrity_check_abort
1016,680,3,silent_wrong_output,integrity_check_abort
1019,62,3,silent_wrong_output,integrity_check_abort
1021,366,0,silent_wrong_output,integrity_check_abort
1022,276,7,silent_wrong_output,integrity_check_abort
1023,512,7,silent_wrong_output,integrity_check_abort
1024,674,2,silent_wrong_output,integrity_check_abort
1026,462,4,silent_wrong_output,integrity_check_abort
1027,28,4,silent_wrong_output,integrity_check_abort
1030,547,0,silent_wrong_output,integrity_check_abort
1035,629,3,silent_wrong_output,integrity_check_abort
1036,2,6,silent_wrong_output,integrity_check_abort
1037,737,2,silent_wrong_output,integrity_check_abort
1038,296,0,silent_wrong_output,integrity_check_abort
1042,5,2,silent_wrong_output,integrity_check_abort
1043,220,0,silent_wrong_output,integrity_check_abort
1044,613,6,silent_wrong_output,integrity_check_abort
1046,371,6,silent_wrong_output,integrity_check_abort
1049,621,4,silent_wrong_output,integrity_check_abort
1052,200,3,silent_wrong_output,integrity_check_abort
1054,462,6,silent_wrong_output,integrity_check_abort
1057,233,3,silent_wrong_output,integrity_check_abort
1058,316,1,silent_wrong_output,integrity_check_abort
1059,435,2,silent_wrong_output,integrity_check_abort
1064,314,3,silent_wrong_output,integrity_check_abort
1066,576,5,silent_wrong_output,integrity_check_abort
1070,547,7,silent_wrong_output,integrity_check_abort
1071,122,6,silent_wrong_output,integrity_check_abort
1073,727,7,silent_wrong_output,integrity_check_abort
1076,714,1,silent_wrong_output,integrity_check_abort
1081,762,7,silent_wrong_output,integrity_check_abort
1083,160,6,silent_wrong_output,integrity_check_abort
1089,676,6,silent_wrong_output,integrity_check_abort
1091,305,1,silent_wrong_output,integrity_check_abort
1092,545,3,silent_wrong_output,integrity_check_abort
1095,334,2,silent_wrong_output,integrity_check_abort
1097,499,4,silent_wrong_output,integrity_check_abort
1099,622,4,silent_wrong_output,integrity_check_abort
1100,720,1,silent_wrong_output,integrity_check_abort
1103,99,5,silent_wrong_output,integrity_check_abort
1104,3,0,silent_wrong_output,integrity_check_abort
1108,1,4,silent_wrong_output,integrity_check_abort
1109,636,1,silent_wrong_output,integrity_check_abort
1114,693,6,silent_wrong_output,integrity_check_abort
1115,313,5,silent_wrong_output,integrity_check_abort
1118,760,6,silent_wrong_output,integrity_check_abort
1120,315,4,silent_wrong_output,integrity_check_abort
1121,259,5,silent_wrong_output,integrity_check_abort
1123,350,2,silent_wrong_output,integrity_check_abort
1124,52,3,silent_wrong_output,integrity_check_abort
1126,571,6,silent_wrong_output,integrity_check_abort
1130,499,3,silent_wrong_output,integrity_check_abort
1132,745,0,silent_wrong_output,integrity_check_abort
1133,92,7,silent_wrong_output,integrity_check_abort
1137,740,6,silent_wrong_output,integrity_check_abort
1140,177,2,silent_wrong_output,integrity_check_abort
1141,608,3,silent_wrong_output,integrity_check_abort
1142,50,1,silent_wrong_output,integrity_check_abort
1145,79,1,silent_wrong_output,integrity_check_abort
1146,88,7,silent_wrong_output,integrity_check_abort
1150,743,4,silent_wrong_output,integrity_check_abort
1152,198,1,silent_wrong_output,integrity_check_abort
1153,352,6,silent_wrong_output,integrity_check_abort
1154,500,0,silent_wrong_output,integrity_check_abort
1155,648,6,silent_wrong_output,integrity_check_abort
1158,716,4,silent_wrong_output,integrity_check_abort
1160,421,4,silent_wrong_output,integrity_check_abort
1162,748,0,silent_wrong_output,integrity_check_abort
1163,16,7,silent_wrong_output,integrity_check_abort
1168,607,4,silent_wrong_output,integrity_check_abort
1169,51,7,silent_wrong_output,integrity_check_abort
1170,53,4,silent_wrong_output,integrity_check_abort
1177,65,4,silent_wrong_output,integrity_check_abort
1178,382,1,silent_wrong_output,integrity_check_abort
1179,45,3,silent_wrong_output,integrity_check_abort
1181,159,6,silent_wrong_output,integrity_check_abort
1183,423,0,silent_wrong_output,integrity_check_abort
1188,615,5,silent_wrong_output,integrity_check_abort
1191,746,5,silent_wrong_output,integrity_check_abort
1193,225,3,silent_wrong_output,integrity_check_abort
1196,567,0,silent_wrong_output,integrity_check_abort
1198,53,5,silent_wrong_output,integrity_check_abort
1201,9,1,silent_wrong_output,integrity_check_abort
1202,480,2,silent_wrong_output,integrity_check_abort
1203,176,4,silent_wrong_output,integrity_check_abort
1206,32,7,silent_wrong_output,integrity_check_abort
1207,264,3,silent_wrong_output,integrity_check_abort
1209,38,1,silent_wrong_output,integrity_check_abort
1210,214,2,silent_wrong_output,integrity_check_abort
1211,373,7,silent_wrong_output,integrity_check_abort
1212,423,6,silent_wrong_output,integrity_check_abort
1215,97,3,silent_wrong_output,integrity_check_abort
1216,398,6,silent_wrong_output,integrity_check_abort
1222,415,4,silent_wrong_output,integrity_check_abort
1223,654,7,silent_wrong_output,integrity_check_abort
1224,37,7,silent_wrong_output,integrity_check_abort
1226,54,5,silent_wrong_output,integrity_check_abort
1227,522,4,silent_wrong_output,integrity_check_abort
1228,410,0,silent_wrong_output,integrity_check_abort
1229,380,6,silent_wrong_output,integrity_check_abort
1230,424,4,silent_wrong_output,integrity_check_abort
1235,122,1,silent_wrong_output,integrity_check_abort
1240,172,7,silent_wrong_output,integrity_check_abort
1242,450,1,silent_wrong_output,integrity_check_abort
1243,484,4,silent_wrong_output,integrity_check_abort
1247,440,1,silent_wrong_output,integrity_check_abort
1248,665,4,silent_wrong_output,integrity_check_abort
1249,549,2,silent_wrong_output,integrity_check_abort
1251,753,5,silent_wrong_output,integrity_check_abort
1252,720,2,silent_wrong_output,integrity_check_abort
1254,630,3,silent_wrong_output,integrity_check_abort
1255,499,3,silent_wrong_output,integrity_check_abort
1256,349,0,silent_wrong_output,integrity_check_abort
1257,339,1,silent_wrong_output,integrity_check_abort
1259,461,6,silent_wrong_output,integrity_check_abort
1260,23,6,silent_wrong_output,integrity_check_abort
1261,767,2,silent_wrong_output,integrity_check_abort
1263,618,3,silent_wrong_output,integrity_check_abort
1265,42,3,silent_wrong_output,integrity_check_abort
1267,301,6,silent_wrong_output,integrity_check_abort
1269,351,7,silent_wrong_output,integrity_check_abort
1274,86,3,silent_wrong_output,integrity_check_abort
1275,679,4,silent_wrong_output,integrity_check_abort
1276,319,1,silent_wrong_output,integrity_check_abort
1277,296,6,silent_wrong_output,integrity_check_abort
1284,177,2,silent_wrong_output,integrity_check_abort
1285,703,4,silent_wrong_output,integrity_check_abort
1286,559,0,silent_wrong_output,integrity_check_abort
1288,442,0,silent_wrong_output,integrity_check_abort
1289,31,7,silent_wrong_output,integrity_check_abort
1291,185,4,silent_wrong_output,integrity_check_abort
1294,507,4,silent_wrong_output,integrity_check_abort
1295,543,3,silent_wrong_output,integrity_check_abort
1296,430,4,silent_wrong_output,integrity_check_abort
1298,237,1,silent_wrong_output,integrity_check_abort
1299,313,7,silent_wrong_output,integrity_check_abort
1301,185,6,silent_wrong_output,integrity_check_abort
1304,574,7,silent_wrong_output,integrity_check_abort
1306,692,1,silent_wrong_output,integrity_check_abort
1309,246,6,silent_wrong_output,integrity_check_abort
1310,52,6,silent_wrong_output,integrity_check_abort
1312,120,0,silent_wrong_output,integrity_check_abort
1313,180,0,silent_wrong_output,integrity_check_abort
1314,23,6,silent_wrong_output,integrity_check_abort
1319,68,5,silent_wrong_output,integrity_check_abort
1320,695,5,silent_wrong_output,integrity_check_abort
1324,450,1,silent_wrong_output,integrity_check_abort
1327,228,5,silent_wrong_output,integrity_check_abort
1328,646,4,silent_wrong_output,integrity_check_abort
1329,458,4,silent_wrong_output,integrity_check_abort
1333,717,4,silent_wrong_output,integrity_check_abort
1335,120,1,silent_wrong_output,integrity_check_abort
1336,249,3,silent_wrong_output,integrity_check_abort
1340,369,6,silent_wrong_output,integrity_check_abort
1341,321,0,silent_wrong_output,integrity_check_abort
1343,670,4,silent_wrong_output,integrity_check_abort
1344,686,0,silent_wrong_output,integrity_check_abort
1347,304,4,silent_wrong_output,integrity_check_abort
1349,612,7,silent_wrong_output,integrity_check_abort
1351,357,5,silent_wrong_output,integrity_check_abort
1353,79,1,silent_wrong_output,integrity_check_abort
1355,247,1,silent_wrong_output,integrity_check_abort
1356,230,3,silent_wrong_output,integrity_check_abort
1357,159,0,silent_wrong_output,integrity_check_abort
1359,370,4,silent_wrong_output,integrity_check_abort
1360,83,5,silent_wrong_output,integrity_check_abort
1361,285,3,silent_wrong_output,integrity_check_abort
1363,132,1,silent_wrong_output,integrity_check_abort
1365,210,4,silent_wrong_output,integrity_check_abort
1367,503,7,silent_wrong_output,integrity_check_abort
1369,350,3,silent_wrong_output,integrity_check_abort
1370,428,4,silent_wrong_output,integrity_check_abort
1371,34,2,silent_wrong_output,integrity_check_abort
1372,242,7,silent_wrong_output,integrity_check_abort
1373,280,6,silent_wrong_output,integrity_check_abort
1375,381,4,silent_wrong_output,integrity_check_abort
1376,613,7,silent_wrong_output,integrity_check_abort
1377,116,4,silent_wrong_output,integrity_check_abort
1378,504,6,silent_wrong_output,integrity_check_abort
1384,211,5,silent_wrong_output,integrity_check_abort
1387,656,1,silent_wrong_output,integrity_check_abort
1388,468,6,silent_wrong_output,integrity_check_abort
1391,596,1,silent_wrong_output,integrity_check_abort
1392,101,0,silent_wrong_output,integrity_check_abort
1395,757,5,silent_wrong_output,integrity_check_abort
1396,7,7,silent_wrong_output,integrity_check_abort
1398,266,0,silent_wrong_output,integrity_check_abort
1400,144,7,silent_wrong_output,integrity_check_abort
1402,158,3,silent_wrong_output,integrity_check_abort
1403,404,1,silent_wrong_output,integrity_check_abort
1404,144,4,silent_wrong_output,integrity_check_abort
1405,412,1,silent_wrong_output,integrity_check_abort
1406,65,4,silent_wrong_output,integrity_check_abort
1408,218,6,silent_wrong_output,integrity_check_abort
1410,244,6,silent_wrong_output,integrity_check_abort
1412,192,4,silent_wrong_output,integrity_check_abort
1415,207,3,silent_wrong_output,integrity_check_abort
1417,162,2,silent_wrong_output,integrity_check_abort
1420,242,0,silent_wrong_output,integrity_check_abort
1422,301,6,silent_wrong_output,integrity_check_abort
1424,623,2,silent_wrong_output,integrity_check_abort
1425,607,6,silent_wrong_output,integrity_check_abort
1427,570,1,silent_wrong_output,integrity_check_abort
1430,262,1,silent_wrong_output,integrity_check_abort
1433,726,0,silent_wrong_output,integrity_check_abort
1434,357,7,silent_wrong_output,integrity_check_abort
1436,324,2,silent_wrong_output,integrity_check_abort
1437,695,7,silent_wrong_output,integrity_check_abort
1444,574,0,silent_wrong_output,integrity_check_abort
1445,627,7,silent_wrong_output,integrity_check_abort
1447,654,5,silent_wrong_output,integrity_check_abort
1448,224,7,silent_wrong_output,integrity_check_abort
1449,143,6,silent_wrong_output,integrity_check_abort
1450,121,2,silent_wrong_output,integrity_check_abort
1452,655,6,silent_wrong_output,integrity_check_abort
1454,287,2,silent_wrong_output,integrity_check_abort
1455,336,3,silent_wrong_output,integrity_check_abort
1456,558,7,silent_wrong_output,integrity_check_abort
1457,20,4,silent_wrong_output,integrity_check_abort
1458,720,0,silent_wrong_output,integrity_check_abort
1461,88,1,silent_wrong_output,integrity_check_abort
1463,635,6,silent_wrong_output,integrity_check_abort
1464,403,1,silent_wrong_output,integrity_check_abort
1466,728,3,silent_wrong_output,integrity_check_abort
1467,512,7,silent_wrong_output,integrity_check_abort
1468,519,3,silent_wrong_output,integrity_check_abort
1469,64,7,silent_wrong_output,integrity_check_abort
1474,215,6,silent_wrong_output,integrity_check_abort
1475,153,2,silent_wrong_output,integrity_check_abort
1482,705,7,silent_wrong_output,integrity_check_abort
1483,489,1,silent_wrong_output,integrity_check_abort
1485,502,5,silent_wrong_output,integrity_check_abort
1486,15,0,silent_wrong_output,integrity_check_abort
1488,382,5,silent_wrong_output,integrity_check_abort
1489,531,6,silent_wrong_output,integrity_check_abort
1490,513,5,silent_wrong_output,integrity_check_abort
1491,471,6,silent_wrong_output,integrity_check_abort
1493,400,7,silent_wrong_output,integrity_check_abort
1495,573,7,silent_wrong_output,integrity_check_abort
1498,353,2,silent_wrong_output,integrity_check_abort
1500,619,0,silent_wrong_output,integrity_check_abort
1501,325,7,silent_wrong_output,integrity_check_abort
1506,210,7,silent_wrong_output,integrity_check_abort
1508,8,5,silent_wrong_output,integrity_check_abort
1509,222,5,silent_wrong_output,integrity_check_abort
1511,399,0,silent_wrong_output,integrity_check_abort
1513,484,1,silent_wrong_output,integrity_check_abort
1516,612,4,silent_wrong_output,integrity_check_abort
1517,482,5,silent_wrong_output,integrity_check_abort
1518,158,4,silent_wrong_output,integrity_check_abort
1519,319,1,silent_wrong_output,integrity_check_abort
1526,474,6,silent_wrong_output,integrity_check_abort
1527,631,3,silent_wrong_output,integrity_check_abort
1528,491,7,silent_wrong_output,integrity_check_abort
1529,364,2,silent_wrong_output,integrity_check_abort
1533,500,1,silent_wrong_output,integrity_check_abort
1534,22,7,silent_wrong_output,integrity_check_abort
1537,195,6,silent_wrong_output,integrity_check_abort
1538,178,4,silent_wrong_output,integrity_check_abort
1539,578,3,silent_wrong_output,integrity_check_abort
1540,202,2,silent_wrong_output,integrity_check_abort
1545,271,1,silent_wrong_output,integrity_check_abort
1546,440,2,silent_wrong_output,integrity_check_abort
1547,627,7,silent_wrong_output,integrity_check_abort
1548,675,1,silent_wrong_output,integrity_check_abort
1556,421,6,silent_wrong_output,integrity_check_abort
1558,337,0,silent_wrong_output,integrity_check_abort
1560,490,3,silent_wrong_output,integrity_check_abort
1562,293,4,silent_wrong_output,integrity_check_abort
1563,410,7,silent_wrong_output,integrity_check_abort
1564,656,1,silent_wrong_output,integrity_check_abort
1565,577,7,silent_wrong_output,integrity_check_abort
1568,365,1,silent_wrong_output,integrity_check_abort
1569,627,1,silent_wrong_output,integrity_check_abort
1570,124,0,silent_wrong_output,integrity_check_abort
1571,702,0,silent_wrong_output,integrity_check_abort
1572,482,5,silent_wrong_output,integrity_check_abort
1574,131,1,silent_wrong_output,integrity_check_abort
1575,116,1,silent_wrong_output,integrity_check_abort
1577,283,4,silent_wrong_output,integrity_check_abort
1578,106,6,silent_wrong_output,integrity_check_abort
1579,289,1,silent_wrong_output,integrity_check_abort
1581,230,0,silent_wrong_output,integrity_check_abort
1582,335,4,silent_wrong_output,integrity_check_abort
1583,112,4,silent_wrong_output,integrity_check_abort
1591,614,6,silent_wrong_output,integrity_check_abort
1593,646,4,silent_wrong_output,integrity_check_abort
1595,352,6,silent_wrong_output,integrity_check_abort
1600,37,7,silent_wrong_output,integrity_check_abort
1601,3,5,silent_wrong_output,integrity_check_abort
1603,700,0,silent_wrong_output,integrity_check_abort
1606,445,5,silent_wrong_output,integrity_check_abort
1608,176,3,silent_wrong_output,integrity_check_abort
1609,506,6,silent_wrong_output,integrity_check_abort
1610,185,4,silent_wrong_output,integrity_check_abort
1611,759,6,silent_wrong_output,integrity_check_abort
1612,101,6,silent_wrong_output,integrity_check_abort
1614,423,1,silent_wrong_output,integrity_check_abort
1620,412,4,silent_wrong_output,integrity_check_abort
1621,686,6,silent_wrong_output,integrity_check_abort
1622,326,6,silent_wrong_output,integrity_check_abort
1624,265,4,silent_wrong_output,integrity_check_abort
1626,356,2,silent_wrong_output,integrity_check_abort
1629,188,2,silent_wrong_output,integrity_check_abort
1630,658,7,silent_wrong_output,integrity_check_abort
1631,598,1,silent_wrong_output,integrity_check_abort
1633,134,7,silent_wrong_output,integrity_check_abort
1634,22,5,silent_wrong_output,integrity_check_abort
1635,296,1,silent_wrong_output,integrity_check_abort
1636,116,3,silent_wrong_output,integrity_check_abort
1637,291,0,silent_wrong_output,integrity_check_abort
1639,747,1,silent_wrong_output,integrity_check_abort
1643,751,6,silent_wrong_output,integrity_check_abort
1644,612,6,silent_wrong_output,integrity_check_abort
1648,424,7,silent_wrong_output,integrity_check_abort
1649,466,6,silent_wrong_output,integrity_check_abort
1651,628,1,silent_wrong_output,integrity_check_abort
1652,13,3,silent_wrong_output,integrity_check_abort
1653,759,3,silent_wrong_output,integrity_check_abort
1654,44,2,silent_wrong_output,integrity_check_abort
1658,307,1,silent_wrong_output,integrity_check_abort
1661,19,5,silent_wrong_output,integrity_check_abort
1662,5,2,silent_wrong_output,integrity_check_abort
1665,9,3,silent_wrong_output,integrity_check_abort
1666,468,1,silent_wrong_output,integrity_check_abort
1669,640,6,silent_wrong_output,integrity_check_abort
1671,351,0,silent_wrong_output,integrity_check_abort
1673,551,5,silent_wrong_output,integrity_check_abort
1674,191,7,silent_wrong_output,integrity_check_abort
1675,38,0,silent_wrong_output,integrity_check_abort
1676,255,0,silent_wrong_output,integrity_check_abort
1679,542,4,silent_wrong_output,integrity_check_abort
1680,99,1,silent_wrong_output,integrity_check_abort
1683,24,2,silent_wrong_output,integrity_check_abort
1685,88,3,silent_wrong_output,integrity_check_abort
1686,490,3,silent_wrong_output,integrity_check_abort
1688,239,0,silent_wrong_output,integrity_check_abort
1690,109,7,silent_wrong_output,integrity_check_abort
1692,589,3,silent_wrong_output,integrity_check_abort
1695,427,6,silent_wrong_output,integrity_check_abort
1699,124,6,silent_wrong_output,integrity_check_abort
1700,657,5,silent_wrong_output,integrity_check_abort
1701,73,2,silent_wrong_output,integrity_check_abort
1705,672,7,silent_wrong_output,integrity_check_abort
1706,723,6,silent_wrong_output,integrity_check_abort
1708,189,5,silent_wrong_output,integrity_check_abort
1709,82,0,silent_wrong_output,integrity_check_abort
1711,673,0,silent_wrong_output,integrity_check_abort
1712,288,6,silent_wrong_output,integrity_check_abort
1713,319,4,silent_wrong_output,integrity_check_abort
1714,72,0,silent_wrong_output,integrity_check_abort
1715,732,5,silent_wrong_output,integrity_check_abort
1716,52,3,silent_wrong_output,integrity_check_abort
1717,558,0,silent_wrong_output,integrity_check_abort
1720,19,0,silent_wrong_output,integrity_check_abort
1721,449,7,silent_wrong_output,integrity_check_abort
1722,37,2,silent_wrong_output,integrity_check_abort
1723,435,2,silent_wrong_output,integrity_check_abort
1725,553,1,silent_wrong_output,integrity_check_abort
1726,321,0,silent_wrong_output,integrity_check_abort
1727,740,0,silent_wrong_output,integrity_check_abort
1729,274,1,silent_wrong_output,integrity_check_abort
1731,266,7,silent_wrong_output,integrity_check_abort
1732,524,2,silent_wrong_output,integrity_check_abort
1733,113,1,silent_wrong_output,integrity_check_abort
1734,552,1,silent_wrong_output,integrity_check_abort
1736,369,2,silent_wrong_output,integrity_check_abort
1739,650,4,silent_wrong_output,integrity_check_abort
1740,113,6,silent_wrong_output,integrity_check_abort
1743,216,3,silent_wrong_output,integrity_check_abort
1744,148,3,silent_wrong_output,integrity_check_abort
1747,57,6,silent_wrong_output,integrity_check_abort
1753,503,2,silent_wrong_output,integrity_check_abort
1755,437,6,silent_wrong_output,integrity_check_abort
1757,507,7,silent_wrong_output,integrity_check_abort
1758,581,7,silent_wrong_output,integrity_check_abort
1760,581,3,silent_wrong_output,integrity_check_abort
1761,594,5,silent_wrong_output,integrity_check_abort
1764,199,0,silent_wrong_output,integrity_check_abort
1766,485,2,silent_wrong_output,integrity_check_abort
1768,587,2,silent_wrong_output,integrity_check_abort
1769,739,5,silent_wrong_output,integrity_check_abort
1772,392,4,silent_wrong_output,integrity_check_abort
1773,73,1,silent_wrong_output,integrity_check_abort
1774,540,3,silent_wrong_output,integrity_check_abort
1776,153,5,silent_wrong_output,integrity_check_abort
1778,321,7,silent_wrong_output,integrity_check_abort
1781,694,2,silent_wrong_output,integrity_check_abort
1784,65,5,silent_wrong_output,integrity_check_abort
1785,479,0,silent_wrong_output,integrity_check_abort
1786,155,6,silent_wrong_output,integrity_check_abort
1790,541,3,silent_wrong_output,integrity_check_abort
1791,765,0,silent_wrong_output,integrity_check_abort
1792,553,2,silent_wrong_output,integrity_check_abort
1795,164,2,silent_wrong_output,integrity_check_abort
1803,496,6,silent_wrong_output,integrity_check_abort
1804,700,1,silent_wrong_output,integrity_check_abort
1805,701,4,silent_wrong_output,integrity_check_abort
1806,438,3,silent_wrong_output,integrity_check_abort
1807,244,3,silent_wrong_output,integrity_check_abort
1811,505,6,silent_wrong_output,integrity_check_abort
1813,232,2,silent_wrong_output,integrity_check_abort
1815,480,4,silent_wrong_output,integrity_check_abort
1819,755,3,silent_wrong_output,integrity_check_abort
1820,574,3,silent_wrong_output,integrity_check_abort
1823,195,0,silent_wrong_output,integrity_check_abort
1824,59,5,silent_wrong_output,integrity_check_abort
1827,116,0,silent_wrong_output,integrity_check_abort
1832,463,4,silent_wrong_output,integrity_check_abort
1833,285,0,silent_wrong_output,integrity_check_abort
1835,370,3,silent_wrong_output,integrity_check_abort
1838,246,7,silent_wrong_output,integrity_check_abort
1841,15,0,silent_wrong_output,integrity_check_abort
1848,306,7,silent_wrong_output,integrity_check_abort
1851,606,4,silent_wrong_output,integrity_check_abort
1852,143,6,silent_wrong_output,integrity_check_abort
1853,94,2,silent_wrong_output,integrity_check_abort
1855,312,5,silent_wrong_output,integrity_check_abort
1858,228,6,silent_wrong_output,integrity_check_abort
1862,212,2,silent_wrong_output,integrity_check_abort
1863,756,3,silent_wrong_output,integrity_check_abort
1868,7,5,silent_wrong_output,integrity_check_abort
1870,607,2,silent_wrong_output,integrity_check_abort
1871,304,2,silent_wrong_output,integrity_check_abort
1873,641,4,silent_wrong_output,integrity_check_abort
1875,426,4,silent_wrong_output,integrity_check_abort
1877,93,1,silent_wrong_output,integrity_check_abort
1884,621,2,silent_wrong_output,integrity_check_abort
1885,426,3,silent_wrong_output,integrity_check_abort
1886,464,0,silent_wrong_output,integrity_check_abort
1887,507,5,silent_wrong_output,integrity_check_abort
1890,480,0,silent_wrong_output,integrity_check_abort
1891,621,0,silent_wrong_output,integrity_check_abort
1892,397,7,silent_wrong_output,integrity_check_abort
1895,526,7,silent_wrong_output,integrity_check_abort
1897,397,6,silent_wrong_output,integrity_check_abort
1900,112,5,silent_wrong_output,integrity_check_abort
1905,458,0,silent_wrong_output,integrity_check_abort
1906,363,2,silent_wrong_output,integrity_check_abort
1908,54,5,silent_wrong_output,integrity_check_abort
1911,101,4,silent_wrong_output,integrity_check_abort
1913,199,1,silent_wrong_output,integrity_check_abort
1918,424,1,silent_wrong_output,integrity_check_abort
1919,151,7,silent_wrong_output,integrity_check_abort
1922,275,4,silent_wrong_output,integrity_check_abort
1925,417,5,silent_wrong_output,integrity_check_abort
1926,643,0,silent_wrong_output,integrity_check_abort
1929,335,2,silent_wrong_output,integrity_check_abort
1932,340,1,silent_wrong_output,integrity_check_abort
1933,115,3,silent_wrong_output,integrity_check_abort
1934,376,6,silent_wrong_output,integrity_check_abort
1935,165,6,silent_wrong_output,integrity_check_abort
1936,168,0,silent_wrong_output,integrity_check_abort
1937,87,5,silent_wrong_output,integrity_check_abort
1940,605,6,silent_wrong_output,integrity_check_abort
1942,264,0,silent_wrong_output,integrity_check_abort
1943,537,5,silent_wrong_output,integrity_check_abort
1944,241,0,silent_wrong_output,integrity_check_abort
1948,448,5,silent_wrong_output,integrity_check_abort
1951,693,4,silent_wrong_output,integrity_check_abort
1953,462,6,silent_wrong_output,integrity_check_abort
1955,712,6,silent_wrong_output,integrity_check_abort
1956,312,3,silent_wrong_output,integrity_check_abort
1958,713,7,silent_wrong_output,integrity_check_abort
1959,265,2,silent_wrong_output,integrity_check_abort
1962,238,1,silent_wrong_output,integrity_check_abort
1965,447,3,silent_wrong_output,integrity_check_abort
1973,391,4,silent_wrong_output,integrity_check_abort
1977,114,0,silent_wrong_output,integrity_check_abort
1979,446,6,silent_wrong_output,integrity_check_abort
1980,249,0,silent_wrong_output,integrity_check_abort
1981,366,1,silent_wrong_output,integrity_check_abort
1983,491,1,silent_wrong_output,integrity_check_abort
1984,586,0,silent_wrong_output,integrity_check_abort
1985,102,3,silent_wrong_output,integrity_check_abort
1986,215,4,silent_wrong_output,integrity_check_abort
1987,562,5,silent_wrong_output,integrity_check_abort
1989,65,6,silent_wrong_output,integrity_check_abort
1992,153,4,silent_wrong_output,integrity_check_abort
2001,170,1,silent_wrong_output,integrity_check_abort
2003,727,7,silent_wrong_output,integrity_check_abort
2009,297,4,silent_wrong_output,integrity_check_abort
2010,581,4,silent_wrong_output,integrity_check_abort
2012,347,0,silent_wrong_output,integrity_check_abort
2013,484,2,silent_wrong_output,integrity_check_abort
2019,298,3,silent_wrong_output,integrity_check_abort
2020,553,4,silent_wrong_output,integrity_check_abort
2022,575,0,silent_wrong_output,integrity_check_abort
2023,120,1,silent_wrong_output,integrity_check_abort
2026,20,5,silent_wrong_output,integrity_check_abort
2027,114,3,silent_wrong_output,integrity_check_abort
2028,274,4,silent_wrong_output,integrity_check_abort
2030,46,6,silent_wrong_output,integrity_check_abort
2031,242,4,silent_wrong_output,integrity_check_abort
2033,105,5,silent_wrong_output,integrity_check_abort
2034,248,6,silent_wrong_output,integrity_check_abort
2035,240,6,silent_wrong_output,integrity_check_abort
2044,311,7,silent_wrong_output,integrity_check_abort
2046,255,0,silent_wrong_output,integrity_check_abort
2049,79,3,silent_wrong_output,integrity_check_abort
2052,125,5,silent_wrong_output,integrity_check_abort
2059,77,7,silent_wrong_output,integrity_check_abort
2061,362,5,silent_wrong_output,integrity_check_abort
2063,735,0,silent_wrong_output,integrity_check_abort
2066,722,7,silent_wrong_output,integrity_check_abort
2069,525,6,silent_wrong_output,integrity_check_abort
2070,51,5,silent_wrong_output,integrity_check_abort
2072,37,5,silent_wrong_output,integrity_check_abort
2074,682,6,silent_wrong_output,integrity_check_abort
2076,232,3,silent_wrong_output,integrity_check_abort
2080,35,4,silent_wrong_output,integrity_check_abort
2081,404,1,silent_wrong_output,integrity_check_abort
2082,35,1,silent_wrong_output,integrity_check_abort
2086,730,0,silent_wrong_output,integrity_check_abort
2087,602,4,silent_wrong_output,integrity_check_abort
2088,609,6,silent_wrong_output,integrity_check_abort
2089,109,1,silent_wrong_output,integrity_check_abort
2091,646,4,silent_wrong_output,integrity_check_abort
2094,398,0,silent_wrong_output,integrity_check_abort
2096,766,7,silent_wrong_output,integrity_check_abort
2097,559,5,silent_wrong_output,integrity_check_abort
2098,83,7,silent_wrong_output,integrity_check_abort
2100,629,7,silent_wrong_output,integrity_check_abort
2101,712,3,silent_wrong_output,integrity_check_abort
2102,388,0,silent_wrong_output,integrity_check_abort
2106,361,2,silent_wrong_output,integrity_check_abort
2107,165,1,silent_wrong_output,integrity_check_abort
2108,160,6,silent_wrong_output,integrity_check_abort
2109,142,1,silent_wrong_output,integrity_check_abort
2110,116,7,silent_wrong_output,integrity_check_abort
2112,494,6,silent_wrong_output,integrity_check_abort
2113,346,3,silent_wrong_output,integrity_check_abort
2115,603,3,silent_wrong_output,integrity_check_abort
2117,409,4,silent_wrong_output,integrity_check_abort
2118,320,5,silent_wrong_output,integrity_check_abort
2119,507,2,silent_wrong_output,integrity_check_abort
2120,395,5,silent_wrong_output,integrity_check_abort
2123,220,6,silent_wrong_output,integrity_check_abort
2124,482,0,silent_wrong_output,integrity_check_abort
2125,592,6,silent_wrong_output,integrity_check_abort
2126,532,2,silent_wrong_output,integrity_check_abort
2131,413,3,silent_wrong_output,integrity_check_abort
2133,532,1,silent_wrong_output,integrity_check_abort
2135,441,7,silent_wrong_output,integrity_check_abort
2137,294,7,silent_wrong_output,integrity_check_abort
2138,281,6,silent_wrong_output,integrity_check_abort
2140,140,4,silent_wrong_output,integrity_check_abort
2141,353,5,silent_wrong_output,integrity_check_abort
2142,384,6,silent_wrong_output,integrity_check_abort
2144,716,5,silent_wrong_output,integrity_check_abort
2146,607,3,silent_wrong_output,integrity_check_abort
2147,506,4,silent_wrong_output,integrity_check_abort
2148,216,4,silent_wrong_output,integrity_check_abort
2149,51,7,silent_wrong_output,integrity_check_abort
2155,143,1,silent_wrong_output,integrity_check_abort
2159,507,3,silent_wrong_output,integrity_check_abort
2162,124,2,silent_wrong_output,integrity_check_abort
2164,163,6,silent_wrong_output,integrity_check_abort
2166,602,0,silent_wrong_output,integrity_check_abort
2170,751,0,silent_wrong_output,integrity_check_abort
2172,463,3,silent_wrong_output,integrity_check_abort
2175,153,6,silent_wrong_output,integrity_check_abort
2176,563,6,silent_wrong_output,integrity_check_abort
2177,26,6,silent_wrong_output,integrity_check_abort
2178,133,0,silent_wrong_output,integrity_check_abort
2179,585,5,silent_wrong_output,integrity_check_abort
2180,191,3,silent_wrong_output,integrity_check_abort
2181,559,6,silent_wrong_output,integrity_check_abort
2183,667,4,silent_wrong_output,integrity_check_abort
2184,688,7,silent_wrong_output,integrity_check_abort
2186,495,3,silent_wrong_output,integrity_check_abort
2187,272,1,silent_wrong_output,integrity_check_abort
2188,467,3,silent_wrong_output,integrity_check_abort
2189,410,1,silent_wrong_output,integrity_check_abort
2191,621,2,silent_wrong_output,integrity_check_abort
2192,502,1,silent_wrong_output,integrity_check_abort
2194,747,6,silent_wrong_output,integrity_check_abort
2203,21,3,silent_wrong_output,integrity_check_abort
2205,590,5,silent_wrong_output,integrity_check_abort
2209,751,0,silent_wrong_output,integrity_check_abort
2214,691,0,silent_wrong_output,integrity_check_abort
2216,448,6,silent_wrong_output,integrity_check_abort
2217,309,4,silent_wrong_output,integrity_check_abort
2218,209,0,silent_wrong_output,integrity_check_abort
2222,253,2,silent_wrong_output,integrity_check_abort
2223,482,7,silent_wrong_output,integrity_check_abort
2225,577,0,silent_wrong_output,integrity_check_abort
2229,417,0,silent_wrong_output,integrity_check_abort
2232,530,6,silent_wrong_output,integrity_check_abort
2233,240,3,silent_wrong_output,integrity_check_abort
2234,278,5,silent_wrong_output,integrity_check_abort
2235,574,5,silent_wrong_output,integrity_check_abort
2236,141,0,silent_wrong_output,integrity_check_abort
2238,356,1,silent_wrong_output,integrity_check_abort
2243,500,2,silent_wrong_output,integrity_check_abort
2246,741,7,silent_wrong_output,integrity_check_abort
2247,93,1,silent_wrong_output,integrity_check_abort
2250,329,3,silent_wrong_output,integrity_check_abort
2252,358,0,silent_wrong_output,integrity_check_abort
2253,701,3,silent_wrong_output,integrity_check_abort
2254,513,0,silent_wrong_output,integrity_check_abort
2255,292,5,silent_wrong_output,integrity_check_abort
2258,291,1,silent_wrong_output,integrity_check_abort
2260,665,6,silent_wrong_output,integrity_check_abort
2263,722,6,silent_wrong_output,integrity_check_abort
2265,534,4,silent_wrong_output,integrity_check_abort
2269,149,5,silent_wrong_output,integrity_check_abort
2270,468,3,silent_wrong_output,integrity_check_abort
2273,47,7,silent_wrong_output,integrity_check_abort
2276,418,2,silent_wrong_output,integrity_check_abort
2280,619,6,silent_wrong_output,integrity_check_abort
2281,543,1,silent_wrong_output,integrity_check_abort
2282,339,5,silent_wrong_output,integrity_check_abort
2285,404,2,silent_wrong_output,integrity_check_abort
2286,605,4,silent_wrong_output,integrity_check_abort
2287,434,4,silent_wrong_output,integrity_check_abort
2288,667,1,silent_wrong_output,integrity_check_abort
2290,559,4,silent_wrong_output,integrity_check_abort
2291,475,0,silent_wrong_output,integrity_check_abort
2292,696,3,silent_wrong_output,integrity_check_abort
2293,189,2,silent_wrong_output,integrity_check_abort
2296,77,6,silent_wrong_output,integrity_check_abort
2299,557,3,silent_wrong_output,integrity_check_abort
2303,380,1,silent_wrong_output,integrity_check_abort
2305,634,6,silent_wrong_output,integrity_check_abort
2307,273,7,silent_wrong_output,integrity_check_abort
2311,282,4,silent_wrong_output,integrity_check_abort
2313,435,3,silent_wrong_output,integrity_check_abort
2314,114,7,silent_wrong_output,integrity_check_abort
2315,685,6,silent_wrong_output,integrity_check_abort
2320,748,4,silent_wrong_output,integrity_check_abort
2321,547,0,silent_wrong_output,integrity_check_abort
2323,702,1,silent_wrong_output,integrity_check_abort
2332,120,2,silent_wrong_output,integrity_check_abort
2336,9,7,silent_wrong_output,integrity_check_abort
2338,470,0,silent_wrong_output,integrity_check_abort
2340,502,0,silent_wrong_output,integrity_check_abort
2346,563,3,silent_wrong_output,integrity_check_abort
2347,595,5,silent_wrong_output,integrity_check_abort
2348,576,2,silent_wrong_output,integrity_check_abort
2349,44,2,silent_wrong_output,integrity_check_abort
2351,192,4,silent_wrong_output,integrity_check_abort
2354,533,7,silent_wrong_output,integrity_check_abort
2356,1,2,silent_wrong_output,integrity_check_abort
2357,251,7,silent_wrong_output,integrity_check_abort
2359,247,0,silent_wrong_output,integrity_check_abort
2362,65,3,silent_wrong_output,integrity_check_abort
2363,480,1,silent_wrong_output,integrity_check_abort
2366,266,5,silent_wrong_output,integrity_check_abort
2367,441,2,silent_wrong_output,integrity_check_abort
2369,722,7,silent_wrong_output,integrity_check_abort
2371,489,5,silent_wrong_output,integrity_check_abort
2374,716,3,silent_wrong_output,integrity_check_abort
2375,133,5,silent_wrong_output,integrity_check_abort
2377,677,4,silent_wrong_output,integrity_check_abort
2378,451,6,silent_wrong_output,integrity_check_abort
2380,320,5,silent_wrong_output,integrity_check_abort
2382,206,7,silent_wrong_output,integrity_check_abort
2383,346,6,silent_wrong_output,integrity_check_abort
2385,716,5,silent_wrong_output,integrity_check_abort
2386,553,0,silent_wrong_output,integrity_check_abort
2390,452,1,silent_wrong_output,integrity_check_abort
2393,357,3,silent_wrong_output,integrity_check_abort
2395,209,6,silent_wrong_output,integrity_check_abort
2397,313,6,silent_wrong_output,integrity_check_abort
2403,640,5,silent_wrong_output,integrity_check_abort
2405,733,6,silent_wrong_output,integrity_check_abort
2408,659,7,silent_wrong_output,integrity_check_abort
2409,126,5,silent_wrong_output,integrity_check_abort
2410,684,4,silent_wrong_output,integrity_check_abort
2412,288,1,silent_wrong_output,integrity_check_abort
2413,320,7,silent_wrong_output,integrity_check_abort
2415,549,7,silent_wrong_output,integrity_check_abort
2416,142,5,silent_wrong_output,integrity_check_abort
2417,166,6,silent_wrong_output,integrity_check_abort
2418,181,0,silent_wrong_output,integrity_check_abort
2419,165,1,silent_wrong_output,integrity_check_abort
2421,714,6,silent_wrong_output,integrity_check_abort
2422,684,4,silent_wrong_output,integrity_check_abort
2423,331,3,silent_wrong_output,integrity_check_abort
2427,118,3,silent_wrong_output,integrity_check_abort
2430,226,6,silent_wrong_output,integrity_check_abort
2434,493,4,silent_wrong_output,integrity_check_abort
2436,714,5,silent_wrong_output,integrity_check_abort
2437,433,1,silent_wrong_output,integrity_check_abort
2438,96,0,silent_wrong_output,integrity_check_abort
2444,68,0,silent_wrong_output,integrity_check_abort
2445,712,0,silent_wrong_output,integrity_check_abort
2446,637,3,silent_wrong_output,integrity_check_abort
2448,621,1,silent_wrong_output,integrity_check_abort
2451,498,7,silent_wrong_output,integrity_check_abort
2452,765,4,silent_wrong_output,integrity_check_abort
2455,171,6,silent_wrong_output,integrity_check_abort
2456,753,0,silent_wrong_output,integrity_check_abort
2457,141,2,silent_wrong_output,integrity_check_abort
2462,123,2,silent_wrong_output,integrity_check_abort
2463,503,6,silent_wrong_output,integrity_check_abort
2468,400,5,silent_wrong_output,integrity_check_abort
2469,367,2,silent_wrong_output,integrity_check_abort
2472,72,5,silent_wrong_output,integrity_check_abort
2474,134,5,silent_wrong_output,integrity_check_abort
2485,280,3,silent_wrong_output,integrity_check_abort
2486,366,5,silent_wrong_output,integrity_check_abort
2489,360,6,silent_wrong_output,integrity_check_abort
2491,399,2,silent_wrong_output,integrity_check_abort
2492,292,0,silent_wrong_output,integrity_check_abort
2494,731,5,silent_wrong_output,integrity_check_abort
2496,273,6,silent_wrong_output,integrity_check_abort
2499,269,5,silent_wrong_output,integrity_check_abort
2501,516,1,silent_wrong_output,integrity_check_abort
2503,41,6,silent_wrong_output,integrity_check_abort
2504,295,1,silent_wrong_output,integrity_check_abort
2505,762,0,silent_wrong_output,integrity_check_abort
2507,95,2,silent_wrong_output,integrity_check_abort
2508,708,2,silent_wrong_output,integrity_check_abort
2509,212,6,silent_wrong_output,integrity_check_abort
2510,725,0,silent_wrong_output,integrity_check_abort
2511,66,3,silent_wrong_output,integrity_check_abort
2512,654,2,silent_wrong_output,integrity_check_abort
2513,85,0,silent_wrong_output,integrity_check_abort
2514,79,1,silent_wrong_output,integrity_check_abort
2515,47,7,silent_wrong_output,integrity_check_abort
2517,144,1,silent_wrong_output,integrity_check_abort
2520,171,6,silent_wrong_output,integrity_check_abort
2521,321,5,silent_wrong_output,integrity_check_abort
2534,700,2,silent_wrong_output,integrity_check_abort
2535,752,2,silent_wrong_output,integrity_check_abort
2537,444,0,silent_wrong_output,integrity_check_abort
2539,246,3,silent_wrong_output,integrity_check_abort
2544,688,6,silent_wrong_output,integrity_check_abort
2546,142,0,silent_wrong_output,integrity_check_abort
2548,74,3,silent_wrong_output,integrity_check_abort
2549,283,6,silent_wrong_output,integrity_check_abort
2552,652,5,silent_wrong_output,integrity_check_abort
2553,267,1,silent_wrong_output,integrity_check_abort
2554,537,6,silent_wrong_output,integrity_check_abort
2558,351,1,silent_wrong_output,integrity_check_abort
2559,663,1,silent_wrong_output,integrity_check_abort
2561,306,6,silent_wrong_output,integrity_check_abort
2563,188,6,silent_wrong_output,integrity_check_abort
2564,568,2,silent_wrong_output,integrity_check_abort
2567,236,2,silent_wrong_output,integrity_check_abort
2568,237,5,silent_wrong_output,integrity_check_abort
2571,755,3,silent_wrong_output,integrity_check_abort
2573,518,4,silent_wrong_output,integrity_check_abort
2574,153,7,silent_wrong_output,integrity_check_abort
2575,342,5,silent_wrong_output,integrity_check_abort
2576,440,4,silent_wrong_output,integrity_check_abort
2578,122,5,silent_wrong_output,integrity_check_abort
2579,605,0,silent_wrong_output,integrity_check_abort
2581,280,7,silent_wrong_output,integrity_check_abort
2583,668,6,silent_wrong_output,integrity_check_abort
2584,638,7,silent_wrong_output,integrity_check_abort
2587,492,1,silent_wrong_output,integrity_check_abort
2588,72,4,silent_wrong_output,integrity_check_abort
2594,57,7,silent_wrong_output,integrity_check_abort
2595,687,1,silent_wrong_output,integrity_check_abort
2596,560,3,silent_wrong_output,integrity_check_abort
2597,109,4,silent_wrong_output,integrity_check_abort
2598,410,5,silent_wrong_output,integrity_check_abort
2599,426,4,silent_wrong_output,integrity_check_abort
2601,537,3,silent_wrong_output,integrity_check_abort
2602,188,5,silent_wrong_output,integrity_check_abort
2603,466,1,silent_wrong_output,integrity_check_abort
2607,123,1,silent_wrong_output,integrity_check_abort
2608,678,1,silent_wrong_output,integrity_check_abort
2616,520,4,silent_wrong_output,integrity_check_abort
2619,521,5,silent_wrong_output,integrity_check_abort
2620,262,5,silent_wrong_output,integrity_check_abort
2621,296,0,silent_wrong_output,integrity_check_abort
2622,101,0,silent_wrong_output,integrity_check_abort
2623,289,7,silent_wrong_output,integrity_check_abort
2624,85,2,silent_wrong_output,integrity_check_abort
2626,520,5,silent_wrong_output,integrity_check_abort
2628,156,4,silent_wrong_output,integrity_check_abort
2630,682,2,silent_wrong_output,integrity_check_abort
2631,566,0,silent_wrong_output,integrity_check_abort
2633,377,3,silent_wrong_output,integrity_check_abort
2635,506,6,silent_wrong_output,integrity_check_abort
2636,649,0,silent_wrong_output,integrity_check_abort
2638,367,6,silent_wrong_output,integrity_check_abort
2639,11,2,silent_wrong_output,integrity_check_abort
2641,680,7,silent_wrong_output,integrity_check_abort
2642,136,3,silent_wrong_output,integrity_check_abort
2648,177,4,silent_wrong_output,integrity_check_abort
2650,460,0,silent_wrong_output,integrity_check_abort
2651,208,5,silent_wrong_output,integrity_check_abort
2652,376,2,silent_wrong_output,integrity_check_abort
2656,281,6,silent_wrong_output,integrity_check_abort
2657,155,1,silent_wrong_output,integrity_check_abort
2664,19,4,silent_wrong_output,integrity_check_abort
2665,570,5,silent_wrong_output,integrity_check_abort
2666,285,7,silent_wrong_output,integrity_check_abort
2669,453,4,silent_wrong_output,integrity_check_abort
2670,535,2,silent_wrong_output,integrity_check_abort
2671,603,1,silent_wrong_output,integrity_check_abort
2673,59,1,silent_wrong_output,integrity_check_abort
2674,152,5,silent_wrong_output,integrity_check_abort
2676,725,1,silent_wrong_output,integrity_check_abort
2677,740,7,silent_wrong_output,integrity_check_abort
2682,246,1,silent_wrong_output,integrity_check_abort
2683,598,0,silent_wrong_output,integrity_check_abort
2687,3,4,silent_wrong_output,integrity_check_abort
2694,464,4,silent_wrong_output,integrity_check_abort
2699,73,1,silent_wrong_output,integrity_check_abort
2702,30,2,silent_wrong_output,integrity_check_abort
2704,455,1,silent_wrong_output,integrity_check_abort
2707,202,5,silent_wrong_output,integrity_check_abort
2709,428,6,silent_wrong_output,integrity_check_abort
2713,90,2,silent_wrong_output,integrity_check_abort
2716,120,2,silent_wrong_output,integrity_check_abort
2718,601,0,silent_wrong_output,integrity_check_abort
2721,749,5,silent_wrong_output,integrity_check_abort
2722,263,4,silent_wrong_output,integrity_check_abort
2726,385,5,silent_wrong_output,integrity_check_abort
2727,114,7,silent_wrong_output,integrity_check_abort
2728,509,1,silent_wrong_output,integrity_check_abort
2731,651,1,silent_wrong_output,integrity_check_abort
2734,215,0,silent_wrong_output,integrity_check_abort
2736,433,0,silent_wrong_output,integrity_check_abort
2738,213,0,silent_wrong_output,integrity_check_abort
2739,238,4,silent_wrong_output,integrity_check_abort
2743,395,4,silent_wrong_output,integrity_check_abort
2745,444,7,silent_wrong_output,integrity_check_abort
2747,710,7,silent_wrong_output,integrity_check_abort
2749,329,5,silent_wrong_output,integrity_check_abort
2750,395,6,silent_wrong_output,integrity_check_abort
2751,315,7,silent_wrong_output,integrity_check_abort
2754,62,2,silent_wrong_output,integrity_check_abort
2757,443,1,silent_wrong_output,integrity_check_abort
2762,375,6,silent_wrong_output,integrity_check_abort
2763,305,0,silent_wrong_output,integrity_check_abort
2767,367,2,silent_wrong_output,integrity_check_abort
2771,545,6,silent_wrong_output,integrity_check_abort
2772,313,2,silent_wrong_output,integrity_check_abort
2774,455,4,silent_wrong_output,integrity_check_abort
2775,231,4,silent_wrong_output,integrity_check_abort
2778,674,2,silent_wrong_output,integrity_check_abort
2780,331,5,silent_wrong_output,integrity_check_abort
2787,408,3,silent_wrong_output,integrity_check_abort
2789,382,6,silent_wrong_output,integrity_check_abort
2793,533,2,silent_wrong_output,integrity_check_abort
2796,527,2,silent_wrong_output,integrity_check_abort
2802,471,2,silent_wrong_output,integrity_check_abort
2805,255,1,silent_wrong_output,integrity_check_abort
2808,114,6,silent_wrong_output,integrity_check_abort
2811,210,1,silent_wrong_output,integrity_check_abort
2814,440,0,silent_wrong_output,integrity_check_abort
2815,423,5,silent_wrong_output,integrity_check_abort
2816,693,4,silent_wrong_output,integrity_check_abort
2820,594,1,silent_wrong_output,integrity_check_abort
2824,760,1,silent_wrong_output,integrity_check_abort
2825,69,6,silent_wrong_output,integrity_check_abort
2827,353,4,silent_wrong_output,integrity_check_abort
2829,396,5,silent_wrong_output,integrity_check_abort
2830,90,7,silent_wrong_output,integrity_check_abort
2834,533,3,silent_wrong_output,integrity_check_abort
2838,389,4,silent_wrong_output,integrity_check_abort
2839,469,3,silent_wrong_output,integrity_check_abort
2845,553,6,silent_wrong_output,integrity_check_abort
2846,383,3,silent_wrong_output,integrity_check_abort
2849,408,4,silent_wrong_output,integrity_check_abort
2855,348,1,silent_wrong_output,integrity_check_abort
2857,572,4,silent_wrong_output,integrity_check_abort
2858,637,3,silent_wrong_output,integrity_check_abort
2859,208,3,silent_wrong_output,integrity_check_abort
2861,225,2,silent_wrong_output,integrity_check_abort
2863,252,3,silent_wrong_output,integrity_check_abort
2865,12,2,silent_wrong_output,integrity_check_abort
2866,582,2,silent_wrong_output,integrity_check_abort
2871,37,5,silent_wrong_output,integrity_check_abort
2872,570,3,silent_wrong_output,integrity_check_abort
2873,649,0,silent_wrong_output,integrity_check_abort
2876,464,2,silent_wrong_output,integrity_check_abort
2877,250,7,silent_wrong_output,integrity_check_abort
2879,28,2,silent_wrong_output,integrity_check_abort
2882,449,0,silent_wrong_output,integrity_check_abort
2883,270,0,silent_wrong_output,integrity_check_abort
2885,683,1,silent_wrong_output,integrity_check_abort
2886,445,4,silent_wrong_output,integrity_check_abort
2891,227,4,silent_wrong_output,integrity_check_abort
2892,397,7,silent_wrong_output,integrity_check_abort
2898,168,6,silent_wrong_output,integrity_check_abort
2899,358,1,silent_wrong_output,integrity_check_abort
2902,737,3,silent_wrong_output,integrity_check_abort
2906,484,1,silent_wrong_output,integrity_check_abort
2907,134,5,silent_wrong_output,integrity_check_abort
2908,526,6,silent_wrong_output,integrity_check_abort
2909,506,2,silent_wrong_output,integrity_check_abort
2917,625,2,silent_wrong_output,integrity_check_abort
2918,92,2,silent_wrong_output,integrity_check_abort
2919,552,7,silent_wrong_output,integrity_check_abort
2920,591,5,silent_wrong_output,integrity_check_abort
2922,397,6,silent_wrong_output,integrity_check_abort
2923,311,5,silent_wrong_output,integrity_check_abort
2928,112,1,silent_wrong_output,integrity_check_abort
2929,608,2,silent_wrong_output,integrity_check_abort
2931,651,7,silent_wrong_output,integrity_check_abort
2932,387,3,silent_wrong_output,integrity_check_abort
2935,19,3,silent_wrong_output,integrity_check_abort
2936,570,6,silent_wrong_output,integrity_check_abort
2940,290,1,silent_wrong_output,integrity_check_abort
2941,325,5,silent_wrong_output,integrity_check_abort
2943,272,2,silent_wrong_output,integrity_check_abort
2945,579,0,silent_wrong_output,integrity_check_abort
2946,312,5,silent_wrong_output,integrity_check_abort
2947,639,0,silent_wrong_output,integrity_check_abort
2948,228,2,silent_wrong_output,integrity_check_abort
2950,248,1,silent_wrong_output,integrity_check_abort
2951,251,3,silent_wrong_output,integrity_check_abort
2957,74,0,silent_wrong_output,integrity_check_abort
2958,123,2,silent_wrong_output,integrity_check_abort
2963,17,1,silent_wrong_output,integrity_check_abort
2965,423,6,silent_wrong_output,integrity_check_abort
2967,192,4,silent_wrong_output,integrity_check_abort
2968,657,0,silent_wrong_output,integrity_check_abort
2969,435,3,silent_wrong_output,integrity_check_abort
2971,518,2,silent_wrong_output,integrity_check_abort
2974,113,2,silent_wrong_output,integrity_check_abort
2975,330,0,silent_wrong_output,integrity_check_abort
2977,300,1,silent_wrong_output,integrity_check_abort
2979,282,0,silent_wrong_output,integrity_check_abort
2980,22,3,silent_wrong_output,integrity_check_abort
2983,220,0,silent_wrong_output,integrity_check_abort
2984,327,4,silent_wrong_output,integrity_check_abort
2985,699,6,silent_wrong_output,integrity_check_abort
2989,332,5,silent_wrong_output,integrity_check_abort
2990,571,2,silent_wrong_output,integrity_check_abort
2993,546,0,silent_wrong_output,integrity_check_abort
2994,34,5,silent_wrong_output,integrity_check_abort
2997,604,2,silent_wrong_output,integrity_check_abort
3000,200,2,silent_wrong_output,integrity_check_abort
3002,47,4,silent_wrong_output,integrity_check_abort
3003,65,7,silent_wrong_output,integrity_check_abort
3005,689,7,silent_wrong_output,integrity_check_abort
3006,151,2,silent_wrong_output,integrity_check_abort
3007,117,7,silent_wrong_output,integrity_check_abort
3010,425,2,silent_wrong_output,integrity_check_abort
3012,10,2,silent_wrong_output,integrity_check_abort
3013,511,3,silent_wrong_output,integrity_check_abort
3015,335,2,silent_wrong_output,integrity_check_abort
3017,397,6,silent_wrong_output,integrity_check_abort
3018,205,5,silent_wrong_output,integrity_check_abort
3019,488,6,silent_wrong_output,integrity_check_abort
3021,619,0,silent_wrong_output,integrity_check_abort
3022,584,6,silent_wrong_output,integrity_check_abort
3023,378,4,silent_wrong_output,integrity_check_abort
3024,747,3,silent_wrong_output,integrity_check_abort
3027,760,0,silent_wrong_output,integrity_check_abort
3028,637,0,silent_wrong_output,integrity_check_abort
3031,348,0,silent_wrong_output,integrity_check_abort
3034,444,6,silent_wrong_output,integrity_check_abort
3035,303,3,silent_wrong_output,integrity_check_abort
3036,379,7,silent_wrong_output,integrity_check_abort
3037,749,5,silent_wrong_output,integrity_check_abort
3039,589,7,silent_wrong_output,integrity_check_abort
3040,378,6,silent_wrong_output,integrity_check_abort
3041,546,3,silent_wrong_output,integrity_check_abort
3042,638,7,silent_wrong_output,integrity_check_abort
3043,142,6,silent_wrong_output,integrity_check_abort
3047,593,2,silent_wrong_output,integrity_check_abort
3048,502,5,silent_wrong_output,integrity_check_abort
3051,427,0,silent_wrong_output,integrity_check_abort
3052,726,3,silent_wrong_output,integrity_check_abort
3054,528,7,silent_wrong_output,integrity_check_abort
3055,486,2,silent_wrong_output,integrity_check_abort
3056,143,3,silent_wrong_output,integrity_check_abort
3058,551,7,silent_wrong_output,integrity_check_abort
3061,646,5,silent_wrong_output,integrity_check_abort
3065,503,6,silent_wrong_output,integrity_check_abort
3066,7,5,silent_wrong_output,integrity_check_abort
3068,687,4,silent_wrong_output,integrity_check_abort
3070,696,7,silent_wrong_output,integrity_check_abort
3072,50,2,silent_wrong_output,integrity_check_abort
3075,319,6,silent_wrong_output,integrity_check_abort
3077,173,2,silent_wrong_output,integrity_check_abort
3083,532,0,silent_wrong_output,integrity_check_abort
3085,568,1,silent_wrong_output,integrity_check_abort
3090,236,7,silent_wrong_output,integrity_check_abort
3094,685,4,silent_wrong_output,integrity_check_abort
3095,448,6,silent_wrong_output,integrity_check_abort
3098,216,1,silent_wrong_output,integrity_check_abort
3103,717,5,silent_wrong_output,integrity_check_abort
3106,200,3,silent_wrong_output,integrity_check_abort
3107,21,3,silent_wrong_output,integrity_check_abort
3112,519,0,silent_wrong_output,integrity_check_abort
3113,317,0,silent_wrong_output,integrity_check_abort
3114,289,6,silent_wrong_output,integrity_check_abort
3115,371,3,silent_wrong_output,integrity_check_abort
3116,418,0,silent_wrong_output,integrity_check_abort
3117,265,2,silent_wrong_output,integrity_check_abort
3118,315,6,silent_wrong_output,integrity_check_abort
3119,292,6,silent_wrong_output,integrity_check_abort
3121,635,3,silent_wrong_output,integrity_check_abort
3122,515,4,silent_wrong_output,integrity_check_abort
3125,209,7,silent_wrong_output,integrity_check_abort
3132,103,0,silent_wrong_output,integrity_check_abort
3133,283,2,silent_wrong_output,integrity_check_abort
3137,218,1,silent_wrong_output,integrity_check_abort
3138,371,1,silent_wrong_output,integrity_check_abort
3141,574,7,silent_wrong_output,integrity_check_abort
3142,763,5,silent_wrong_output,integrity_check_abort
3143,541,1,silent_wrong_output,integrity_check_abort
3144,550,6,silent_wrong_output,integrity_check_abort
3145,752,6,silent_wrong_output,integrity_check_abort
3147,756,1,silent_wrong_output,integrity_check_abort
3148,576,0,silent_wrong_output,integrity_check_abort
3150,24,5,silent_wrong_output,integrity_check_abort
3152,299,6,silent_wrong_output,integrity_check_abort
3153,625,7,silent_wrong_output,integrity_check_abort
3154,262,6,silent_wrong_output,integrity_check_abort
3159,701,0,silent_wrong_output,integrity_check_abort
3161,228,7,silent_wrong_output,integrity_check_abort
3162,58,2,silent_wrong_output,integrity_check_abort
3163,606,7,silent_wrong_output,integrity_check_abort
3166,264,6,silent_wrong_output,integrity_check_abort
3170,549,3,silent_wrong_output,integrity_check_abort
3172,43,2,silent_wrong_output,integrity_check_abort
3173,685,1,silent_wrong_output,integrity_check_abort
3176,147,7,silent_wrong_output,integrity_check_abort
3178,377,0,silent_wrong_output,integrity_check_abort
3179,692,6,silent_wrong_output,integrity_check_abort
3182,385,3,silent_wrong_output,integrity_check_abort
3183,311,5,silent_wrong_output,integrity_check_abort
3191,217,5,silent_wrong_output,integrity_check_abort
3192,459,1,silent_wrong_output,integrity_check_abort
3193,161,7,silent_wrong_output,integrity_check_abort
3195,725,2,silent_wrong_output,integrity_check_abort
3196,568,7,silent_wrong_output,integrity_check_abort
3198,374,2,silent_wrong_output,integrity_check_abort
3201,745,2,silent_wrong_output,integrity_check_abort
3202,295,4,silent_wrong_output,integrity_check_abort
3204,99,1,silent_wrong_output,integrity_check_abort
3206,191,4,silent_wrong_output,integrity_check_abort
3207,210,6,silent_wrong_output,integrity_check_abort
3209,723,6,silent_wrong_output,integrity_check_abort
3216,166,7,silent_wrong_output,integrity_check_abort
3217,432,6,silent_wrong_output,integrity_check_abort
3220,485,0,silent_wrong_output,integrity_check_abort
3221,636,3,silent_wrong_output,integrity_check_abort
3224,109,1,silent_wrong_output,integrity_check_abort
3226,382,5,silent_wrong_output,integrity_check_abort
3227,515,7,silent_wrong_output,integrity_check_abort
3228,105,1,silent_wrong_output,integrity_check_abort
3230,129,7,silent_wrong_output,integrity_check_abort
3231,481,7,silent_wrong_output,integrity_check_abort
3232,668,1,silent_wrong_output,integrity_check_abort
3233,29,4,silent_wrong_output,integrity_check_abort
3235,467,5,silent_wrong_output,integrity_check_abort
3236,657,7,silent_wrong_output,integrity_check_abort
3238,154,2,silent_wrong_output,integrity_check_abort
3240,740,3,silent_wrong_output,integrity_check_abort
3243,353,2,silent_wrong_output,integrity_check_abort
3248,132,0,silent_wrong_output,integrity_check_abort
3252,37,0,silent_wrong_output,integrity_check_abort
3253,231,5,silent_wrong_output,integrity_check_abort
3254,355,0,silent_wrong_output,integrity_check_abort
3255,326,2,silent_wrong_output,integrity_check_abort
3256,582,1,silent_wrong_output,integrity_check_abort
3257,185,1,silent_wrong_output,integrity_check_abort
3258,119,6,silent_wrong_output,integrity_check_abort
3259,224,1,silent_wrong_output,integrity_check_abort
3260,8,6,silent_wrong_output,integrity_check_abort
3261,413,1,silent_wrong_output,integrity_check_abort
3263,374,4,silent_wrong_output,integrity_check_abort
3270,511,6,silent_wrong_output,integrity_check_abort
3271,401,2,silent_wrong_output,integrity_check_abort
3275,196,6,silent_wrong_output,integrity_check_abort
3280,165,2,silent_wrong_output,integrity_check_abort
3281,546,2,silent_wrong_output,integrity_check_abort
3283,107,4,silent_wrong_output,integrity_check_abort
3288,77,7,silent_wrong_output,integrity_check_abort
3291,351,2,silent_wrong_output,integrity_check_abort
3293,184,7,silent_wrong_output,integrity_check_abort
3294,114,7,silent_wrong_output,integrity_check_abort
3295,545,5,silent_wrong_output,integrity_check_abort
3301,71,4,silent_wrong_output,integrity_check_abort
3302,691,2,silent_wrong_output,integrity_check_abort
3306,303,5,silent_wrong_output,integrity_check_abort
3308,633,6,silent_wrong_output,integrity_check_abort
3311,568,3,silent_wrong_output,integrity_check_abort
3312,304,3,silent_wrong_output,integrity_check_abort
3318,671,0,silent_wrong_output,integrity_check_abort
3320,60,0,silent_wrong_output,integrity_check_abort
3322,717,7,silent_wrong_output,integrity_check_abort
3324,6,6,silent_wrong_output,integrity_check_abort
3326,81,3,silent_wrong_output,integrity_check_abort
3329,673,4,silent_wrong_output,integrity_check_abort
3331,509,0,silent_wrong_output,integrity_check_abort
3332,715,1,silent_wrong_output,integrity_check_abort
3333,220,1,silent_wrong_output,integrity_check_abort
3336,762,4,silent_wrong_output,integrity_check_abort
3337,214,1,silent_wrong_output,integrity_check_abort
3338,744,0,silent_wrong_output,integrity_check_abort
3340,689,2,silent_wrong_output,integrity_check_abort
3341,109,3,silent_wrong_output,integrity_check_abort
3342,224,4,silent_wrong_output,integrity_check_abort
3343,533,4,silent_wrong_output,integrity_check_abort
3344,500,4,silent_wrong_output,integrity_check_abort
3345,621,5,silent_wrong_output,integrity_check_abort
3347,124,7,silent_wrong_output,integrity_check_abort
3348,518,6,silent_wrong_output,integrity_check_abort
3351,162,4,silent_wrong_output,integrity_check_abort
3355,567,3,silent_wrong_output,integrity_check_abort
3356,217,3,silent_wrong_output,integrity_check_abort
3357,741,0,silent_wrong_output,integrity_check_abort
3359,749,2,silent_wrong_output,integrity_check_abort
3363,156,4,silent_wrong_output,integrity_check_abort
3366,191,5,silent_wrong_output,integrity_check_abort
3367,715,2,silent_wrong_output,integrity_check_abort
3369,592,1,silent_wrong_output,integrity_check_abort
3370,404,0,silent_wrong_output,integrity_check_abort
3372,72,2,silent_wrong_output,integrity_check_abort
3373,508,0,silent_wrong_output,integrity_check_abort
3377,245,4,silent_wrong_output,integrity_check_abort
3379,267,4,silent_wrong_output,integrity_check_abort
3380,565,7,silent_wrong_output,integrity_check_abort
3386,131,0,silent_wrong_output,integrity_check_abort
3387,508,7,silent_wrong_output,integrity_check_abort
3388,71,7,silent_wrong_output,integrity_check_abort
3389,190,0,silent_wrong_output,integrity_check_abort
3394,453,1,silent_wrong_output,integrity_check_abort
3395,124,4,silent_wrong_output,integrity_check_abort
3396,730,0,silent_wrong_output,integrity_check_abort
3399,362,7,silent_wrong_output,integrity_check_abort
3404,41,7,silent_wrong_output,integrity_check_abort
3406,369,1,silent_wrong_output,integrity_check_abort
3407,627,2,silent_wrong_output,integrity_check_abort
3411,217,2,silent_wrong_output,integrity_check_abort
3412,103,1,silent_wrong_output,integrity_check_abort
3413,584,7,silent_wrong_output,integrity_check_abort
3414,128,2,silent_wrong_output,integrity_check_abort
3419,535,2,silent_wrong_output,integrity_check_abort
3420,484,7,silent_wrong_output,integrity_check_abort
3422,681,5,silent_wrong_output,integrity_check_abort
3423,14,7,silent_wrong_output,integrity_check_abort
3427,75,3,silent_wrong_output,integrity_check_abort
3431,608,0,silent_wrong_output,integrity_check_abort
3434,132,3,silent_wrong_output,integrity_check_abort
3435,159,2,silent_wrong_output,integrity_check_abort
3436,317,7,silent_wrong_output,integrity_check_abort
3437,30,1,silent_wrong_output,integrity_check_abort
3438,569,0,silent_wrong_output,integrity_check_abort
3439,741,0,silent_wrong_output,integrity_check_abort
3440,16,5,silent_wrong_output,integrity_check_abort
3443,633,2,silent_wrong_output,integrity_check_abort
3451,448,7,silent_wrong_output,integrity_check_abort
3453,295,7,silent_wrong_output,integrity_check_abort
3456,349,4,silent_wrong_output,integrity_check_abort
3459,283,7,silent_wrong_output,integrity_check_abort
3460,582,4,silent_wrong_output,integrity_check_abort
3463,8,4,silent_wrong_output,integrity_check_abort
3464,202,0,silent_wrong_output,integrity_check_abort
3469,382,7,silent_wrong_output,integrity_check_abort
3470,711,5,silent_wrong_output,integrity_check_abort
3472,72,7,silent_wrong_output,integrity_check_abort
3473,545,7,silent_wrong_output,integrity_check_abort
3474,737,5,silent_wrong_output,integrity_check_abort
3475,578,5,silent_wrong_output,integrity_check_abort
3476,590,4,silent_wrong_output,integrity_check_abort
3477,570,6,silent_wrong_output,integrity_check_abort
3478,737,6,silent_wrong_output,integrity_check_abort
3480,446,7,silent_wrong_output,integrity_check_abort
3482,385,1,silent_wrong_output,integrity_check_abort
3484,355,7,silent_wrong_output,integrity_check_abort
3485,323,3,silent_wrong_output,integrity_check_abort
3487,162,4,silent_wrong_output,integrity_check_abort
3488,394,4,silent_wrong_output,integrity_check_abort
3489,170,3,silent_wrong_output,integrity_check_abort
3490,467,3,silent_wrong_output,integrity_check_abort
3492,330,7,silent_wrong_output,integrity_check_abort
3493,32,3,silent_wrong_output,integrity_check_abort
3495,330,0,silent_wrong_output,integrity_check_abort
3496,754,4,silent_wrong_output,integrity_check_abort
3497,600,5,silent_wrong_output,integrity_check_abort
3499,511,5,silent_wrong_output,integrity_check_abort
3500,752,6,silent_wrong_output,integrity_check_abort
3501,669,5,silent_wrong_output,integrity_check_abort
3502,642,7,silent_wrong_output,integrity_check_abort
3503,537,5,silent_wrong_output,integrity_check_abort
3505,723,5,silent_wrong_output,integrity_check_abort
3506,427,4,silent_wrong_output,integrity_check_abort
3508,71,7,silent_wrong_output,integrity_check_abort
3509,62,2,silent_wrong_output,integrity_check_abort
3513,653,4,silent_wrong_output,integrity_check_abort
3515,150,2,silent_wrong_output,integrity_check_abort
3520,657,2,silent_wrong_output,integrity_check_abort
3525,394,1,silent_wrong_output,integrity_check_abort
3526,215,1,silent_wrong_output,integrity_check_abort
3527,175,4,silent_wrong_output,integrity_check_abort
3531,722,1,silent_wrong_output,integrity_check_abort
3534,188,3,silent_wrong_output,integrity_check_abort
3537,568,2,silent_wrong_output,integrity_check_abort
3538,405,6,silent_wrong_output,integrity_check_abort
3539,40,5,silent_wrong_output,integrity_check_abort
3541,544,0,silent_wrong_output,integrity_check_abort
3542,519,6,silent_wrong_output,integrity_check_abort
3543,413,4,silent_wrong_output,integrity_check_abort
3544,505,7,silent_wrong_output,integrity_check_abort
3546,684,4,silent_wrong_output,integrity_check_abort
3547,559,6,silent_wrong_output,integrity_check_abort
3548,616,6,silent_wrong_output,integrity_check_abort
3552,107,3,silent_wrong_output,integrity_check_abort
3554,514,4,silent_wrong_output,integrity_check_abort
3555,634,6,silent_wrong_output,integrity_check_abort
3557,652,6,silent_wrong_output,integrity_check_abort
3558,647,1,silent_wrong_output,integrity_check_abort
3559,13,6,silent_wrong_output,integrity_check_abort
3563,221,7,silent_wrong_output,integrity_check_abort
3565,528,3,silent_wrong_output,integrity_check_abort
3569,275,4,silent_wrong_output,integrity_check_abort
3570,264,0,silent_wrong_output,integrity_check_abort
3573,330,1,silent_wrong_output,integrity_check_abort
3576,271,3,silent_wrong_output,integrity_check_abort
3577,437,1,silent_wrong_output,integrity_check_abort
3578,107,3,silent_wrong_output,integrity_check_abort
3580,36,6,silent_wrong_output,integrity_check_abort
3581,463,6,silent_wrong_output,integrity_check_abort
3583,455,0,silent_wrong_output,integrity_check_abort
3584,504,3,silent_wrong_output,integrity_check_abort
3585,37,5,silent_wrong_output,integrity_check_abort
3586,638,1,silent_wrong_output,integrity_check_abort
3588,169,7,silent_wrong_output,integrity_check_abort
3589,713,3,silent_wrong_output,integrity_check_abort
3591,736,7,silent_wrong_output,integrity_check_abort
3594,22,3,silent_wrong_output,integrity_check_abort
3595,56,6,silent_wrong_output,integrity_check_abort
3596,719,6,silent_wrong_output,integrity_check_abort
3600,541,4,silent_wrong_output,integrity_check_abort
3606,137,6,silent_wrong_output,integrity_check_abort
3615,516,7,silent_wrong_output,integrity_check_abort
3616,152,5,silent_wrong_output,integrity_check_abort
3619,101,3,silent_wrong_output,integrity_check_abort
3620,611,3,silent_wrong_output,integrity_check_abort
3622,404,7,silent_wrong_output,integrity_check_abort
3623,478,5,silent_wrong_output,integrity_check_abort
3626,111,2,silent_wrong_output,integrity_check_abort
3628,250,4,silent_wrong_output,integrity_check_abort
3631,547,0,silent_wrong_output,integrity_check_abort
3633,424,7,silent_wrong_output,integrity_check_abort
3635,312,3,silent_wrong_output,integrity_check_abort
3636,26,1,silent_wrong_output,integrity_check_abort
3637,132,7,silent_wrong_output,integrity_check_abort
3638,759,7,silent_wrong_output,integrity_check_abort
3639,215,6,silent_wrong_output,integrity_check_abort
3642,94,2,silent_wrong_output,integrity_check_abort
3643,70,1,silent_wrong_output,integrity_check_abort
3644,249,0,silent_wrong_output,integrity_check_abort
3645,82,3,silent_wrong_output,integrity_check_abort
3646,478,6,silent_wrong_output,integrity_check_abort
3647,136,0,silent_wrong_output,integrity_check_abort
3649,205,7,silent_wrong_output,integrity_check_abort
3650,759,6,silent_wrong_output,integrity_check_abort
3651,709,7,silent_wrong_output,integrity_check_abort
3652,320,0,silent_wrong_output,integrity_check_abort
3653,557,5,silent_wrong_output,integrity_check_abort
3656,635,4,silent_wrong_output,integrity_check_abort
3657,146,0,silent_wrong_output,integrity_check_abort
3658,435,7,silent_wrong_output,integrity_check_abort
3666,162,0,silent_wrong_output,integrity_check_abort
3667,377,7,silent_wrong_output,integrity_check_abort
3668,327,6,silent_wrong_output,integrity_check_abort
3670,545,4,silent_wrong_output,integrity_check_abort
3673,421,7,silent_wrong_output,integrity_check_abort
3674,169,3,silent_wrong_output,integrity_check_abort
3675,676,7,silent_wrong_output,integrity_check_abort
3676,543,6,silent_wrong_output,integrity_check_abort
3678,21,1,silent_wrong_output,integrity_check_abort
3679,195,5,silent_wrong_output,integrity_check_abort
3681,137,7,silent_wrong_output,integrity_check_abort
3682,67,4,silent_wrong_output,integrity_check_abort
3684,293,1,silent_wrong_output,integrity_check_abort
3687,702,7,silent_wrong_output,integrity_check_abort
3688,103,6,silent_wrong_output,integrity_check_abort
3689,475,1,silent_wrong_output,integrity_check_abort
3695,608,7,silent_wrong_output,integrity_check_abort
3697,150,4,silent_wrong_output,integrity_check_abort
3699,82,1,silent_wrong_output,integrity_check_abort
3701,301,7,silent_wrong_output,integrity_check_abort
3703,153,6,silent_wrong_output,integrity_check_abort
3704,279,0,silent_wrong_output,integrity_check_abort
3705,531,3,silent_wrong_output,integrity_check_abort
3706,22,0,silent_wrong_output,integrity_check_abort
3709,389,3,silent_wrong_output,integrity_check_abort
3710,609,3,silent_wrong_output,integrity_check_abort
3712,401,0,silent_wrong_output,integrity_check_abort
3713,206,2,silent_wrong_output,integrity_check_abort
3715,221,4,silent_wrong_output,integrity_check_abort
3717,261,7,silent_wrong_output,integrity_check_abort
3719,151,3,silent_wrong_output,integrity_check_abort
3723,300,4,silent_wrong_output,integrity_check_abort
3725,513,2,silent_wrong_output,integrity_check_abort
3728,157,0,silent_wrong_output,integrity_check_abort
3731,126,0,silent_wrong_output,integrity_check_abort
3733,632,5,silent_wrong_output,integrity_check_abort
3738,281,4,silent_wrong_output,integrity_check_abort
3739,487,3,silent_wrong_output,integrity_check_abort
3740,369,0,silent_wrong_output,integrity_check_abort
3743,652,5,silent_wrong_output,integrity_check_abort
3744,63,2,silent_wrong_output,integrity_check_abort
3745,97,2,silent_wrong_output,integrity_check_abort
3746,656,7,silent_wrong_output,integrity_check_abort
3750,390,5,silent_wrong_output,integrity_check_abort
3754,360,2,silent_wrong_output,integrity_check_abort
3756,678,2,silent_wrong_output,integrity_check_abort
3762,253,6,silent_wrong_output,integrity_check_abort
3764,498,0,silent_wrong_output,integrity_check_abort
3766,416,3,silent_wrong_output,integrity_check_abort
3768,664,6,silent_wrong_output,integrity_check_abort
3770,89,1,silent_wrong_output,integrity_check_abort
3771,26,0,silent_wrong_output,integrity_check_abort
3773,97,6,silent_wrong_output,integrity_check_abort
3780,217,1,silent_wrong_output,integrity_check_abort
3782,558,2,silent_wrong_output,integrity_check_abort
3785,452,0,silent_wrong_output,integrity_check_abort
3787,386,4,silent_wrong_output,integrity_check_abort
3789,389,6,silent_wrong_output,integrity_check_abort
3790,339,5,silent_wrong_output,integrity_check_abort
3792,273,7,silent_wrong_output,integrity_check_abort
3799,246,1,silent_wrong_output,integrity_check_abort
3802,108,7,silent_wrong_output,integrity_check_abort
3803,74,6,silent_wrong_output,integrity_check_abort
3804,408,3,silent_wrong_output,integrity_check_abort
3806,382,4,silent_wrong_output,integrity_check_abort
3807,518,2,silent_wrong_output,integrity_check_abort
3808,328,3,silent_wrong_output,integrity_check_abort
3809,575,1,silent_wrong_output,integrity_check_abort
3812,400,5,silent_wrong_output,integrity_check_abort
3813,203,2,silent_wrong_output,integrity_check_abort
3816,311,2,silent_wrong_output,integrity_check_abort
3817,320,6,silent_wrong_output,integrity_check_abort
3820,170,5,silent_wrong_output,integrity_check_abort
3821,665,1,silent_wrong_output,integrity_check_abort
3823,40,5,silent_wrong_output,integrity_check_abort
3826,566,0,silent_wrong_output,integrity_check_abort
3827,8,7,silent_wrong_output,integrity_check_abort
3828,42,3,silent_wrong_output,integrity_check_abort
3842,383,6,silent_wrong_output,integrity_check_abort
3843,273,2,silent_wrong_output,integrity_check_abort
3845,767,2,silent_wrong_output,integrity_check_abort
3848,2,7,silent_wrong_output,integrity_check_abort
3852,711,6,silent_wrong_output,integrity_check_abort
3857,287,7,silent_wrong_output,integrity_check_abort
3858,698,7,silent_wrong_output,integrity_check_abort
3860,717,7,silent_wrong_output,integrity_check_abort
3862,609,3,silent_wrong_output,integrity_check_abort
3863,627,1,silent_wrong_output,integrity_check_abort
3867,21,2,silent_wrong_output,integrity_check_abort
3868,189,7,silent_wrong_output,integrity_check_abort
3871,138,7,silent_wrong_output,integrity_check_abort
3875,571,1,silent_wrong_output,integrity_check_abort
3878,459,5,silent_wrong_output,integrity_check_abort
3880,239,3,silent_wrong_output,integrity_check_abort
3882,427,1,silent_wrong_output,integrity_check_abort
3883,360,7,silent_wrong_output,integrity_check_abort
3884,444,0,silent_wrong_output,integrity_check_abort
3885,188,4,silent_wrong_output,integrity_check_abort
3887,418,6,silent_wrong_output,integrity_check_abort
3889,238,3,silent_wrong_output,integrity_check_abort
3890,386,4,silent_wrong_output,integrity_check_abort
3891,636,3,silent_wrong_output,integrity_check_abort
3892,269,3,silent_wrong_output,integrity_check_abort
3896,448,6,silent_wrong_output,integrity_check_abort
3897,714,6,silent_wrong_output,integrity_check_abort
3901,168,7,silent_wrong_output,integrity_check_abort
3905,704,3,silent_wrong_output,integrity_check_abort
3907,588,7,silent_wrong_output,integrity_check_abort
3908,257,6,silent_wrong_output,integrity_check_abort
3910,205,7,silent_wrong_output,integrity_check_abort
3911,734,3,silent_wrong_output,integrity_check_abort
3915,173,1,silent_wrong_output,integrity_check_abort
3918,537,0,silent_wrong_output,integrity_check_abort
3919,408,6,silent_wrong_output,integrity_check_abort
3920,656,3,silent_wrong_output,integrity_check_abort
3921,413,3,silent_wrong_output,integrity_check_abort
3924,472,2,silent_wrong_output,integrity_check_abort
3928,494,3,silent_wrong_output,integrity_check_abort
3929,752,2,silent_wrong_output,integrity_check_abort
3931,71,5,silent_wrong_output,integrity_check_abort
3934,716,4,silent_wrong_output,integrity_check_abort
3935,101,5,silent_wrong_output,integrity_check_abort
3936,298,6,silent_wrong_output,integrity_check_abort
3939,650,3,silent_wrong_output,integrity_check_abort
3943,654,5,silent_wrong_output,integrity_check_abort
3945,600,6,silent_wrong_output,integrity_check_abort
3946,588,4,silent_wrong_output,integrity_check_abort
3950,541,7,silent_wrong_output,integrity_check_abort
3954,587,0,silent_wrong_output,integrity_check_abort
3955,304,5,silent_wrong_output,integrity_check_abort
3956,370,3,silent_wrong_output,integrity_check_abort
3957,756,6,silent_wrong_output,integrity_check_abort
3958,578,2,silent_wrong_output,integrity_check_abort
3962,272,4,silent_wrong_output,integrity_check_abort
3965,204,7,silent_wrong_output,integrity_check_abort
3967,665,7,silent_wrong_output,integrity_check_abort
3968,622,2,silent_wrong_output,integrity_check_abort
3970,507,3,silent_wrong_output,integrity_check_abort
3971,509,5,silent_wrong_output,integrity_check_abort
3973,36,5,silent_wrong_output,integrity_check_abort
3974,545,0,silent_wrong_output,integrity_check_abort
3975,279,6,silent_wrong_output,integrity_check_abort
3976,251,3,silent_wrong_output,integrity_check_abort
3978,324,5,silent_wrong_output,integrity_check_abort
3983,250,2,silent_wrong_output,integrity_check_abort
3986,5,4,silent_wrong_output,integrity_check_abort
3988,363,1,silent_wrong_output,integrity_check_abort
3989,260,0,silent_wrong_output,integrity_check_abort
3993,576,6,silent_wrong_output,integrity_check_abort
3996,722,6,silent_wrong_output,integrity_check_abort
4000,685,7,silent_wrong_output,integrity_check_abort
4001,471,4,silent_wrong_output,integrity_check_abort
4003,765,1,silent_wrong_output,integrity_check_abort
4006,199,5,silent_wrong_output,integrity_check_abort
4007,497,6,silent_wrong_output,integrity_check_abort
4008,629,4,silent_wrong_output,integrity_check_abort
4009,136,3,silent_wrong_output,integrity_check_abort
4010,587,2,silent_wrong_output,integrity_check_abort
4011,207,6,silent_wrong_output,integrity_check_abort
4013,485,2,silent_wrong_output,integrity_check_abort
4014,157,6,silent_wrong_output,integrity_check_abort
4016,92,4,silent_wrong_output,integrity_check_abort
4017,91,2,silent_wrong_output,integrity_check_abort
4018,218,6,silent_wrong_output,integrity_check_abort
4020,618,5,silent_wrong_output,integrity_check_abort
4023,736,7,silent_wrong_output,integrity_check_abort
4026,475,2,silent_wrong_output,integrity_check_abort
4027,151,2,silent_wrong_output,integrity_check_abort
4028,597,6,silent_wrong_output,integrity_check_abort
4030,648,3,silent_wrong_output,integrity_check_abort
4032,432,7,silent_wrong_output,integrity_check_abort
4034,122,3,silent_wrong_output,integrity_check_abort
4035,705,5,silent_wrong_output,integrity_check_abort
4036,16,2,silent_wrong_output,integrity_check_abort
4038,251,0,silent_wrong_output,integrity_check_abort
4039,521,4,silent_wrong_output,integrity_check_abort
4040,573,2,silent_wrong_output,integrity_check_abort
4041,731,2,silent_wrong_output,integrity_check_abort
4042,279,3,silent_wrong_output,integrity_check_abort
4043,300,3,silent_wrong_output,integrity_check_abort
4044,625,7,silent_wrong_output,integrity_check_abort
4047,709,2,silent_wrong_output,integrity_check_abort
4049,551,3,silent_wrong_output,integrity_check_abort
4051,747,3,silent_wrong_output,integrity_check_abort
4052,642,5,silent_wrong_output,integrity_check_abort
4054,392,5,silent_wrong_output,integrity_check_abort
4056,119,3,silent_wrong_output,integrity_check_abort
4058,181,7,silent_wrong_output,integrity_check_abort
4060,544,5,silent_wrong_output,integrity_check_abort
4062,115,7,silent_wrong_output,integrity_check_abort
4064,186,4,silent_wrong_output,integrity_check_abort
4067,220,3,silent_wrong_output,integrity_check_abort
4068,166,0,silent_wrong_output,integrity_check_abort
4071,32,7,silent_wrong_output,integrity_check_abort
4072,653,1,silent_wrong_output,integrity_check_abort
4075,64,3,silent_wrong_output,integrity_check_abort
4076,16,7,silent_wrong_output,integrity_check_abort
4080,240,3,silent_wrong_output,integrity_check_abort
4088,307,4,silent_wrong_output,integrity_check_abort
4089,410,2,silent_wrong_output,integrity_check_abort
4090,350,0,silent_wrong_output,integrity_check_abort
4092,399,0,silent_wrong_output,integrity_check_abort
4093,474,5,silent_wrong_output,integrity_check_abort
4096,725,7,silent_wrong_output,integrity_check_abort
4097,78,4,silent_wrong_output,integrity_check_abort
4098,676,0,silent_wrong_output,integrity_check_abort
4099,218,5,silent_wrong_output,integrity_check_abort
4100,257,7,silent_wrong_output,integrity_check_abort
4102,765,4,silent_wrong_output,integrity_check_abort
4105,150,2,silent_wrong_output,integrity_check_abort
4107,128,3,silent_wrong_output,integrity_check_abort
4108,154,6,silent_wrong_output,integrity_check_abort
4111,272,6,silent_wrong_output,integrity_check_abort
4112,187,3,silent_wrong_output,integrity_check_abort
4113,285,3,silent_wrong_output,integrity_check_abort
4117,481,6,silent_wrong_output,integrity_check_abort
4118,535,5,silent_wrong_output,integrity_check_abort
4120,363,4,silent_wrong_output,integrity_check_abort
4121,298,1,silent_wrong_output,integrity_check_abort
4122,73,7,silent_wrong_output,integrity_check_abort
4123,664,1,silent_wrong_output,integrity_check_abort
4124,617,2,silent_wrong_output,integrity_check_abort
4125,497,6,silent_wrong_output,integrity_check_abort
4127,198,3,silent_wrong_output,integrity_check_abort
4128,703,2,silent_wrong_output,integrity_check_abort
4130,535,4,silent_wrong_output,integrity_check_abort
4131,388,3,silent_wrong_output,integrity_check_abort
4133,367,0,silent_wrong_output,integrity_check_abort
4134,612,7,silent_wrong_output,integrity_check_abort
4135,673,3,silent_wrong_output,integrity_check_abort
4137,583,4,silent_wrong_output,integrity_check_abort
4138,647,4,silent_wrong_output,integrity_check_abort
4139,638,7,silent_wrong_output,integrity_check_abort
4141,545,6,silent_wrong_output,integrity_check_abort
4142,737,5,silent_wrong_output,integrity_check_abort
4144,649,5,silent_wrong_output,integrity_check_abort
4150,595,6,silent_wrong_output,integrity_check_abort
4151,7,2,silent_wrong_output,integrity_check_abort
4154,314,7,silent_wrong_output,integrity_check_abort
4156,465,5,silent_wrong_output,integrity_check_abort
4157,91,1,silent_wrong_output,integrity_check_abort
4158,58,1,silent_wrong_output,integrity_check_abort
4160,470,4,silent_wrong_output,integrity_check_abort
4162,247,1,silent_wrong_output,integrity_check_abort
4163,212,7,silent_wrong_output,integrity_check_abort
4164,247,2,silent_wrong_output,integrity_check_abort
4166,277,7,silent_wrong_output,integrity_check_abort
4173,88,5,silent_wrong_output,integrity_check_abort
4176,694,2,silent_wrong_output,integrity_check_abort
4179,490,5,silent_wrong_output,integrity_check_abort
4180,100,6,silent_wrong_output,integrity_check_abort
4181,580,6,silent_wrong_output,integrity_check_abort
4183,697,6,silent_wrong_output,integrity_check_abort
4184,477,1,silent_wrong_output,integrity_check_abort
4185,45,3,silent_wrong_output,integrity_check_abort
4187,626,1,silent_wrong_output,integrity_check_abort
4188,134,5,silent_wrong_output,integrity_check_abort
4191,537,7,silent_wrong_output,integrity_check_abort
4193,436,3,silent_wrong_output,integrity_check_abort
4195,464,1,silent_wrong_output,integrity_check_abort
4196,374,6,silent_wrong_output,integrity_check_abort
4201,672,7,silent_wrong_output,integrity_check_abort
4203,81,5,silent_wrong_output,integrity_check_abort
4204,170,5,silent_wrong_output,integrity_check_abort
4208,171,2,silent_wrong_output,integrity_check_abort
4209,27,6,silent_wrong_output,integrity_check_abort
4211,191,2,silent_wrong_output,integrity_check_abort
4214,527,0,silent_wrong_output,integrity_check_abort
4215,65,1,silent_wrong_output,integrity_check_abort
4216,237,3,silent_wrong_output,integrity_check_abort
4219,478,3,silent_wrong_output,integrity_check_abort
4221,741,0,silent_wrong_output,integrity_check_abort
4224,156,2,silent_wrong_output,integrity_check_abort
4225,492,6,silent_wrong_output,integrity_check_abort
4226,370,7,silent_wrong_output,integrity_check_abort
4228,689,6,silent_wrong_output,integrity_check_abort
4230,0,3,silent_wrong_output,integrity_check_abort
4232,19,6,silent_wrong_output,integrity_check_abort
4234,220,6,silent_wrong_output,integrity_check_abort
4236,681,3,silent_wrong_output,integrity_check_abort
4244,675,2,silent_wrong_output,integrity_check_abort
4245,533,7,silent_wrong_output,integrity_check_abort
4246,742,7,silent_wrong_output,integrity_check_abort
4247,661,2,silent_wrong_output,integrity_check_abort
4251,277,0,silent_wrong_output,integrity_check_abort
4253,111,4,silent_wrong_output,integrity_check_abort
4254,50,1,silent_wrong_output,integrity_check_abort
4255,653,2,silent_wrong_output,integrity_check_abort
4257,454,1,silent_wrong_output,integrity_check_abort
4258,187,5,silent_wrong_output,integrity_check_abort
4259,337,0,silent_wrong_output,integrity_check_abort
4261,254,7,silent_wrong_output,integrity_check_abort
4264,72,6,silent_wrong_output,integrity_check_abort
4266,683,4,silent_wrong_output,integrity_check_abort
4272,175,4,silent_wrong_output,integrity_check_abort
4274,367,0,silent_wrong_output,integrity_check_abort
4275,529,3,silent_wrong_output,integrity_check_abort
4279,512,6,silent_wrong_output,integrity_check_abort
4280,293,0,silent_wrong_output,integrity_check_abort
4281,198,7,silent_wrong_output,integrity_check_abort
4282,300,2,silent_wrong_output,integrity_check_abort
4283,584,0,silent_wrong_output,integrity_check_abort
4288,518,1,silent_wrong_output,integrity_check_abort
4290,378,4,silent_wrong_output,integrity_check_abort
4293,368,5,silent_wrong_output,integrity_check_abort
4296,522,0,silent_wrong_output,integrity_check_abort
4297,139,5,silent_wrong_output,integrity_check_abort
4299,93,5,silent_wrong_output,integrity_check_abort
4300,132,0,silent_wrong_output,integrity_check_abort
4302,660,2,silent_wrong_output,integrity_check_abort
4303,252,0,silent_wrong_output,integrity_check_abort
4304,170,1,silent_wrong_output,integrity_check_abort
4306,111,3,silent_wrong_output,integrity_check_abort
4307,161,2,silent_wrong_output,integrity_check_abort
4308,642,3,silent_wrong_output,integrity_check_abort
4310,44,6,silent_wrong_output,integrity_check_abort
4311,363,4,silent_wrong_output,integrity_check_abort
4312,482,3,silent_wrong_output,integrity_check_abort
4316,674,6,silent_wrong_output,integrity_check_abort
4318,297,4,silent_wrong_output,integrity_check_abort
4320,351,1,silent_wrong_output,integrity_check_abort
4321,369,6,silent_wrong_output,integrity_check_abort
4323,633,6,silent_wrong_output,integrity_check_abort
4324,2,3,silent_wrong_output,integrity_check_abort
4325,191,7,silent_wrong_output,integrity_check_abort
4326,661,2,silent_wrong_output,integrity_check_abort
4327,74,5,silent_wrong_output,integrity_check_abort
4329,102,1,silent_wrong_output,integrity_check_abort
4332,705,0,silent_wrong_output,integrity_check_abort
4335,630,4,silent_wrong_output,integrity_check_abort
4337,70,7,silent_wrong_output,integrity_check_abort
4338,298,5,silent_wrong_output,integrity_check_abort
4339,614,2,silent_wrong_output,integrity_check_abort
4342,213,1,silent_wrong_output,integrity_check_abort
4344,154,5,silent_wrong_output,integrity_check_abort
4345,36,1,silent_wrong_output,integrity_check_abort
4346,575,6,silent_wrong_output,integrity_check_abort
4347,755,5,silent_wrong_output,integrity_check_abort
4352,489,2,silent_wrong_output,integrity_check_abort
4354,355,2,silent_wrong_output,integrity_check_abort
4355,629,3,silent_wrong_output,integrity_check_abort
4357,137,2,silent_wrong_output,integrity_check_abort
4360,361,1,silent_wrong_output,integrity_check_abort
4363,592,1,silent_wrong_output,integrity_check_abort
4365,224,2,silent_wrong_output,integrity_check_abort
4366,668,2,silent_wrong_output,integrity_check_abort
4369,296,5,silent_wrong_output,integrity_check_abort
4373,32,7,silent_wrong_output,integrity_check_abort
4374,240,6,silent_wrong_output,integrity_check_abort
4378,316,0,silent_wrong_output,integrity_check_abort
4379,274,5,silent_wrong_output,integrity_check_abort
4380,35,4,silent_wrong_output,integrity_check_abort
4381,474,6,silent_wrong_output,integrity_check_abort
4382,222,0,silent_wrong_output,integrity_check_abort
4387,154,3,silent_wrong_output,integrity_check_abort
4388,376,2,silent_wrong_output,integrity_check_abort
4389,122,3,silent_wrong_output,integrity_check_abort
4390,174,1,silent_wrong_output,integrity_check_abort
4391,132,5,silent_wrong_output,integrity_check_abort
4393,638,3,silent_wrong_output,integrity_check_abort
4397,16,1,silent_wrong_output,integrity_check_abort
4398,410,7,silent_wrong_output,integrity_check_abort
4401,632,3,silent_wrong_output,integrity_check_abort
4402,367,1,silent_wrong_output,integrity_check_abort
4404,356,0,silent_wrong_output,integrity_check_abort
4405,339,6,silent_wrong_output,integrity_check_abort
4406,559,3,silent_wrong_output,integrity_check_abort
4415,387,2,silent_wrong_output,integrity_check_abort
4417,471,0,silent_wrong_output,integrity_check_abort
4418,29,6,silent_wrong_output,integrity_check_abort
4419,254,5,silent_wrong_output,integrity_check_abort
4421,91,7,silent_wrong_output,integrity_check_abort
4422,400,4,silent_wrong_output,integrity_check_abort
4424,322,5,silent_wrong_output,integrity_check_abort
4427,693,4,silent_wrong_output,integrity_check_abort
4430,488,3,silent_wrong_output,integrity_check_abort
4434,78,6,silent_wrong_output,integrity_check_abort
4437,134,6,silent_wrong_output,integrity_check_abort
4439,624,2,silent_wrong_output,integrity_check_abort
4440,766,0,silent_wrong_output,integrity_check_abort
4443,213,1,silent_wrong_output,integrity_check_abort
4444,649,0,silent_wrong_output,integrity_check_abort
4446,764,6,silent_wrong_output,integrity_check_abort
4447,727,0,silent_wrong_output,integrity_check_abort
4448,700,5,silent_wrong_output,integrity_check_abort
4449,616,7,silent_wrong_output,integrity_check_abort
4450,460,0,silent_wrong_output,integrity_check_abort
4452,208,4,silent_wrong_output,integrity_check_abort
4458,18,3,silent_wrong_output,integrity_check_abort
4459,236,6,silent_wrong_output,integrity_check_abort
4460,267,5,silent_wrong_output,integrity_check_abort
4464,674,6,silent_wrong_output,integrity_check_abort
4466,606,4,silent_wrong_output,integrity_check_abort
4470,91,1,silent_wrong_output,integrity_check_abort
4472,377,6,silent_wrong_output,integrity_check_abort
4476,546,7,silent_wrong_output,integrity_check_abort
4478,766,1,silent_wrong_output,integrity_check_abort
4479,408,4,silent_wrong_output,integrity_check_abort
4481,270,6,silent_wrong_output,integrity_check_abort
4482,736,6,silent_wrong_output,integrity_check_abort
4483,234,6,silent_wrong_output,integrity_check_abort
4484,448,0,silent_wrong_output,integrity_check_abort
4488,421,7,silent_wrong_output,integrity_check_abort
4490,191,3,silent_wrong_output,integrity_check_abort
4491,77,5,silent_wrong_output,integrity_check_abort
4503,680,4,silent_wrong_output,integrity_check_abort
4505,641,5,silent_wrong_output,integrity_check_abort
4506,661,5,silent_wrong_output,integrity_check_abort
4507,126,2,silent_wrong_output,integrity_check_abort
4508,356,2,silent_wrong_output,integrity_check_abort
4509,212,3,silent_wrong_output,integrity_check_abort
4510,148,3,silent_wrong_output,integrity_check_abort
4511,565,3,silent_wrong_output,integrity_check_abort
4516,108,4,silent_wrong_output,integrity_check_abort
4521,396,3,silent_wrong_output,integrity_check_abort
4525,400,2,silent_wrong_output,integrity_check_abort
4526,536,7,silent_wrong_output,integrity_check_abort
4527,328,5,silent_wrong_output,integrity_check_abort
4530,194,0,silent_wrong_output,integrity_check_abort
4531,140,0,silent_wrong_output,integrity_check_abort
4532,454,6,silent_wrong_output,integrity_check_abort
4536,70,6,silent_wrong_output,integrity_check_abort
4537,150,1,silent_wrong_output,integrity_check_abort
4543,406,6,silent_wrong_output,integrity_check_abort
4546,599,4,silent_wrong_output,integrity_check_abort
4547,710,2,silent_wrong_output,integrity_check_abort
4554,172,0,silent_wrong_output,integrity_check_abort
4556,327,0,silent_wrong_output,integrity_check_abort
4559,592,2,silent_wrong_output,integrity_check_abort
4563,243,6,silent_wrong_output,integrity_check_abort
4564,44,0,silent_wrong_output,integrity_check_abort
4565,750,6,silent_wrong_output,integrity_check_abort
4566,655,0,silent_wrong_output,integrity_check_abort
4567,765,7,silent_wrong_output,integrity_check_abort
4568,427,1,silent_wrong_output,integrity_check_abort
4569,558,0,silent_wrong_output,integrity_check_abort
4572,382,3,silent_wrong_output,integrity_check_abort
4573,532,1,silent_wrong_output,integrity_check_abort
4576,503,3,silent_wrong_output,integrity_check_abort
4581,230,7,silent_wrong_output,integrity_check_abort
4583,378,0,silent_wrong_output,integrity_check_abort
4584,15,4,silent_wrong_output,integrity_check_abort
4585,699,0,silent_wrong_output,integrity_check_abort
4586,265,3,silent_wrong_output,integrity_check_abort
4589,598,1,silent_wrong_output,integrity_check_abort
4590,206,2,silent_wrong_output,integrity_check_abort
4591,171,1,silent_wrong_output,integrity_check_abort
4592,376,0,silent_wrong_output,integrity_check_abort
4593,337,7,silent_wrong_output,integrity_check_abort
4594,638,4,silent_wrong_output,integrity_check_abort
4596,648,6,silent_wrong_output,integrity_check_abort
4597,158,4,silent_wrong_output,integrity_check_abort
4599,291,3,silent_wrong_output,integrity_check_abort
4600,151,0,silent_wrong_output,integrity_check_abort
4601,447,2,silent_wrong_output,integrity_check_abort
4603,222,3,silent_wrong_output,integrity_check_abort
4607,708,6,silent_wrong_output,integrity_check_abort
4610,33,6,silent_wrong_output,integrity_check_abort
4620,516,5,silent_wrong_output,integrity_check_abort
4621,730,4,silent_wrong_output,integrity_check_abort
4622,427,6,silent_wrong_output,integrity_check_abort
4623,447,1,silent_wrong_output,integrity_check_abort
4624,144,6,silent_wrong_output,integrity_check_abort
4625,574,2,silent_wrong_output,integrity_check_abort
4626,394,3,silent_wrong_output,integrity_check_abort
4627,472,0,silent_wrong_output,integrity_check_abort
4628,155,2,silent_wrong_output,integrity_check_abort
4629,167,1,silent_wrong_output,integrity_check_abort
4631,595,6,silent_wrong_output,integrity_check_abort
4636,461,5,silent_wrong_output,integrity_check_abort
4637,280,3,silent_wrong_output,integrity_check_abort
4641,610,4,silent_wrong_output,integrity_check_abort
4642,523,1,silent_wrong_output,integrity_check_abort
4643,256,5,silent_wrong_output,integrity_check_abort
4645,338,2,silent_wrong_output,integrity_check_abort
4646,676,5,silent_wrong_output,integrity_check_abort
4649,654,2,silent_wrong_output,integrity_check_abort
4650,382,1,silent_wrong_output,integrity_check_abort
4653,349,7,silent_wrong_output,integrity_check_abort
4655,297,3,silent_wrong_output,integrity_check_abort
4657,304,3,silent_wrong_output,integrity_check_abort
4659,290,0,silent_wrong_output,integrity_check_abort
4665,11,3,silent_wrong_output,integrity_check_abort
4667,438,2,silent_wrong_output,integrity_check_abort
4668,520,3,silent_wrong_output,integrity_check_abort
4669,151,1,silent_wrong_output,integrity_check_abort
4671,251,7,silent_wrong_output,integrity_check_abort
4672,302,4,silent_wrong_output,integrity_check_abort
4673,498,4,silent_wrong_output,integrity_check_abort
4675,182,4,silent_wrong_output,integrity_check_abort
4677,146,0,silent_wrong_output,integrity_check_abort
4679,236,1,silent_wrong_output,integrity_check_abort
4681,460,1,silent_wrong_output,integrity_check_abort
4683,432,0,silent_wrong_output,integrity_check_abort
4684,185,5,silent_wrong_output,integrity_check_abort
4685,90,1,silent_wrong_output,integrity_check_abort
4686,443,0,silent_wrong_output,integrity_check_abort
4687,116,6,silent_wrong_output,integrity_check_abort
4688,665,2,silent_wrong_output,integrity_check_abort
4693,358,6,silent_wrong_output,integrity_check_abort
4694,207,7,silent_wrong_output,integrity_check_abort
4695,56,1,silent_wrong_output,integrity_check_abort
4696,234,5,silent_wrong_output,integrity_check_abort
4699,665,2,silent_wrong_output,integrity_check_abort
4701,240,0,silent_wrong_output,integrity_check_abort
4704,657,6,silent_wrong_output,integrity_check_abort
4705,503,4,silent_wrong_output,integrity_check_abort
4706,295,1,silent_wrong_output,integrity_check_abort
4707,107,4,silent_wrong_output,integrity_check_abort
4709,623,2,silent_wrong_output,integrity_check_abort
4711,102,1,silent_wrong_output,integrity_check_abort
4713,461,5,silent_wrong_output,integrity_check_abort
4714,58,4,silent_wrong_output,integrity_check_abort
4715,354,7,silent_wrong_output,integrity_check_abort
4716,197,5,silent_wrong_output,integrity_check_abort
4717,444,3,silent_wrong_output,integrity_check_abort
4718,189,4,silent_wrong_output,integrity_check_abort
4720,622,7,silent_wrong_output,integrity_check_abort
4721,533,3,silent_wrong_output,integrity_check_abort
4723,460,2,silent_wrong_output,integrity_check_abort
4726,35,0,silent_wrong_output,integrity_check_abort
4728,344,6,silent_wrong_output,integrity_check_abort
4729,323,6,silent_wrong_output,integrity_check_abort
4730,646,3,silent_wrong_output,integrity_check_abort
4732,180,7,silent_wrong_output,integrity_check_abort
4734,580,1,silent_wrong_output,integrity_check_abort
4735,519,1,silent_wrong_output,integrity_check_abort
4737,198,5,silent_wrong_output,integrity_check_abort
4738,566,5,silent_wrong_output,integrity_check_abort
4739,600,0,silent_wrong_output,integrity_check_abort
4741,762,5,silent_wrong_output,integrity_check_abort
4743,579,1,silent_wrong_output,integrity_check_abort
4750,655,0,silent_wrong_output,integrity_check_abort
4751,634,4,silent_wrong_output,integrity_check_abort
4753,513,5,silent_wrong_output,integrity_check_abort
4754,409,2,silent_wrong_output,integrity_check_abort
4755,297,5,silent_wrong_output,integrity_check_abort
4756,74,3,silent_wrong_output,integrity_check_abort
4757,526,0,silent_wrong_output,integrity_check_abort
4759,104,6,silent_wrong_output,integrity_check_abort
4760,364,6,silent_wrong_output,integrity_check_abort
4761,511,1,silent_wrong_output,integrity_check_abort
4763,663,3,silent_wrong_output,integrity_check_abort
4764,672,7,silent_wrong_output,integrity_check_abort
4765,529,7,silent_wrong_output,integrity_check_abort
4768,604,6,silent_wrong_output,integrity_check_abort
4770,353,4,silent_wrong_output,integrity_check_abort
4771,607,6,silent_wrong_output,integrity_check_abort
4772,597,3,silent_wrong_output,integrity_check_abort
4773,700,6,silent_wrong_output,integrity_check_abort
4774,269,1,silent_wrong_output,integrity_check_abort
4777,424,0,silent_wrong_output,integrity_check_abort
4784,629,1,silent_wrong_output,integrity_check_abort
4785,585,7,silent_wrong_output,integrity_check_abort
4786,537,7,silent_wrong_output,integrity_check_abort
4787,308,0,silent_wrong_output,integrity_check_abort
4792,391,4,silent_wrong_output,integrity_check_abort
4793,315,5,silent_wrong_output,integrity_check_abort
4796,332,3,silent_wrong_output,integrity_check_abort
4800,447,6,silent_wrong_output,integrity_check_abort
4802,268,7,silent_wrong_output,integrity_check_abort
4806,387,3,silent_wrong_output,integrity_check_abort
4807,495,6,silent_wrong_output,integrity_check_abort
4813,163,3,silent_wrong_output,integrity_check_abort
4815,191,6,silent_wrong_output,integrity_check_abort
4816,145,2,silent_wrong_output,integrity_check_abort
4820,152,5,silent_wrong_output,integrity_check_abort
4821,516,3,silent_wrong_output,integrity_check_abort
4823,68,3,silent_wrong_output,integrity_check_abort
4824,113,0,silent_wrong_output,integrity_check_abort
4825,174,2,silent_wrong_output,integrity_check_abort
4827,473,2,silent_wrong_output,integrity_check_abort
4830,672,1,silent_wrong_output,integrity_check_abort
4832,33,0,silent_wrong_output,integrity_check_abort
4833,413,7,silent_wrong_output,integrity_check_abort
4835,131,6,silent_wrong_output,integrity_check_abort
4836,7,5,silent_wrong_output,integrity_check_abort
4837,14,5,silent_wrong_output,integrity_check_abort
4838,346,2,silent_wrong_output,integrity_check_abort
4840,509,2,silent_wrong_output,integrity_check_abort
4845,52,6,silent_wrong_output,integrity_check_abort
4847,25,2,silent_wrong_output,integrity_check_abort
4849,373,1,silent_wrong_output,integrity_check_abort
4850,366,4,silent_wrong_output,integrity_check_abort
4851,175,6,silent_wrong_output,integrity_check_abort
4852,323,6,silent_wrong_output,integrity_check_abort
4853,706,3,silent_wrong_output,integrity_check_abort
4854,269,0,silent_wrong_output,integrity_check_abort
4855,469,5,silent_wrong_output,integrity_check_abort
4859,547,1,silent_wrong_output,integrity_check_abort
4860,674,1,silent_wrong_output,integrity_check_abort
4863,181,3,silent_wrong_output,integrity_check_abort
4865,594,1,silent_wrong_output,integrity_check_abort
4867,479,4,silent_wrong_output,integrity_check_abort
4869,163,4,silent_wrong_output,integrity_check_abort
4872,413,6,silent_wrong_output,integrity_check_abort
4879,24,5,silent_wrong_output,integrity_check_abort
4885,217,3,silent_wrong_output,integrity_check_abort
4886,101,4,silent_wrong_output,integrity_check_abort
4888,744,6,silent_wrong_output,integrity_check_abort
4890,313,4,silent_wrong_output,integrity_check_abort
4891,240,6,silent_wrong_output,integrity_check_abort
4892,615,2,silent_wrong_output,integrity_check_abort
4893,489,3,silent_wrong_output,integrity_check_abort
4898,527,0,silent_wrong_output,integrity_check_abort
4899,377,0,silent_wrong_output,integrity_check_abort
4900,356,4,silent_wrong_output,integrity_check_abort
4902,494,5,silent_wrong_output,integrity_check_abort
4903,751,0,silent_wrong_output,integrity_check_abort
4905,260,7,silent_wrong_output,integrity_check_abort
4906,558,5,silent_wrong_output,integrity_check_abort
4911,490,4,silent_wrong_output,integrity_check_abort
4912,250,3,silent_wrong_output,integrity_check_abort
4916,561,7,silent_wrong_output,integrity_check_abort
4919,644,3,silent_wrong_output,integrity_check_abort
4921,7,0,silent_wrong_output,integrity_check_abort
4923,617,2,silent_wrong_output,integrity_check_abort
4925,455,3,silent_wrong_output,integrity_check_abort
4926,16,6,silent_wrong_output,integrity_check_abort
4928,442,4,silent_wrong_output,integrity_check_abort
4929,404,3,silent_wrong_output,integrity_check_abort
4931,5,2,silent_wrong_output,integrity_check_abort
4932,273,0,silent_wrong_output,integrity_check_abort
4936,480,3,silent_wrong_output,integrity_check_abort
4938,734,5,silent_wrong_output,integrity_check_abort
4942,296,3,silent_wrong_output,integrity_check_abort
4943,653,0,silent_wrong_output,integrity_check_abort
4945,526,6,silent_wrong_output,integrity_check_abort
4946,238,1,silent_wrong_output,integrity_check_abort
4949,764,6,silent_wrong_output,integrity_check_abort
4950,203,5,silent_wrong_output,integrity_check_abort
4953,184,5,silent_wrong_output,integrity_check_abort
4956,251,5,silent_wrong_output,integrity_check_abort
4959,577,6,silent_wrong_output,integrity_check_abort
4962,163,0,silent_wrong_output,integrity_check_abort
4966,64,5,silent_wrong_output,integrity_check_abort
4968,511,7,silent_wrong_output,integrity_check_abort
4970,94,5,silent_wrong_output,integrity_check_abort
4976,608,5,silent_wrong_output,integrity_check_abort
4977,535,1,silent_wrong_output,integrity_check_abort
4981,519,0,silent_wrong_output,integrity_check_abort
4982,36,7,silent_wrong_output,integrity_check_abort
4984,180,7,silent_wrong_output,integrity_check_abort
4985,464,2,silent_wrong_output,integrity_check_abort
4986,11,4,silent_wrong_output,integrity_check_abort
4987,265,0,silent_wrong_output,integrity_check_abort
4993,89,6,silent_wrong_output,integrity_check_abort
4996,261,4,silent_wrong_output,integrity_check_abort
5000,369,2,silent_wrong_output,integrity_check_abort
5001,430,6,silent_wrong_output,integrity_check_abort
5002,734,6,silent_wrong_output,integrity_check_abort
5003,230,1,silent_wrong_output,integrity_check_abort
5004,515,3,silent_wrong_output,integrity_check_abort
5005,212,4,silent_wrong_output,integrity_check_abort
5009,312,5,silent_wrong_output,integrity_check_abort
5010,556,0,silent_wrong_output,integrity_check_abort
5015,6,0,silent_wrong_output,integrity_check_abort
5017,260,6,silent_wrong_output,integrity_check_abort
5018,178,3,silent_wrong_output,integrity_check_abort
5027,66,3,silent_wrong_output,integrity_check_abort
5029,77,3,silent_wrong_output,integrity_check_abort
5030,548,0,silent_wrong_output,integrity_check_abort
5031,481,7,silent_wrong_output,integrity_check_abort
5033,93,7,silent_wrong_output,integrity_check_abort
5034,529,1,silent_wrong_output,integrity_check_abort
5039,363,4,silent_wrong_output,integrity_check_abort
5040,215,5,silent_wrong_output,integrity_check_abort
5041,58,1,silent_wrong_output,integrity_check_abort
5042,42,5,silent_wrong_output,integrity_check_abort
5044,613,6,silent_wrong_output,integrity_check_abort
5045,197,1,silent_wrong_output,integrity_check_abort
5046,714,4,silent_wrong_output,integrity_check_abort
5047,668,5,silent_wrong_output,integrity_check_abort
5048,159,6,silent_wrong_output,integrity_check_abort
5049,574,1,silent_wrong_output,integrity_check_abort
5051,79,2,silent_wrong_output,integrity_check_abort
5055,753,6,silent_wrong_output,integrity_check_abort
5056,360,3,silent_wrong_output,integrity_check_abort
5057,583,1,silent_wrong_output,integrity_check_abort
5058,119,4,silent_wrong_output,integrity_check_abort
5060,219,2,silent_wrong_output,integrity_check_abort
5061,89,7,silent_wrong_output,integrity_check_abort
5068,4,3,silent_wrong_output,integrity_check_abort
5070,551,3,silent_wrong_output,integrity_check_abort
5073,296,0,silent_wrong_output,integrity_check_abort
5078,210,7,silent_wrong_output,integrity_check_abort
5080,609,2,silent_wrong_output,integrity_check_abort
5084,198,7,silent_wrong_output,integrity_check_abort
5085,613,0,silent_wrong_output,integrity_check_abort
5087,46,0,silent_wrong_output,integrity_check_abort
5088,678,4,silent_wrong_output,integrity_check_abort
5089,31,1,silent_wrong_output,integrity_check_abort
5090,469,2,silent_wrong_output,integrity_check_abort
5091,688,3,silent_wrong_output,integrity_check_abort
5092,493,2,silent_wrong_output,integrity_check_abort
5098,510,7,silent_wrong_output,integrity_check_abort
5099,478,5,silent_wrong_output,integrity_check_abort
5101,113,7,silent_wrong_output,integrity_check_abort
5103,23,6,silent_wrong_output,integrity_check_abort
5107,457,3,silent_wrong_output,integrity_check_abort
5108,669,5,silent_wrong_output,integrity_check_abort
5109,468,5,silent_wrong_output,integrity_check_abort
5111,81,5,silent_wrong_output,integrity_check_abort
5112,79,6,silent_wrong_output,integrity_check_abort
5113,195,1,silent_wrong_output,integrity_check_abort
5114,567,5,silent_wrong_output,integrity_check_abort
5121,308,5,silent_wrong_output,integrity_check_abort
5122,594,1,silent_wrong_output,integrity_check_abort
5125,19,5,silent_wrong_output,integrity_check_abort
5126,389,3,silent_wrong_output,integrity_check_abort
5127,263,5,silent_wrong_output,integrity_check_abort
5130,392,7,silent_wrong_output,integrity_check_abort
5132,204,3,silent_wrong_output,integrity_check_abort
5133,39,7,silent_wrong_output,integrity_check_abort
5135,236,2,silent_wrong_output,integrity_check_abort
5139,637,1,silent_wrong_output,integrity_check_abort
5141,750,7,silent_wrong_output,integrity_check_abort
5144,512,4,silent_wrong_output,integrity_check_abort
5148,541,3,silent_wrong_output,integrity_check_abort
5149,174,4,silent_wrong_output,integrity_check_abort
5151,126,1,silent_wrong_output,integrity_check_abort
5152,163,5,silent_wrong_output,integrity_check_abort
5154,355,1,silent_wrong_output,integrity_check_abort
5156,597,1,silent_wrong_output,integrity_check_abort
5157,658,0,silent_wrong_output,integrity_check_abort
5160,680,5,silent_wrong_output,integrity_check_abort
5161,685,1,silent_wrong_output,integrity_check_abort
5162,105,1,silent_wrong_output,integrity_check_abort
5163,160,2,silent_wrong_output,integrity_check_abort
5169,290,3,silent_wrong_output,integrity_check_abort
5171,290,2,silent_wrong_output,integrity_check_abort
5172,465,6,silent_wrong_output,integrity_check_abort
5175,608,2,silent_wrong_output,integrity_check_abort
5177,420,1,silent_wrong_output,integrity_check_abort
5178,733,7,silent_wrong_output,integrity_check_abort
5179,588,3,silent_wrong_output,integrity_check_abort
5180,142,1,silent_wrong_output,integrity_check_abort
5182,571,0,silent_wrong_output,integrity_check_abort
5183,156,7,silent_wrong_output,integrity_check_abort
5184,409,1,silent_wrong_output,integrity_check_abort
5186,611,4,silent_wrong_output,integrity_check_abort
5189,549,6,silent_wrong_output,integrity_check_abort
5190,586,0,silent_wrong_output,integrity_check_abort
5192,196,4,silent_wrong_output,integrity_check_abort
5193,9,6,silent_wrong_output,integrity_check_abort
5197,78,4,silent_wrong_output,integrity_check_abort
5198,86,2,silent_wrong_output,integrity_check_abort
5200,87,1,silent_wrong_output,integrity_check_abort
5201,615,3,silent_wrong_output,integrity_check_abort
5210,289,5,silent_wrong_output,integrity_check_abort
5211,197,5,silent_wrong_output,integrity_check_abort
5213,245,7,silent_wrong_output,integrity_check_abort
5214,301,3,silent_wrong_output,integrity_check_abort
5215,296,4,silent_wrong_output,integrity_check_abort
5216,478,7,silent_wrong_output,integrity_check_abort
5221,156,3,silent_wrong_output,integrity_check_abort
5222,376,3,silent_wrong_output,integrity_check_abort
5224,414,1,silent_wrong_output,integrity_check_abort
5226,107,2,silent_wrong_output,integrity_check_abort
5227,197,7,silent_wrong_output,integrity_check_abort
5229,241,3,silent_wrong_output,integrity_check_abort
5232,139,5,silent_wrong_output,integrity_check_abort
5233,464,5,silent_wrong_output,integrity_check_abort
5234,501,6,silent_wrong_output,integrity_check_abort
5235,699,5,silent_wrong_output,integrity_check_abort
5236,314,6,silent_wrong_output,integrity_check_abort
5238,206,2,silent_wrong_output,integrity_check_abort
5242,741,5,silent_wrong_output,integrity_check_abort
5244,467,1,silent_wrong_output,integrity_check_abort
5245,739,3,silent_wrong_output,integrity_check_abort
5247,510,2,silent_wrong_output,integrity_check_abort
5248,579,7,silent_wrong_output,integrity_check_abort
5251,447,7,silent_wrong_output,integrity_check_abort
5252,326,7,silent_wrong_output,integrity_check_abort
5254,500,3,silent_wrong_output,integrity_check_abort
5255,543,1,silent_wrong_output,integrity_check_abort
5259,64,0,silent_wrong_output,integrity_check_abort
5261,257,2,silent_wrong_output,integrity_check_abort
5262,541,5,silent_wrong_output,integrity_check_abort
5263,571,5,silent_wrong_output,integrity_check_abort
5265,737,2,silent_wrong_output,integrity_check_abort
5266,166,7,silent_wrong_output,integrity_check_abort
5269,254,7,silent_wrong_output,integrity_check_abort
5273,108,6,silent_wrong_output,integrity_check_abort
5274,547,6,silent_wrong_output,integrity_check_abort
5276,299,1,silent_wrong_output,integrity_check_abort
5278,743,3,silent_wrong_output,integrity_check_abort
5281,43,1,silent_wrong_output,integrity_check_abort
5284,622,1,silent_wrong_output,integrity_check_abort
5288,329,4,silent_wrong_output,integrity_check_abort
5290,688,1,silent_wrong_output,integrity_check_abort
5291,546,0,silent_wrong_output,integrity_check_abort
5293,424,3,silent_wrong_output,integrity_check_abort
5294,103,0,silent_wrong_output,integrity_check_abort
5295,705,3,silent_wrong_output,integrity_check_abort
5296,349,5,silent_wrong_output,integrity_check_abort
5299,601,2,silent_wrong_output,integrity_check_abort
5302,342,6,silent_wrong_output,integrity_check_abort
5304,446,4,silent_wrong_output,integrity_check_abort
5308,98,1,silent_wrong_output,integrity_check_abort
5309,175,7,silent_wrong_output,integrity_check_abort
5310,458,3,silent_wrong_output,integrity_check_abort
5311,569,6,silent_wrong_output,integrity_check_abort
5314,167,7,silent_wrong_output,integrity_check_abort
5315,304,2,silent_wrong_output,integrity_check_abort
5318,181,7,silent_wrong_output,integrity_check_abort
5320,472,0,silent_wrong_output,integrity_check_abort
5322,744,1,silent_wrong_output,integrity_check_abort
5324,304,6,silent_wrong_output,integrity_check_abort
5325,152,3,silent_wrong_output,integrity_check_abort
5326,339,0,silent_wrong_output,integrity_check_abort
5330,372,7,silent_wrong_output,integrity_check_abort
5333,755,1,silent_wrong_output,integrity_check_abort
5337,362,5,silent_wrong_output,integrity_check_abort
5338,25,6,silent_wrong_output,integrity_check_abort
5339,338,3,silent_wrong_output,integrity_check_abort
5340,332,4,silent_wrong_output,integrity_check_abort
5341,256,7,silent_wrong_output,integrity_check_abort
5342,67,3,silent_wrong_output,integrity_check_abort
5344,11,7,silent_wrong_output,integrity_check_abort
5346,697,5,silent_wrong_output,integrity_check_abort
5347,127,1,silent_wrong_output,integrity_check_abort
5348,243,6,silent_wrong_output,integrity_check_abort
5351,292,1,silent_wrong_output,integrity_check_abort
5353,56,3,silent_wrong_output,integrity_check_abort
5354,348,3,silent_wrong_output,integrity_check_abort
5355,235,7,silent_wrong_output,integrity_check_abort
5356,365,3,silent_wrong_output,integrity_check_abort
5357,50,2,silent_wrong_output,integrity_check_abort
5358,379,1,silent_wrong_output,integrity_check_abort
5359,649,6,silent_wrong_output,integrity_check_abort
5360,136,3,silent_wrong_output,integrity_check_abort
5363,192,7,silent_wrong_output,integrity_check_abort
5369,42,3,silent_wrong_output,integrity_check_abort
5372,38,1,silent_wrong_output,integrity_check_abort
5373,70,3,silent_wrong_output,integrity_check_abort
5374,581,3,silent_wrong_output,integrity_check_abort
5375,36,0,silent_wrong_output,integrity_check_abort
5377,212,3,silent_wrong_output,integrity_check_abort
5378,292,6,silent_wrong_output,integrity_check_abort
5380,421,7,silent_wrong_output,integrity_check_abort
5382,153,5,silent_wrong_output,integrity_check_abort
5383,134,1,silent_wrong_output,integrity_check_abort
5386,390,2,silent_wrong_output,integrity_check_abort
5390,24,2,silent_wrong_output,integrity_check_abort
5395,663,2,silent_wrong_output,integrity_check_abort
5396,632,5,silent_wrong_output,integrity_check_abort
5401,388,1,silent_wrong_output,integrity_check_abort
5402,684,0,silent_wrong_output,integrity_check_abort
5404,33,3,silent_wrong_output,integrity_check_abort
5405,169,2,silent_wrong_output,integrity_check_abort
5409,166,4,silent_wrong_output,integrity_check_abort
5411,604,3,silent_wrong_output,integrity_check_abort
5412,318,6,silent_wrong_output,integrity_check_abort
5414,223,3,silent_wrong_output,integrity_check_abort
5415,106,4,silent_wrong_output,integrity_check_abort
5417,618,5,silent_wrong_output,integrity_check_abort
5418,86,7,silent_wrong_output,integrity_check_abort
5419,110,2,silent_wrong_output,integrity_check_abort
5420,431,2,silent_wrong_output,integrity_check_abort
5422,755,3,silent_wrong_output,integrity_check_abort
5424,97,6,silent_wrong_output,integrity_check_abort
5425,440,3,silent_wrong_output,integrity_check_abort
5427,490,2,silent_wrong_output,integrity_check_abort
5430,654,6,silent_wrong_output,integrity_check_abort
5433,424,6,silent_wrong_output,integrity_check_abort
5438,549,3,silent_wrong_output,integrity_check_abort
5440,74,4,silent_wrong_output,integrity_check_abort
5442,147,7,silent_wrong_output,integrity_check_abort
5443,665,1,silent_wrong_output,integrity_check_abort
5447,669,3,silent_wrong_output,integrity_check_abort
5448,642,2,silent_wrong_output,integrity_check_abort
5451,467,3,silent_wrong_output,integrity_check_abort
5452,506,4,silent_wrong_output,integrity_check_abort
5454,638,5,silent_wrong_output,integrity_check_abort
5456,125,6,silent_wrong_output,integrity_check_abort
5457,540,1,silent_wrong_output,integrity_check_abort
5458,69,7,silent_wrong_output,integrity_check_abort
5459,288,3,silent_wrong_output,integrity_check_abort
5460,721,4,silent_wrong_output,integrity_check_abort
5464,497,2,silent_wrong_output,integrity_check_abort
5466,240,5,silent_wrong_output,integrity_check_abort
5468,84,0,silent_wrong_output,integrity_check_abort
5471,395,2,silent_wrong_output,integrity_check_abort
5473,382,0,silent_wrong_output,integrity_check_abort
5474,408,0,silent_wrong_output,integrity_check_abort
5475,679,3,silent_wrong_output,integrity_check_abort
5478,172,0,silent_wrong_output,integrity_check_abort
5481,247,2,silent_wrong_output,integrity_check_abort
5482,595,7,silent_wrong_output,integrity_check_abort
5485,391,2,silent_wrong_output,integrity_check_abort
5487,606,4,silent_wrong_output,integrity_check_abort
5488,45,3,silent_wrong_output,integrity_check_abort
5489,529,0,silent_wrong_output,integrity_check_abort
5492,732,0,silent_wrong_output,integrity_check_abort
5496,40,7,silent_wrong_output,integrity_check_abort
5498,305,4,silent_wrong_output,integrity_check_abort
5500,231,4,silent_wrong_output,integrity_check_abort
5503,27,4,silent_wrong_output,integrity_check_abort
5505,240,4,silent_wrong_output,integrity_check_abort
5507,478,5,silent_wrong_output,integrity_check_abort
5508,81,7,silent_wrong_output,integrity_check_abort
5513,438,1,silent_wrong_output,integrity_check_abort
5516,87,4,silent_wrong_output,integrity_check_abort
5517,221,1,silent_wrong_output,integrity_check_abort
5518,229,0,silent_wrong_output,integrity_check_abort
5519,449,4,silent_wrong_output,integrity_check_abort
5528,468,5,silent_wrong_output,integrity_check_abort
5529,241,1,silent_wrong_output,integrity_check_abort
5533,540,7,silent_wrong_output,integrity_check_abort
5538,3,3,silent_wrong_output,integrity_check_abort
5539,431,4,silent_wrong_output,integrity_check_abort
5542,432,6,silent_wrong_output,integrity_check_abort
5544,50,0,silent_wrong_output,integrity_check_abort
5546,180,5,silent_wrong_output,integrity_check_abort
5547,88,5,silent_wrong_output,integrity_check_abort
5549,57,5,silent_wrong_output,integrity_check_abort
5551,538,5,silent_wrong_output,integrity_check_abort
5555,204,4,silent_wrong_output,integrity_check_abort
5560,505,1,silent_wrong_output,integrity_check_abort
5561,620,6,silent_wrong_output,integrity_check_abort
5562,105,3,silent_wrong_output,integrity_check_abort
5563,708,1,silent_wrong_output,integrity_check_abort
5564,344,3,silent_wrong_output,integrity_check_abort
5565,147,0,silent_wrong_output,integrity_check_abort
5566,27,3,silent_wrong_output,integrity_check_abort
5570,469,1,silent_wrong_output,integrity_check_abort
5573,126,3,silent_wrong_output,integrity_check_abort
5575,407,5,silent_wrong_output,integrity_check_abort
5581,401,4,silent_wrong_output,integrity_check_abort
5583,390,3,silent_wrong_output,integrity_check_abort
5587,568,3,silent_wrong_output,integrity_check_abort
5590,393,7,silent_wrong_output,integrity_check_abort
5591,657,5,silent_wrong_output,integrity_check_abort
5593,598,4,silent_wrong_output,integrity_check_abort
5594,266,1,silent_wrong_output,integrity_check_abort
5596,263,7,silent_wrong_output,integrity_check_abort
5597,178,2,silent_wrong_output,integrity_check_abort
5601,700,3,silent_wrong_output,integrity_check_abort
5605,437,3,silent_wrong_output,integrity_check_abort
5606,294,2,silent_wrong_output,integrity_check_abort
5607,576,4,silent_wrong_output,integrity_check_abort
5608,574,5,silent_wrong_output,integrity_check_abort
5613,427,4,silent_wrong_output,integrity_check_abort
5617,396,3,silent_wrong_output,integrity_check_abort
5618,729,1,silent_wrong_output,integrity_check_abort
5622,32,4,silent_wrong_output,integrity_check_abort
5623,343,1,silent_wrong_output,integrity_check_abort
5625,546,7,silent_wrong_output,integrity_check_abort
5626,395,1,silent_wrong_output,integrity_check_abort
5627,514,6,silent_wrong_output,integrity_check_abort
5628,635,0,silent_wrong_output,integrity_check_abort
5629,186,1,silent_wrong_output,integrity_check_abort
5630,499,7,silent_wrong_output,integrity_check_abort
5631,324,1,silent_wrong_output,integrity_check_abort
5633,739,6,silent_wrong_output,integrity_check_abort
5635,92,0,silent_wrong_output,integrity_check_abort
5637,716,6,silent_wrong_output,integrity_check_abort
5638,460,2,silent_wrong_output,integrity_check_abort
5639,139,3,silent_wrong_output,integrity_check_abort
5642,98,1,silent_wrong_output,integrity_check_abort
5643,127,5,silent_wrong_output,integrity_check_abort
5644,173,4,silent_wrong_output,integrity_check_abort
5646,219,0,silent_wrong_output,integrity_check_abort
5647,608,7,silent_wrong_output,integrity_check_abort
5649,48,7,silent_wrong_output,integrity_check_abort
5650,533,5,silent_wrong_output,integrity_check_abort
5653,422,2,silent_wrong_output,integrity_check_abort
5656,71,4,silent_wrong_output,integrity_check_abort
5660,19,3,silent_wrong_output,integrity_check_abort
5661,606,6,silent_wrong_output,integrity_check_abort
5663,72,5,silent_wrong_output,integrity_check_abort
5665,726,3,silent_wrong_output,integrity_check_abort
5666,134,3,silent_wrong_output,integrity_check_abort
5668,368,7,silent_wrong_output,integrity_check_abort
5669,546,2,silent_wrong_output,integrity_check_abort
5671,174,4,silent_wrong_output,integrity_check_abort
5673,639,7,silent_wrong_output,integrity_check_abort
5676,93,5,silent_wrong_output,integrity_check_abort
5677,215,3,silent_wrong_output,integrity_check_abort
5679,506,3,silent_wrong_output,integrity_check_abort
5681,469,0,silent_wrong_output,integrity_check_abort
5685,735,3,silent_wrong_output,integrity_check_abort
5686,564,3,silent_wrong_output,integrity_check_abort
5689,705,3,silent_wrong_output,integrity_check_abort
5690,300,5,silent_wrong_output,integrity_check_abort
5691,677,6,silent_wrong_output,integrity_check_abort
5692,395,5,silent_wrong_output,integrity_check_abort
5693,482,3,silent_wrong_output,integrity_check_abort
5695,635,0,silent_wrong_output,integrity_check_abort
5698,635,0,silent_wrong_output,integrity_check_abort
5699,578,2,silent_wrong_output,integrity_check_abort
5700,99,2,silent_wrong_output,integrity_check_abort
5703,425,5,silent_wrong_output,integrity_check_abort
5704,573,7,silent_wrong_output,integrity_check_abort
5705,233,2,silent_wrong_output,integrity_check_abort
5709,198,3,silent_wrong_output,integrity_check_abort
5711,660,4,silent_wrong_output,integrity_check_abort
5713,384,4,silent_wrong_output,integrity_check_abort
5716,522,5,silent_wrong_output,integrity_check_abort
5720,567,0,silent_wrong_output,integrity_check_abort
5722,654,3,silent_wrong_output,integrity_check_abort
5724,65,4,silent_wrong_output,integrity_check_abort
5727,30,4,silent_wrong_output,integrity_check_abort
5729,77,1,silent_wrong_output,integrity_check_abort
5730,98,3,silent_wrong_output,integrity_check_abort
5732,136,7,silent_wrong_output,integrity_check_abort
5733,249,4,silent_wrong_output,integrity_check_abort
5736,76,1,silent_wrong_output,integrity_check_abort
5737,53,4,silent_wrong_output,integrity_check_abort
5738,655,3,silent_wrong_output,integrity_check_abort
5739,664,7,silent_wrong_output,integrity_check_abort
5740,250,1,silent_wrong_output,integrity_check_abort
5741,624,4,silent_wrong_output,integrity_check_abort
5743,139,1,silent_wrong_output,integrity_check_abort
5746,297,7,silent_wrong_output,integrity_check_abort
5748,693,1,silent_wrong_output,integrity_check_abort
5749,248,4,silent_wrong_output,integrity_check_abort
5750,527,4,silent_wrong_output,integrity_check_abort
5753,661,6,silent_wrong_output,integrity_check_abort
5756,763,4,silent_wrong_output,integrity_check_abort
5757,578,2,silent_wrong_output,integrity_check_abort
5758,744,2,silent_wrong_output,integrity_check_abort
5759,435,1,silent_wrong_output,integrity_check_abort
5762,745,3,silent_wrong_output,integrity_check_abort
5763,60,6,silent_wrong_output,integrity_check_abort
5764,755,6,silent_wrong_output,integrity_check_abort
5766,164,7,silent_wrong_output,integrity_check_abort
5771,622,0,silent_wrong_output,integrity_check_abort
5772,612,7,silent_wrong_output,integrity_check_abort
5774,61,7,silent_wrong_output,integrity_check_abort
5775,613,5,silent_wrong_output,integrity_check_abort
5776,15,0,silent_wrong_output,integrity_check_abort
5778,126,2,silent_wrong_output,integrity_check_abort
5783,15,3,silent_wrong_output,integrity_check_abort
5784,60,1,silent_wrong_output,integrity_check_abort
5787,352,4,silent_wrong_output,integrity_check_abort
5788,612,3,silent_wrong_output,integrity_check_abort
5789,676,7,silent_wrong_output,integrity_check_abort
5790,120,2,silent_wrong_output,integrity_check_abort
5791,549,2,silent_wrong_output,integrity_check_abort
5793,347,7,silent_wrong_output,integrity_check_abort
5795,138,2,silent_wrong_output,integrity_check_abort
5796,258,0,silent_wrong_output,integrity_check_abort
5800,82,2,silent_wrong_output,integrity_check_abort
5803,103,2,silent_wrong_output,integrity_check_abort
5804,499,3,silent_wrong_output,integrity_check_abort
5805,434,5,silent_wrong_output,integrity_check_abort
5810,52,3,silent_wrong_output,integrity_check_abort
5811,715,1,silent_wrong_output,integrity_check_abort
5813,488,6,silent_wrong_output,integrity_check_abort
5816,429,3,silent_wrong_output,integrity_check_abort
5818,289,7,silent_wrong_output,integrity_check_abort
5819,393,3,silent_wrong_output,integrity_check_abort
5827,666,0,silent_wrong_output,integrity_check_abort
5830,538,7,silent_wrong_output,integrity_check_abort
5832,135,5,silent_wrong_output,integrity_check_abort
5838,722,5,silent_wrong_output,integrity_check_abort
5840,720,7,silent_wrong_output,integrity_check_abort
5844,275,0,silent_wrong_output,integrity_check_abort
5847,258,7,silent_wrong_output,integrity_check_abort
5849,671,6,silent_wrong_output,integrity_check_abort
5850,93,2,silent_wrong_output,integrity_check_abort
5851,677,4,silent_wrong_output,integrity_check_abort
5853,63,2,silent_wrong_output,integrity_check_abort
5855,114,0,silent_wrong_output,integrity_check_abort
5859,54,3,silent_wrong_output,integrity_check_abort
5861,52,3,silent_wrong_output,integrity_check_abort
5862,201,5,silent_wrong_output,integrity_check_abort
5863,319,3,silent_wrong_output,integrity_check_abort
5866,320,4,silent_wrong_output,integrity_check_abort
5868,417,7,silent_wrong_output,integrity_check_abort
5869,672,1,silent_wrong_output,integrity_check_abort
5870,429,7,silent_wrong_output,integrity_check_abort
5872,720,0,silent_wrong_output,integrity_check_abort
5873,30,7,silent_wrong_output,integrity_check_abort
5874,699,6,silent_wrong_output,integrity_check_abort
5876,167,6,silent_wrong_output,integrity_check_abort
5878,173,1,silent_wrong_output,integrity_check_abort
5879,622,4,silent_wrong_output,integrity_check_abort
5882,299,2,silent_wrong_output,integrity_check_abort
5883,405,5,silent_wrong_output,integrity_check_abort
5888,199,3,silent_wrong_output,integrity_check_abort
5889,35,4,silent_wrong_output,integrity_check_abort
5890,652,3,silent_wrong_output,integrity_check_abort
5891,507,1,silent_wrong_output,integrity_check_abort
5892,36,3,silent_wrong_output,integrity_check_abort
5893,750,5,silent_wrong_output,integrity_check_abort
5894,332,1,silent_wrong_output,integrity_check_abort
5896,544,0,silent_wrong_output,integrity_check_abort
5897,348,3,silent_wrong_output,integrity_check_abort
5898,412,5,silent_wrong_output,integrity_check_abort
5901,545,7,silent_wrong_output,integrity_check_abort
5902,115,4,silent_wrong_output,integrity_check_abort
5905,497,7,silent_wrong_output,integrity_check_abort
5907,508,0,silent_wrong_output,integrity_check_abort
5909,255,0,silent_wrong_output,integrity_check_abort
5911,314,3,silent_wrong_output,integrity_check_abort
5912,77,5,silent_wrong_output,integrity_check_abort
5913,513,2,silent_wrong_output,integrity_check_abort
5916,26,6,silent_wrong_output,integrity_check_abort
5918,758,6,silent_wrong_output,integrity_check_abort
5920,417,4,silent_wrong_output,integrity_check_abort
5921,379,1,silent_wrong_output,integrity_check_abort
5922,728,3,silent_wrong_output,integrity_check_abort
5923,479,1,silent_wrong_output,integrity_check_abort
5924,176,6,silent_wrong_output,integrity_check_abort
5925,509,6,silent_wrong_output,integrity_check_abort
5926,181,2,silent_wrong_output,integrity_check_abort
5927,242,0,silent_wrong_output,integrity_check_abort
5929,699,3,silent_wrong_output,integrity_check_abort
5930,622,2,silent_wrong_output,integrity_check_abort
5933,208,3,silent_wrong_output,integrity_check_abort
5934,237,4,silent_wrong_output,integrity_check_abort
5935,334,2,silent_wrong_output,integrity_check_abort
5936,719,7,silent_wrong_output,integrity_check_abort
5937,498,0,silent_wrong_output,integrity_check_abort
5938,325,5,silent_wrong_output,integrity_check_abort
5939,549,1,silent_wrong_output,integrity_check_abort
5941,113,2,silent_wrong_output,integrity_check_abort
5945,637,0,silent_wrong_output,integrity_check_abort
5946,531,5,silent_wrong_output,integrity_check_abort
5947,86,3,silent_wrong_output,integrity_check_abort
5949,404,5,silent_wrong_output,integrity_check_abort
5950,397,6,silent_wrong_output,integrity_check_abort
5951,101,3,silent_wrong_output,integrity_check_abort
5953,680,5,silent_wrong_output,integrity_check_abort
5955,9,5,silent_wrong_output,integrity_check_abort
5957,764,7,silent_wrong_output,integrity_check_abort
5961,91,4,silent_wrong_output,integrity_check_abort
5962,229,5,silent_wrong_output,integrity_check_abort
5963,731,0,silent_wrong_output,integrity_check_abort
5964,481,5,silent_wrong_output,integrity_check_abort
5965,266,0,silent_wrong_output,integrity_check_abort
5968,51,5,silent_wrong_output,integrity_check_abort
5969,529,4,silent_wrong_output,integrity_check_abort
5970,78,4,silent_wrong_output,integrity_check_abort
5972,595,4,silent_wrong_output,integrity_check_abort
5974,141,1,silent_wrong_output,integrity_check_abort
5975,461,2,silent_wrong_output,integrity_check_abort
5981,597,7,silent_wrong_output,integrity_check_abort
5983,618,3,silent_wrong_output,integrity_check_abort
5985,59,3,silent_wrong_output,integrity_check_abort
5986,204,0,silent_wrong_output,integrity_check_abort
5987,529,0,silent_wrong_output,integrity_check_abort
5988,755,1,silent_wrong_output,integrity_check_abort
5989,126,3,silent_wrong_output,integrity_check_abort
5992,401,4,silent_wrong_output,integrity_check_abort
5997,302,1,silent_wrong_output,integrity_check_abort
5998,104,5,silent_wrong_output,integrity_check_abort
5999,420,3,silent_wrong_output,integrity_check_abort
6003,170,4,silent_wrong_output,integrity_check_abort
6004,731,1,silent_wrong_output,integrity_check_abort
6009,209,4,silent_wrong_output,integrity_check_abort
6016,432,3,silent_wrong_output,integrity_check_abort
6018,423,0,silent_wrong_output,integrity_check_abort
6019,566,0,silent_wrong_output,integrity_check_abort
6020,320,2,silent_wrong_output,integrity_check_abort
6021,524,1,silent_wrong_output,integrity_check_abort
6023,538,7,silent_wrong_output,integrity_check_abort
6024,640,6,silent_wrong_output,integrity_check_abort
6025,422,7,silent_wrong_output,integrity_check_abort
6026,32,0,silent_wrong_output,integrity_check_abort
6030,649,4,silent_wrong_output,integrity_check_abort
6034,420,4,silent_wrong_output,integrity_check_abort
6035,521,1,silent_wrong_output,integrity_check_abort
6036,743,0,silent_wrong_output,integrity_check_abort
6037,738,3,silent_wrong_output,integrity_check_abort
6039,364,0,silent_wrong_output,integrity_check_abort
6040,450,0,silent_wrong_output,integrity_check_abort
6042,323,7,silent_wrong_output,integrity_check_abort
6043,474,2,silent_wrong_output,integrity_check_abort
6048,685,3,silent_wrong_output,integrity_check_abort
6049,226,1,silent_wrong_output,integrity_check_abort
6050,239,6,silent_wrong_output,integrity_check_abort
6051,487,4,silent_wrong_output,integrity_check_abort
6054,110,1,silent_wrong_output,integrity_check_abort
6057,13,5,silent_wrong_output,integrity_check_abort
6061,192,4,silent_wrong_output,integrity_check_abort
6065,573,2,silent_wrong_output,integrity_check_abort
6066,481,5,silent_wrong_output,integrity_check_abort
6067,442,4,silent_wrong_output,integrity_check_abort
6070,288,2,silent_wrong_output,integrity_check_abort
6072,126,1,silent_wrong_output,integrity_check_abort
6074,387,3,silent_wrong_output,integrity_check_abort
6075,406,7,silent_wrong_output,integrity_check_abort
6076,368,7,silent_wrong_output,integrity_check_abort
6078,470,3,silent_wrong_output,integrity_check_abort
6079,492,5,silent_wrong_output,integrity_check_abort
6082,610,7,silent_wrong_output,integrity_check_abort
6083,310,3,silent_wrong_output,integrity_check_abort
6086,657,4,silent_wrong_output,integrity_check_abort
6088,221,2,silent_wrong_output,integrity_check_abort
6089,174,4,silent_wrong_output,integrity_check_abort
6094,550,2,silent_wrong_output,integrity_check_abort
6096,583,7,silent_wrong_output,integrity_check_abort
6097,745,6,silent_wrong_output,integrity_check_abort
6098,437,0,silent_wrong_output,integrity_check_abort
6100,638,6,silent_wrong_output,integrity_check_abort
6105,103,3,silent_wrong_output,integrity_check_abort
6107,594,2,silent_wrong_output,integrity_check_abort
6108,296,4,silent_wrong_output,integrity_check_abort
6112,378,1,silent_wrong_output,integrity_check_abort
6113,374,4,silent_wrong_output,integrity_check_abort
6114,55,0,silent_wrong_output,integrity_check_abort
6117,172,5,silent_wrong_output,integrity_check_abort
6118,481,6,silent_wrong_output,integrity_check_abort
6120,423,4,silent_wrong_output,integrity_check_abort
6122,152,3,silent_wrong_output,integrity_check_abort
6124,34,2,silent_wrong_output,integrity_check_abort
6126,604,5,silent_wrong_output,integrity_check_abort
6127,673,1,silent_wrong_output,integrity_check_abort
6132,298,3,silent_wrong_output,integrity_check_abort
6133,591,7,silent_wrong_output,integrity_check_abort
6134,80,0,silent_wrong_output,integrity_check_abort
6136,610,2,silent_wrong_output,integrity_check_abort
6138,588,4,silent_wrong_output,integrity_check_abort
6139,120,1,silent_wrong_output,integrity_check_abort
6143,123,1,silent_wrong_output,integrity_check_abort
6144,212,3,silent_wrong_output,integrity_check_abort
6145,109,2,silent_wrong_output,integrity_check_abort
6152,237,7,silent_wrong_output,integrity_check_abort
6153,549,6,silent_wrong_output,integrity_check_abort
6155,221,4,silent_wrong_output,integrity_check_abort
6159,8,3,silent_wrong_output,integrity_check_abort
6162,721,4,silent_wrong_output,integrity_check_abort
6163,733,0,silent_wrong_output,integrity_check_abort
6165,245,4,silent_wrong_output,integrity_check_abort
6169,359,4,silent_wrong_output,integrity_check_abort
6170,571,2,silent_wrong_output,integrity_check_abort
6171,10,7,silent_wrong_output,integrity_check_abort
6172,185,5,silent_wrong_output,integrity_check_abort
6178,272,2,silent_wrong_output,integrity_check_abort
6181,667,4,silent_wrong_output,integrity_check_abort
6182,621,5,silent_wrong_output,integrity_check_abort
6183,366,7,silent_wrong_output,integrity_check_abort
6185,303,0,silent_wrong_output,integrity_check_abort
6190,767,4,silent_wrong_output,integrity_check_abort
6191,78,4,silent_wrong_output,integrity_check_abort
6193,456,4,silent_wrong_output,integrity_check_abort
6194,444,2,silent_wrong_output,integrity_check_abort
6196,18,5,silent_wrong_output,integrity_check_abort
6201,400,7,silent_wrong_output,integrity_check_abort
6203,162,7,silent_wrong_output,integrity_check_abort
6207,599,4,silent_wrong_output,integrity_check_abort
6213,458,5,silent_wrong_output,integrity_check_abort
6216,502,5,silent_wrong_output,integrity_check_abort
6217,414,4,silent_wrong_output,integrity_check_abort
6218,325,5,silent_wrong_output,integrity_check_abort
6220,260,5,silent_wrong_output,integrity_check_abort
6222,640,4,silent_wrong_output,integrity_check_abort
6223,118,4,silent_wrong_output,integrity_check_abort
6224,520,3,silent_wrong_output,integrity_check_abort
6226,48,1,silent_wrong_output,integrity_check_abort
6227,18,0,silent_wrong_output,integrity_check_abort
6228,162,2,silent_wrong_output,integrity_check_abort
6239,693,6,silent_wrong_output,integrity_check_abort
6241,467,7,silent_wrong_output,integrity_check_abort
6245,753,6,silent_wrong_output,integrity_check_abort
6246,525,5,silent_wrong_output,integrity_check_abort
6252,297,6,silent_wrong_output,integrity_check_abort
6255,396,3,silent_wrong_output,integrity_check_abort
6258,570,5,silent_wrong_output,integrity_check_abort
6261,299,3,silent_wrong_output,integrity_check_abort
6262,490,2,silent_wrong_output,integrity_check_abort
6263,64,4,silent_wrong_output,integrity_check_abort
6264,730,2,silent_wrong_output,integrity_check_abort
6267,588,2,silent_wrong_output,integrity_check_abort
6268,3,4,silent_wrong_output,integrity_check_abort
6269,248,1,silent_wrong_output,integrity_check_abort
6272,237,0,silent_wrong_output,integrity_check_abort
6275,401,4,silent_wrong_output,integrity_check_abort
6276,391,7,silent_wrong_output,integrity_check_abort
6278,136,7,silent_wrong_output,integrity_check_abort
6286,344,2,silent_wrong_output,integrity_check_abort
6288,251,6,silent_wrong_output,integrity_check_abort
6289,197,4,silent_wrong_output,integrity_check_abort
6290,697,0,silent_wrong_output,integrity_check_abort
6294,236,3,silent_wrong_output,integrity_check_abort
6296,20,7,silent_wrong_output,integrity_check_abort
6298,569,5,silent_wrong_output,integrity_check_abort
6300,270,1,silent_wrong_output,integrity_check_abort
6301,223,7,silent_wrong_output,integrity_check_abort
6302,50,6,silent_wrong_output,integrity_check_abort
6304,752,2,silent_wrong_output,integrity_check_abort
6306,446,2,silent_wrong_output,integrity_check_abort
6307,424,5,silent_wrong_output,integrity_check_abort
6311,709,4,silent_wrong_output,integrity_check_abort
6313,254,0,silent_wrong_output,integrity_check_abort
6314,61,0,silent_wrong_output,integrity_check_abort
6315,512,0,silent_wrong_output,integrity_check_abort
6317,431,1,silent_wrong_output,integrity_check_abort
6319,709,0,silent_wrong_output,integrity_check_abort
6321,358,0,silent_wrong_output,integrity_check_abort
6324,738,5,silent_wrong_output,integrity_check_abort
6325,519,1,silent_wrong_output,integrity_check_abort
6326,140,2,silent_wrong_output,integrity_check_abort
6336,442,2,silent_wrong_output,integrity_check_abort
6338,66,1,silent_wrong_output,integrity_check_abort
6341,560,1,silent_wrong_output,integrity_check_abort
6343,270,2,silent_wrong_output,integrity_check_abort
6346,683,0,silent_wrong_output,integrity_check_abort
6347,308,2,silent_wrong_output,integrity_check_abort
6348,285,0,silent_wrong_output,integrity_check_abort
6349,181,2,silent_wrong_output,integrity_check_abort
6352,50,0,silent_wrong_output,integrity_check_abort
6355,548,4,silent_wrong_output,integrity_check_abort
6356,76,2,silent_wrong_output,integrity_check_abort
6357,545,5,silent_wrong_output,integrity_check_abort
6360,61,4,silent_wrong_output,integrity_check_abort
6361,279,5,silent_wrong_output,integrity_check_abort
6362,160,7,silent_wrong_output,integrity_check_abort
6365,48,4,silent_wrong_output,integrity_check_abort
6366,462,5,silent_wrong_output,integrity_check_abort
6369,173,4,silent_wrong_output,integrity_check_abort
6371,277,6,silent_wrong_output,integrity_check_abort
6373,57,0,silent_wrong_output,integrity_check_abort
6374,720,2,silent_wrong_output,integrity_check_abort
6376,584,5,silent_wrong_output,integrity_check_abort
6379,414,7,silent_wrong_output,integrity_check_abort
6380,552,2,silent_wrong_output,integrity_check_abort
6381,424,1,silent_wrong_output,integrity_check_abort
6384,397,6,silent_wrong_output,integrity_check_abort
6386,556,3,silent_wrong_output,integrity_check_abort
6387,243,3,silent_wrong_output,integrity_check_abort
6388,457,7,silent_wrong_output,integrity_check_abort
6391,60,5,silent_wrong_output,integrity_check_abort
6393,458,6,silent_wrong_output,integrity_check_abort
6397,745,3,silent_wrong_output,integrity_check_abort
6399,489,2,silent_wrong_output,integrity_check_abort
6400,765,6,silent_wrong_output,integrity_check_abort
6401,555,7,silent_wrong_output,integrity_check_abort
6404,613,4,silent_wrong_output,integrity_check_abort
6405,744,6,silent_wrong_output,integrity_check_abort
6407,593,2,silent_wrong_output,integrity_check_abort
6408,568,7,silent_wrong_output,integrity_check_abort
6409,577,7,silent_wrong_output,integrity_check_abort
6416,531,0,silent_wrong_output,integrity_check_abort
6417,466,5,silent_wrong_output,integrity_check_abort
6419,607,4,silent_wrong_output,integrity_check_abort
6420,95,3,silent_wrong_output,integrity_check_abort
6422,566,3,silent_wrong_output,integrity_check_abort
6423,696,5,silent_wrong_output,integrity_check_abort
6424,28,3,silent_wrong_output,integrity_check_abort
6425,124,5,silent_wrong_output,integrity_check_abort
6428,447,1,silent_wrong_output,integrity_check_abort
6431,367,4,silent_wrong_output,integrity_check_abort
6433,250,1,silent_wrong_output,integrity_check_abort
6434,596,5,silent_wrong_output,integrity_check_abort
6435,262,6,silent_wrong_output,integrity_check_abort
6436,433,7,silent_wrong_output,integrity_check_abort
6441,105,2,silent_wrong_output,integrity_check_abort
6443,182,2,silent_wrong_output,integrity_check_abort
6444,464,6,silent_wrong_output,integrity_check_abort
6446,363,3,silent_wrong_output,integrity_check_abort
6449,276,3,silent_wrong_output,integrity_check_abort
6453,93,1,silent_wrong_output,integrity_check_abort
6455,167,6,silent_wrong_output,integrity_check_abort
6458,299,6,silent_wrong_output,integrity_check_abort
6459,486,7,silent_wrong_output,integrity_check_abort
6461,392,4,silent_wrong_output,integrity_check_abort
6465,625,4,silent_wrong_output,integrity_check_abort
6469,696,7,silent_wrong_output,integrity_check_abort
6473,336,6,silent_wrong_output,integrity_check_abort
6474,233,7,silent_wrong_output,integrity_check_abort
6475,195,1,silent_wrong_output,integrity_check_abort
6477,81,3,silent_wrong_output,integrity_check_abort
6479,336,7,silent_wrong_output,integrity_check_abort
6484,628,2,silent_wrong_output,integrity_check_abort
6485,565,5,silent_wrong_output,integrity_check_abort
6486,285,0,silent_wrong_output,integrity_check_abort
6488,14,7,silent_wrong_output,integrity_check_abort
6492,711,4,silent_wrong_output,integrity_check_abort
6494,186,4,silent_wrong_output,integrity_check_abort
6495,758,3,silent_wrong_output,integrity_check_abort
6496,463,7,silent_wrong_output,integrity_check_abort
6498,590,6,silent_wrong_output,integrity_check_abort
6499,6,2,silent_wrong_output,integrity_check_abort
6501,673,3,silent_wrong_output,integrity_check_abort
6502,226,4,silent_wrong_output,integrity_check_abort
6505,329,1,silent_wrong_output,integrity_check_abort
6507,406,6,silent_wrong_output,integrity_check_abort
6510,51,2,silent_wrong_output,integrity_check_abort
6512,563,2,silent_wrong_output,integrity_check_abort
6513,20,3,silent_wrong_output,integrity_check_abort
6516,729,1,silent_wrong_output,integrity_check_abort
6518,635,7,silent_wrong_output,integrity_check_abort
6523,249,2,silent_wrong_output,integrity_check_abort
6525,568,7,silent_wrong_output,integrity_check_abort
6526,231,3,silent_wrong_output,integrity_check_abort
6527,128,4,silent_wrong_output,integrity_check_abort
6528,731,1,silent_wrong_output,integrity_check_abort
6531,531,0,silent_wrong_output,integrity_check_abort
6535,173,1,silent_wrong_output,integrity_check_abort
6536,262,3,silent_wrong_output,integrity_check_abort
6537,564,4,silent_wrong_output,integrity_check_abort
6543,293,1,silent_wrong_output,integrity_check_abort
6544,87,0,silent_wrong_output,integrity_check_abort
6545,103,7,silent_wrong_output,integrity_check_abort
6546,656,5,silent_wrong_output,integrity_check_abort
6548,414,3,silent_wrong_output,integrity_check_abort
6552,463,6,silent_wrong_output,integrity_check_abort
6555,187,5,silent_wrong_output,integrity_check_abort
6557,132,2,silent_wrong_output,integrity_check_abort
6558,406,5,silent_wrong_output,integrity_check_abort
6559,71,3,silent_wrong_output,integrity_check_abort
6561,48,3,silent_wrong_output,integrity_check_abort
6562,701,4,silent_wrong_output,integrity_check_abort
6569,659,4,silent_wrong_output,integrity_check_abort
6570,718,1,silent_wrong_output,integrity_check_abort
6571,32,5,silent_wrong_output,integrity_check_abort
6572,581,2,silent_wrong_output,integrity_check_abort
6573,429,5,silent_wrong_output,integrity_check_abort
6574,210,4,silent_wrong_output,integrity_check_abort
6576,333,5,silent_wrong_output,integrity_check_abort
6578,378,3,silent_wrong_output,integrity_check_abort
6579,307,4,silent_wrong_output,integrity_check_abort
6581,351,4,silent_wrong_output,integrity_check_abort
6583,184,0,silent_wrong_output,integrity_check_abort
6584,484,0,silent_wrong_output,integrity_check_abort
6585,33,3,silent_wrong_output,integrity_check_abort
6589,67,0,silent_wrong_output,integrity_check_abort
6594,239,4,silent_wrong_output,integrity_check_abort
6596,767,0,silent_wrong_output,integrity_check_abort
6597,729,0,silent_wrong_output,integrity_check_abort
6598,409,4,silent_wrong_output,integrity_check_abort
6600,540,3,silent_wrong_output,integrity_check_abort
6602,479,2,silent_wrong_output,integrity_check_abort
6603,742,5,silent_wrong_output,integrity_check_abort
6604,3,2,silent_wrong_output,integrity_check_abort
6605,676,1,silent_wrong_output,integrity_check_abort
6607,572,5,silent_wrong_output,integrity_check_abort
6608,237,3,silent_wrong_output,integrity_check_abort
6613,519,5,silent_wrong_output,integrity_check_abort
6617,670,6,silent_wrong_output,integrity_check_abort
6621,454,7,silent_wrong_output,integrity_check_abort
6624,639,5,silent_wrong_output,integrity_check_abort
6627,379,3,silent_wrong_output,integrity_check_abort
6628,743,4,silent_wrong_output,integrity_check_abort
6630,205,4,silent_wrong_output,integrity_check_abort
6631,70,6,silent_wrong_output,integrity_check_abort
6632,295,6,silent_wrong_output,integrity_check_abort
6633,567,0,silent_wrong_output,integrity_check_abort
6636,274,0,silent_wrong_output,integrity_check_abort
6637,643,3,silent_wrong_output,integrity_check_abort
6638,751,7,silent_wrong_output,integrity_check_abort
6640,613,2,silent_wrong_output,integrity_check_abort
6643,519,7,silent_wrong_output,integrity_check_abort
6645,395,5,silent_wrong_output,integrity_check_abort
6646,216,4,silent_wrong_output,integrity_check_abort
6647,72,3,silent_wrong_output,integrity_check_abort
6649,687,6,silent_wrong_output,integrity_check_abort
6653,167,1,silent_wrong_output,integrity_check_abort
6657,185,3,silent_wrong_output,integrity_check_abort
6658,505,6,silent_wrong_output,integrity_check_abort
6660,416,0,silent_wrong_output,integrity_check_abort
6663,72,7,silent_wrong_output,integrity_check_abort
6665,521,7,silent_wrong_output,integrity_check_abort
6666,665,2,silent_wrong_output,integrity_check_abort
6667,333,7,silent_wrong_output,integrity_check_abort
6668,257,2,silent_wrong_output,integrity_check_abort
6669,274,3,silent_wrong_output,integrity_check_abort
6670,257,5,silent_wrong_output,integrity_check_abort
6673,77,1,silent_wrong_output,integrity_check_abort
6676,101,3,silent_wrong_output,integrity_check_abort
6677,563,2,silent_wrong_output,integrity_check_abort
6683,710,1,silent_wrong_output,integrity_check_abort
6685,96,7,silent_wrong_output,integrity_check_abort
6687,622,4,silent_wrong_output,integrity_check_abort
6690,331,7,silent_wrong_output,integrity_check_abort
6691,236,3,silent_wrong_output,integrity_check_abort
6692,690,2,silent_wrong_output,integrity_check_abort
6693,553,6,silent_wrong_output,integrity_check_abort
6694,679,1,silent_wrong_output,integrity_check_abort
6698,261,3,silent_wrong_output,integrity_check_abort
6699,752,5,silent_wrong_output,integrity_check_abort
6700,179,4,silent_wrong_output,integrity_check_abort
6702,141,4,silent_wrong_output,integrity_check_abort
6703,349,4,silent_wrong_output,integrity_check_abort
6705,754,0,silent_wrong_output,integrity_check_abort
6708,489,3,silent_wrong_output,integrity_check_abort
6710,756,1,silent_wrong_output,integrity_check_abort
6712,291,4,silent_wrong_output,integrity_check_abort
6713,751,5,silent_wrong_output,integrity_check_abort
6715,641,6,silent_wrong_output,integrity_check_abort
6716,522,1,silent_wrong_output,integrity_check_abort
6717,493,0,silent_wrong_output,integrity_check_abort
6722,509,3,silent_wrong_output,integrity_check_abort
6723,336,6,silent_wrong_output,integrity_check_abort
6727,581,0,silent_wrong_output,integrity_check_abort
6728,13,6,silent_wrong_output,integrity_check_abort
6730,520,7,silent_wrong_output,integrity_check_abort
6734,111,4,silent_wrong_output,integrity_check_abort
6736,358,3,silent_wrong_output,integrity_check_abort
6737,615,2,silent_wrong_output,integrity_check_abort
6740,405,3,silent_wrong_output,integrity_check_abort
6741,516,2,silent_wrong_output,integrity_check_abort
6743,425,2,silent_wrong_output,integrity_check_abort
6744,125,5,silent_wrong_output,integrity_check_abort
6746,527,0,silent_wrong_output,integrity_check_abort
6749,110,1,silent_wrong_output,integrity_check_abort
6750,717,5,silent_wrong_output,integrity_check_abort
6751,535,3,silent_wrong_output,integrity_check_abort
6753,677,1,silent_wrong_output,integrity_check_abort
6754,155,7,silent_wrong_output,integrity_check_abort
6755,328,6,silent_wrong_output,integrity_check_abort
6757,423,2,silent_wrong_output,integrity_check_abort
6758,623,0,silent_wrong_output,integrity_check_abort
6767,47,5,silent_wrong_output,integrity_check_abort
6768,392,0,silent_wrong_output,integrity_check_abort
6769,446,0,silent_wrong_output,integrity_check_abort
6770,761,4,silent_wrong_output,integrity_check_abort
6771,203,2,silent_wrong_output,integrity_check_abort
6772,543,3,silent_wrong_output,integrity_check_abort
6780,754,7,silent_wrong_output,integrity_check_abort
6782,265,7,silent_wrong_output,integrity_check_abort
6783,433,2,silent_wrong_output,integrity_check_abort
6786,282,7,silent_wrong_output,integrity_check_abort
6787,367,6,silent_wrong_output,integrity_check_abort
6791,597,6,silent_wrong_output,integrity_check_abort
6792,367,1,silent_wrong_output,integrity_check_abort
6793,102,7,silent_wrong_output,integrity_check_abort
6797,35,3,silent_wrong_output,integrity_check_abort
6799,610,6,silent_wrong_output,integrity_check_abort
6800,667,4,silent_wrong_output,integrity_check_abort
6803,463,4,silent_wrong_output,integrity_check_abort
6806,404,7,silent_wrong_output,integrity_check_abort
6807,100,0,silent_wrong_output,integrity_check_abort
6808,474,1,silent_wrong_output,integrity_check_abort
6811,563,2,silent_wrong_output,integrity_check_abort
6815,485,6,silent_wrong_output,integrity_check_abort
6816,476,7,silent_wrong_output,integrity_check_abort
6817,675,6,silent_wrong_output,integrity_check_abort
6821,96,6,silent_wrong_output,integrity_check_abort
6822,22,6,silent_wrong_output,integrity_check_abort
6825,315,0,silent_wrong_output,integrity_check_abort
6829,419,1,silent_wrong_output,integrity_check_abort
6833,142,4,silent_wrong_output,integrity_check_abort
6835,462,0,silent_wrong_output,integrity_check_abort
6836,673,2,silent_wrong_output,integrity_check_abort
6838,696,4,silent_wrong_output,integrity_check_abort
6839,717,4,silent_wrong_output,integrity_check_abort
6840,212,4,silent_wrong_output,integrity_check_abort
6843,378,1,silent_wrong_output,integrity_check_abort
6850,61,2,silent_wrong_output,integrity_check_abort
6851,541,6,silent_wrong_output,integrity_check_abort
6852,333,2,silent_wrong_output,integrity_check_abort
6853,660,5,silent_wrong_output,integrity_check_abort
6854,397,4,silent_wrong_output,integrity_check_abort
6855,197,6,silent_wrong_output,integrity_check_abort
6857,643,6,silent_wrong_output,integrity_check_abort
6858,663,4,silent_wrong_output,integrity_check_abort
6859,755,4,silent_wrong_output,integrity_check_abort
6864,172,3,silent_wrong_output,integrity_check_abort
6867,709,4,silent_wrong_output,integrity_check_abort
6868,206,4,silent_wrong_output,integrity_check_abort
6870,280,7,silent_wrong_output,integrity_check_abort
6871,615,4,silent_wrong_output,integrity_check_abort
6872,498,4,silent_wrong_output,integrity_check_abort
6873,737,0,silent_wrong_output,integrity_check_abort
6874,534,4,silent_wrong_output,integrity_check_abort
6876,37,5,silent_wrong_output,integrity_check_abort
6878,643,5,silent_wrong_output,integrity_check_abort
6880,454,0,silent_wrong_output,integrity_check_abort
6881,546,0,silent_wrong_output,integrity_check_abort
6886,217,1,silent_wrong_output,integrity_check_abort
6889,252,6,silent_wrong_output,integrity_check_abort
6890,618,5,silent_wrong_output,integrity_check_abort
6891,277,3,silent_wrong_output,integrity_check_abort
6894,22,1,silent_wrong_output,integrity_check_abort
6895,407,7,silent_wrong_output,integrity_check_abort
6896,587,4,silent_wrong_output,integrity_check_abort
6898,300,0,silent_wrong_output,integrity_check_abort
6901,105,1,silent_wrong_output,integrity_check_abort
6905,163,2,silent_wrong_output,integrity_check_abort
6908,205,3,silent_wrong_output,integrity_check_abort
6909,552,2,silent_wrong_output,integrity_check_abort
6911,583,6,silent_wrong_output,integrity_check_abort
6915,273,6,silent_wrong_output,integrity_check_abort
6920,710,3,silent_wrong_output,integrity_check_abort
6921,7,2,silent_wrong_output,integrity_check_abort
6924,729,0,silent_wrong_output,integrity_check_abort
6926,581,4,silent_wrong_output,integrity_check_abort
6928,720,0,silent_wrong_output,integrity_check_abort
6930,638,7,silent_wrong_output,integrity_check_abort
6932,291,5,silent_wrong_output,integrity_check_abort
6933,278,6,silent_wrong_output,integrity_check_abort
6934,33,5,silent_wrong_output,integrity_check_abort
6935,26,0,silent_wrong_output,integrity_check_abort
6936,178,6,silent_wrong_output,integrity_check_abort
6937,760,2,silent_wrong_output,integrity_check_abort
6939,667,7,silent_wrong_output,integrity_check_abort
6941,236,1,silent_wrong_output,integrity_check_abort
6947,588,4,silent_wrong_output,integrity_check_abort
6952,690,0,silent_wrong_output,integrity_check_abort
6954,282,2,silent_wrong_output,integrity_check_abort
6960,313,4,silent_wrong_output,integrity_check_abort
6961,334,1,silent_wrong_output,integrity_check_abort
6962,710,6,silent_wrong_output,integrity_check_abort
6963,132,2,silent_wrong_output,integrity_check_abort
6964,479,2,silent_wrong_output,integrity_check_abort
6965,654,6,silent_wrong_output,integrity_check_abort
6966,192,6,silent_wrong_output,integrity_check_abort
6967,175,3,silent_wrong_output,integrity_check_abort
6971,546,2,silent_wrong_output,integrity_check_abort
6972,22,5,silent_wrong_output,integrity_check_abort
6973,745,1,silent_wrong_output,integrity_check_abort
6974,125,5,silent_wrong_output,integrity_check_abort
6976,443,2,silent_wrong_output,integrity_check_abort
6977,587,3,silent_wrong_output,integrity_check_abort
6978,235,1,silent_wrong_output,integrity_check_abort
6988,225,3,silent_wrong_output,integrity_check_abort
6990,498,5,silent_wrong_output,integrity_check_abort
6992,104,7,silent_wrong_output,integrity_check_abort
6993,696,0,silent_wrong_output,integrity_check_abort
6994,697,7,silent_wrong_output,integrity_check_abort
6997,384,7,silent_wrong_output,integrity_check_abort
6998,441,5,silent_wrong_output,integrity_check_abort
7005,402,7,silent_wrong_output,integrity_check_abort
7006,19,5,silent_wrong_output,integrity_check_abort
7007,673,6,silent_wrong_output,integrity_check_abort
7009,361,3,silent_wrong_output,integrity_check_abort
7010,587,2,silent_wrong_output,integrity_check_abort
7015,153,6,silent_wrong_output,integrity_check_abort
7017,226,2,silent_wrong_output,integrity_check_abort
7019,38,4,silent_wrong_output,integrity_check_abort
7022,372,0,silent_wrong_output,integrity_check_abort
7026,265,6,silent_wrong_output,integrity_check_abort
7027,435,2,silent_wrong_output,integrity_check_abort
7030,324,0,silent_wrong_output,integrity_check_abort
7031,655,2,silent_wrong_output,integrity_check_abort
7033,1,0,silent_wrong_output,integrity_check_abort
7035,210,5,silent_wrong_output,integrity_check_abort
7036,143,3,silent_wrong_output,integrity_check_abort
7038,325,0,silent_wrong_output,integrity_check_abort
7042,253,7,silent_wrong_output,integrity_check_abort
7046,680,4,silent_wrong_output,integrity_check_abort
7047,209,1,silent_wrong_output,integrity_check_abort
7048,233,7,silent_wrong_output,integrity_check_abort
7051,220,3,silent_wrong_output,integrity_check_abort
7054,583,7,silent_wrong_output,integrity_check_abort
7062,574,0,silent_wrong_output,integrity_check_abort
7065,665,3,silent_wrong_output,integrity_check_abort
7066,374,7,silent_wrong_output,integrity_check_abort
7067,89,0,silent_wrong_output,integrity_check_abort
7068,645,6,silent_wrong_output,integrity_check_abort
7070,18,5,silent_wrong_output,integrity_check_abort
7073,273,0,silent_wrong_output,integrity_check_abort
7076,708,1,silent_wrong_output,integrity_check_abort
7077,394,5,silent_wrong_output,integrity_check_abort
7080,534,5,silent_wrong_output,integrity_check_abort
7082,531,7,silent_wrong_output,integrity_check_abort
7084,708,2,silent_wrong_output,integrity_check_abort
7085,151,0,silent_wrong_output,integrity_check_abort
7086,479,0,silent_wrong_output,integrity_check_abort
7087,646,0,silent_wrong_output,integrity_check_abort
7088,690,5,silent_wrong_output,integrity_check_abort
7090,404,0,silent_wrong_output,integrity_check_abort
7091,55,5,silent_wrong_output,integrity_check_abort
7093,258,7,silent_wrong_output,integrity_check_abort
7096,16,4,silent_wrong_output,integrity_check_abort
7100,439,3,silent_wrong_output,integrity_check_abort
7101,505,5,silent_wrong_output,integrity_check_abort
7102,627,2,silent_wrong_output,integrity_check_abort
7103,353,5,silent_wrong_output,integrity_check_abort
7104,698,2,silent_wrong_output,integrity_check_abort
7106,691,6,silent_wrong_output,integrity_check_abort
7107,719,0,silent_wrong_output,integrity_check_abort
7108,53,4,silent_wrong_output,integrity_check_abort
7109,627,3,silent_wrong_output,integrity_check_abort
7111,240,6,silent_wrong_output,integrity_check_abort
7112,96,1,silent_wrong_output,integrity_check_abort
7113,151,3,silent_wrong_output,integrity_check_abort
7114,189,1,silent_wrong_output,integrity_check_abort
7115,458,3,silent_wrong_output,integrity_check_abort
7117,261,1,silent_wrong_output,integrity_check_abort
7118,481,4,silent_wrong_output,integrity_check_abort
7125,654,5,silent_wrong_output,integrity_check_abort
7129,389,7,silent_wrong_output,integrity_check_abort
7133,479,1,silent_wrong_output,integrity_check_abort
7134,319,4,silent_wrong_output,integrity_check_abort
7141,171,6,silent_wrong_output,integrity_check_abort
7144,621,0,silent_wrong_output,integrity_check_abort
7145,617,6,silent_wrong_output,integrity_check_abort
7146,94,5,silent_wrong_output,integrity_check_abort
7147,445,4,silent_wrong_output,integrity_check_abort
7149,300,7,silent_wrong_output,integrity_check_abort
7153,623,0,silent_wrong_output,integrity_check_abort
7155,6,7,silent_wrong_output,integrity_check_abort
7157,227,0,silent_wrong_output,integrity_check_abort
7158,24,0,silent_wrong_output,integrity_check_abort
7160,256,7,silent_wrong_output,integrity_check_abort
7165,121,3,silent_wrong_output,integrity_check_abort
7166,396,7,silent_wrong_output,integrity_check_abort
7167,88,6,silent_wrong_output,integrity_check_abort
7168,507,7,silent_wrong_output,integrity_check_abort
7169,392,2,silent_wrong_output,integrity_check_abort
7170,233,7,silent_wrong_output,integrity_check_abort
7171,652,0,silent_wrong_output,integrity_check_abort
7173,393,0,silent_wrong_output,integrity_check_abort
7174,662,6,silent_wrong_output,integrity_check_abort
7176,16,2,silent_wrong_output,integrity_check_abort
7177,638,2,silent_wrong_output,integrity_check_abort
7181,744,1,silent_wrong_output,integrity_check_abort
7182,507,7,silent_wrong_output,integrity_check_abort
7185,1,1,silent_wrong_output,integrity_check_abort
7187,127,5,silent_wrong_output,integrity_check_abort
7189,129,1,silent_wrong_output,integrity_check_abort
7190,64,2,silent_wrong_output,integrity_check_abort
7194,715,6,silent_wrong_output,integrity_check_abort
7196,19,0,silent_wrong_output,integrity_check_abort
7197,311,1,silent_wrong_output,integrity_check_abort
7199,548,1,silent_wrong_output,integrity_check_abort
7203,646,0,silent_wrong_output,integrity_check_abort
7205,396,7,silent_wrong_output,integrity_check_abort
7206,750,3,silent_wrong_output,integrity_check_abort
7207,194,7,silent_wrong_output,integrity_check_abort
7208,122,4,silent_wrong_output,integrity_check_abort
7211,685,5,silent_wrong_output,integrity_check_abort
7215,557,6,silent_wrong_output,integrity_check_abort
7216,378,7,silent_wrong_output,integrity_check_abort
7217,442,5,silent_wrong_output,integrity_check_abort
7220,609,0,silent_wrong_output,integrity_check_abort
7221,594,1,silent_wrong_output,integrity_check_abort
7222,247,4,silent_wrong_output,integrity_check_abort
7223,471,2,silent_wrong_output,integrity_check_abort
7224,640,7,silent_wrong_output,integrity_check_abort
7225,102,1,silent_wrong_output,integrity_check_abort
7227,289,4,silent_wrong_output,integrity_check_abort
7228,45,0,silent_wrong_output,integrity_check_abort
7231,294,0,silent_wrong_output,integrity_check_abort
7234,687,4,silent_wrong_output,integrity_check_abort
7238,311,3,silent_wrong_output,integrity_check_abort
7241,456,4,silent_wrong_output,integrity_check_abort
7242,504,4,silent_wrong_output,integrity_check_abort
7245,524,0,silent_wrong_output,integrity_check_abort
7254,42,0,silent_wrong_output,integrity_check_abort
7256,214,4,silent_wrong_output,integrity_check_abort
7258,215,7,silent_wrong_output,integrity_check_abort
7260,463,3,silent_wrong_output,integrity_check_abort
7261,535,6,silent_wrong_output,integrity_check_abort
7262,120,5,silent_wrong_output,integrity_check_abort
7269,224,1,silent_wrong_output,integrity_check_abort
7270,308,2,silent_wrong_output,integrity_check_abort
7272,630,0,silent_wrong_output,integrity_check_abort
7273,676,4,silent_wrong_output,integrity_check_abort
7275,13,2,silent_wrong_output,integrity_check_abort
7277,124,2,silent_wrong_output,integrity_check_abort
7278,228,3,silent_wrong_output,integrity_check_abort
7284,675,2,silent_wrong_output,integrity_check_abort
7289,166,5,silent_wrong_output,integrity_check_abort
7292,639,1,silent_wrong_output,integrity_check_abort
7294,665,1,silent_wrong_output,integrity_check_abort
7296,726,3,silent_wrong_output,integrity_check_abort
7297,55,1,silent_wrong_output,integrity_check_abort
7298,515,3,silent_wrong_output,integrity_check_abort
7300,306,0,silent_wrong_output,integrity_check_abort
7304,456,0,silent_wrong_output,integrity_check_abort
7305,456,7,silent_wrong_output,integrity_check_abort
7308,664,5,silent_wrong_output,integrity_check_abort
7309,307,2,silent_wrong_output,integrity_check_abort
7310,627,0,silent_wrong_output,integrity_check_abort
7312,204,6,silent_wrong_output,integrity_check_abort
7313,391,3,silent_wrong_output,integrity_check_abort
7315,205,0,silent_wrong_output,integrity_check_abort
7316,463,0,silent_wrong_output,integrity_check_abort
7322,254,7,silent_wrong_output,integrity_check_abort
7324,542,6,silent_wrong_output,integrity_check_abort
7325,34,5,silent_wrong_output,integrity_check_abort
7328,258,1,silent_wrong_output,integrity_check_abort
7329,187,5,silent_wrong_output,integrity_check_abort
7330,66,3,silent_wrong_output,integrity_check_abort
7333,7,4,silent_wrong_output,integrity_check_abort
7334,483,7,silent_wrong_output,integrity_check_abort
7335,300,3,silent_wrong_output,integrity_check_abort
7336,101,0,silent_wrong_output,integrity_check_abort
7337,93,7,silent_wrong_output,integrity_check_abort
7338,308,4,silent_wrong_output,integrity_check_abort
7340,609,3,silent_wrong_output,integrity_check_abort
7342,369,5,silent_wrong_output,integrity_check_abort
7344,58,2,silent_wrong_output,integrity_check_abort
7345,360,2,silent_wrong_output,integrity_check_abort
7346,10,6,silent_wrong_output,integrity_check_abort
7348,529,3,silent_wrong_output,integrity_check_abort
7349,574,1,silent_wrong_output,integrity_check_abort
7351,410,1,silent_wrong_output,integrity_check_abort
7352,125,0,silent_wrong_output,integrity_check_abort
7355,377,5,silent_wrong_output,integrity_check_abort
7356,162,7,silent_wrong_output,integrity_check_abort
7357,181,6,silent_wrong_output,integrity_check_abort
7358,699,7,silent_wrong_output,integrity_check_abort
7363,14,4,silent_wrong_output,integrity_check_abort
7366,743,2,silent_wrong_output,integrity_check_abort
7368,438,6,silent_wrong_output,integrity_check_abort
7369,507,5,silent_wrong_output,integrity_check_abort
7370,244,7,silent_wrong_output,integrity_check_abort
7374,12,7,silent_wrong_output,integrity_check_abort
7376,474,4,silent_wrong_output,integrity_check_abort
7378,672,5,silent_wrong_output,integrity_check_abort
7382,459,5,silent_wrong_output,integrity_check_abort
7383,136,0,silent_wrong_output,integrity_check_abort
7384,752,2,silent_wrong_output,integrity_check_abort
7386,398,0,silent_wrong_output,integrity_check_abort
7388,301,7,silent_wrong_output,integrity_check_abort
7389,489,3,silent_wrong_output,integrity_check_abort
7390,117,0,silent_wrong_output,integrity_check_abort
7397,331,1,silent_wrong_output,integrity_check_abort
7398,758,2,silent_wrong_output,integrity_check_abort
7400,10,7,silent_wrong_output,integrity_check_abort
7402,440,1,silent_wrong_output,integrity_check_abort
7403,634,6,silent_wrong_output,integrity_check_abort
7404,374,4,silent_wrong_output,integrity_check_abort
7408,323,6,silent_wrong_output,integrity_check_abort
7412,569,7,silent_wrong_output,integrity_check_abort
7413,578,4,silent_wrong_output,integrity_check_abort
7414,589,7,silent_wrong_output,integrity_check_abort
7415,732,0,silent_wrong_output,integrity_check_abort
7417,258,0,silent_wrong_output,integrity_check_abort
7419,313,3,silent_wrong_output,integrity_check_abort
7421,468,2,silent_wrong_output,integrity_check_abort
7422,417,4,silent_wrong_output,integrity_check_abort
7423,640,6,silent_wrong_output,integrity_check_abort
7428,144,0,silent_wrong_output,integrity_check_abort
7429,421,6,silent_wrong_output,integrity_check_abort
7430,374,1,silent_wrong_output,integrity_check_abort
7432,358,4,silent_wrong_output,integrity_check_abort
7433,218,7,silent_wrong_output,integrity_check_abort
7438,471,0,silent_wrong_output,integrity_check_abort
7441,656,6,silent_wrong_output,integrity_check_abort
7443,248,7,silent_wrong_output,integrity_check_abort
7444,402,7,silent_wrong_output,integrity_check_abort
7445,243,6,silent_wrong_output,integrity_check_abort
7447,596,5,silent_wrong_output,integrity_check_abort
7450,653,5,silent_wrong_output,integrity_check_abort
7456,591,2,silent_wrong_output,integrity_check_abort
7457,152,6,silent_wrong_output,integrity_check_abort
7458,219,1,silent_wrong_output,integrity_check_abort
7459,594,0,silent_wrong_output,integrity_check_abort
7463,701,5,silent_wrong_output,integrity_check_abort
7464,161,0,silent_wrong_output,integrity_check_abort
7465,204,3,silent_wrong_output,integrity_check_abort
7466,383,2,silent_wrong_output,integrity_check_abort
7471,649,1,silent_wrong_output,integrity_check_abort
7473,466,2,silent_wrong_output,integrity_check_abort
7474,17,6,silent_wrong_output,integrity_check_abort
7475,358,6,silent_wrong_output,integrity_check_abort
7480,231,6,silent_wrong_output,integrity_check_abort
7481,323,3,silent_wrong_output,integrity_check_abort
7483,745,2,silent_wrong_output,integrity_check_abort
7484,633,5,silent_wrong_output,integrity_check_abort
7485,461,4,silent_wrong_output,integrity_check_abort
7487,610,7,silent_wrong_output,integrity_check_abort
7489,738,5,silent_wrong_output,integrity_check_abort
7490,415,6,silent_wrong_output,integrity_check_abort
7492,465,6,silent_wrong_output,integrity_check_abort
7496,114,5,silent_wrong_output,integrity_check_abort
7497,718,1,silent_wrong_output,integrity_check_abort
7498,628,3,silent_wrong_output,integrity_check_abort
7499,749,3,silent_wrong_output,integrity_check_abort
7500,612,3,silent_wrong_output,integrity_check_abort
7501,330,7,silent_wrong_output,integrity_check_abort
7502,489,4,silent_wrong_output,integrity_check_abort
7505,513,4,silent_wrong_output,integrity_check_abort
7507,532,4,silent_wrong_output,integrity_check_abort
7509,694,3,silent_wrong_output,integrity_check_abort
7512,434,1,silent_wrong_output,integrity_check_abort
7513,182,0,silent_wrong_output,integrity_check_abort
7518,596,1,silent_wrong_output,integrity_check_abort
7519,268,7,silent_wrong_output,integrity_check_abort
7522,32,2,silent_wrong_output,integrity_check_abort
7524,369,4,silent_wrong_output,integrity_check_abort
7525,582,5,silent_wrong_output,integrity_check_abort
7526,500,6,silent_wrong_output,integrity_check_abort
7529,595,6,silent_wrong_output,integrity_check_abort
7533,86,4,silent_wrong_output,integrity_check_abort
7536,335,3,silent_wrong_output,integrity_check_abort
7540,133,0,silent_wrong_output,integrity_check_abort
7542,199,4,silent_wrong_output,integrity_check_abort
7544,532,0,silent_wrong_output,integrity_check_abort
7545,287,3,silent_wrong_output,integrity_check_abort
7548,392,6,silent_wrong_output,integrity_check_abort
7549,725,6,silent_wrong_output,integrity_check_abort
7550,490,6,silent_wrong_output,integrity_check_abort
7551,137,5,silent_wrong_output,integrity_check_abort
7556,588,3,silent_wrong_output,integrity_check_abort
7565,637,6,silent_wrong_output,integrity_check_abort
7567,229,0,silent_wrong_output,integrity_check_abort
7568,745,2,silent_wrong_output,integrity_check_abort
7570,198,1,silent_wrong_output,integrity_check_abort
7573,751,2,silent_wrong_output,integrity_check_abort
7574,110,0,silent_wrong_output,integrity_check_abort
7579,547,3,silent_wrong_output,integrity_check_abort
7582,355,0,silent_wrong_output,integrity_check_abort
7584,95,1,silent_wrong_output,integrity_check_abort
7586,757,7,silent_wrong_output,integrity_check_abort
7588,145,4,silent_wrong_output,integrity_check_abort
7590,294,1,silent_wrong_output,integrity_check_abort
7594,708,4,silent_wrong_output,integrity_check_abort
7595,207,2,silent_wrong_output,integrity_check_abort
7597,641,4,silent_wrong_output,integrity_check_abort
7599,421,4,silent_wrong_output,integrity_check_abort
7600,438,1,silent_wrong_output,integrity_check_abort
7601,114,2,silent_wrong_output,integrity_check_abort
7602,480,4,silent_wrong_output,integrity_check_abort
7604,490,6,silent_wrong_output,integrity_check_abort
7605,352,7,silent_wrong_output,integrity_check_abort
7610,92,5,silent_wrong_output,integrity_check_abort
7612,420,1,silent_wrong_output,integrity_check_abort
7614,472,0,silent_wrong_output,integrity_check_abort
7615,46,1,silent_wrong_output,integrity_check_abort
7616,506,4,silent_wrong_output,integrity_check_abort
7620,227,7,silent_wrong_output,integrity_check_abort
7621,153,7,silent_wrong_output,integrity_check_abort
7628,665,3,silent_wrong_output,integrity_check_abort
7629,202,5,silent_wrong_output,integrity_check_abort
7630,592,6,silent_wrong_output,integrity_check_abort
7631,48,2,silent_wrong_output,integrity_check_abort
7634,370,3,silent_wrong_output,integrity_check_abort
7636,351,1,silent_wrong_output,integrity_check_abort
7637,263,2,silent_wrong_output,integrity_check_abort
7641,119,3,silent_wrong_output,integrity_check_abort
7642,185,7,silent_wrong_output,integrity_check_abort
7643,325,7,silent_wrong_output,integrity_check_abort
7647,522,1,silent_wrong_output,integrity_check_abort
7650,405,4,silent_wrong_output,integrity_check_abort
7652,389,2,silent_wrong_output,integrity_check_abort
7653,181,5,silent_wrong_output,integrity_check_abort
7654,339,0,silent_wrong_output,integrity_check_abort
7656,498,6,silent_wrong_output,integrity_check_abort
7659,90,4,silent_wrong_output,integrity_check_abort
7660,243,3,silent_wrong_output,integrity_check_abort
7661,621,1,silent_wrong_output,integrity_check_abort
7662,261,6,silent_wrong_output,integrity_check_abort
7665,119,4,silent_wrong_output,integrity_check_abort
7667,196,4,silent_wrong_output,integrity_check_abort
7668,583,6,silent_wrong_output,integrity_check_abort
7669,267,3,silent_wrong_output,integrity_check_abort
7672,429,4,silent_wrong_output,integrity_check_abort
7673,448,3,silent_wrong_output,integrity_check_abort
7677,572,1,silent_wrong_output,integrity_check_abort
7678,279,4,silent_wrong_output,integrity_check_abort
7679,171,0,silent_wrong_output,integrity_check_abort
7682,325,3,silent_wrong_output,integrity_check_abort
7683,557,0,silent_wrong_output,integrity_check_abort
7684,683,3,silent_wrong_output,integrity_check_abort
7685,660,7,silent_wrong_output,integrity_check_abort
7686,272,7,silent_wrong_output,integrity_check_abort
7687,305,3,silent_wrong_output,integrity_check_abort
7693,189,5,silent_wrong_output,integrity_check_abort
7694,355,4,silent_wrong_output,integrity_check_abort
7695,382,7,silent_wrong_output,integrity_check_abort
7696,371,5,silent_wrong_output,integrity_check_abort
7698,413,2,silent_wrong_output,integrity_check_abort
7699,194,4,silent_wrong_output,integrity_check_abort
7701,599,6,silent_wrong_output,integrity_check_abort
7708,343,6,silent_wrong_output,integrity_check_abort
7710,411,5,silent_wrong_output,integrity_check_abort
7711,501,3,silent_wrong_output,integrity_check_abort
7713,178,5,silent_wrong_output,integrity_check_abort
7714,450,7,silent_wrong_output,integrity_check_abort
7715,516,1,silent_wrong_output,integrity_check_abort
7716,188,6,silent_wrong_output,integrity_check_abort
7718,207,7,silent_wrong_output,integrity_check_abort
7720,111,2,silent_wrong_output,integrity_check_abort
7721,483,3,silent_wrong_output,integrity_check_abort
7723,474,3,silent_wrong_output,integrity_check_abort
7728,707,0,silent_wrong_output,integrity_check_abort
7729,556,2,silent_wrong_output,integrity_check_abort
7730,605,1,silent_wrong_output,integrity_check_abort
7732,593,3,silent_wrong_output,integrity_check_abort
7734,408,4,silent_wrong_output,integrity_check_abort
7737,501,5,silent_wrong_output,integrity_check_abort
7739,710,6,silent_wrong_output,integrity_check_abort
7740,474,3,silent_wrong_output,integrity_check_abort
7741,565,2,silent_wrong_output,integrity_check_abort
7743,103,5,silent_wrong_output,integrity_check_abort
7745,330,4,silent_wrong_output,integrity_check_abort
7746,79,3,silent_wrong_output,integrity_check_abort
7747,239,2,silent_wrong_output,integrity_check_abort
7749,510,5,silent_wrong_output,integrity_check_abort
7751,251,6,silent_wrong_output,integrity_check_abort
7752,219,4,silent_wrong_output,integrity_check_abort
7753,597,6,silent_wrong_output,integrity_check_abort
7755,160,0,silent_wrong_output,integrity_check_abort
7756,695,6,silent_wrong_output,integrity_check_abort
7758,671,0,silent_wrong_output,integrity_check_abort
7759,571,7,silent_wrong_output,integrity_check_abort
7760,354,1,silent_wrong_output,integrity_check_abort
7761,501,4,silent_wrong_output,integrity_check_abort
7763,712,0,silent_wrong_output,integrity_check_abort
7767,471,1,silent_wrong_output,integrity_check_abort
7768,219,2,silent_wrong_output,integrity_check_abort
7771,304,5,silent_wrong_output,integrity_check_abort
7772,62,5,silent_wrong_output,integrity_check_abort
7773,238,4,silent_wrong_output,integrity_check_abort
7774,171,5,silent_wrong_output,integrity_check_abort
7776,743,1,silent_wrong_output,integrity_check_abort
7779,465,7,silent_wrong_output,integrity_check_abort
7780,756,7,silent_wrong_output,integrity_check_abort
7781,335,4,silent_wrong_output,integrity_check_abort
7783,432,0,silent_wrong_output,integrity_check_abort
7784,374,1,silent_wrong_output,integrity_check_abort
7785,351,7,silent_wrong_output,integrity_check_abort
7790,118,6,silent_wrong_output,integrity_check_abort
7791,197,0,silent_wrong_output,integrity_check_abort
7795,573,3,silent_wrong_output,integrity_check_abort
7797,557,2,silent_wrong_output,integrity_check_abort
7799,215,3,silent_wrong_output,integrity_check_abort
7800,98,0,silent_wrong_output,integrity_check_abort
7805,532,0,silent_wrong_output,integrity_check_abort
7806,437,6,silent_wrong_output,integrity_check_abort
7807,62,6,silent_wrong_output,integrity_check_abort
7809,143,7,silent_wrong_output,integrity_check_abort
7811,55,2,silent_wrong_output,integrity_check_abort
7812,20,4,silent_wrong_output,integrity_check_abort
7813,7,0,silent_wrong_output,integrity_check_abort
7814,60,3,silent_wrong_output,integrity_check_abort
7816,381,3,silent_wrong_output,integrity_check_abort
7817,194,3,silent_wrong_output,integrity_check_abort
7818,52,5,silent_wrong_output,integrity_check_abort
7823,611,0,silent_wrong_output,integrity_check_abort
7825,649,0,silent_wrong_output,integrity_check_abort
7828,321,6,silent_wrong_output,integrity_check_abort
7829,476,1,silent_wrong_output,integrity_check_abort
7832,146,2,silent_wrong_output,integrity_check_abort
7834,484,6,silent_wrong_output,integrity_check_abort
7843,720,3,silent_wrong_output,integrity_check_abort
7845,514,4,silent_wrong_output,integrity_check_abort
7847,598,4,silent_wrong_output,integrity_check_abort
7848,281,7,silent_wrong_output,integrity_check_abort
7851,224,1,silent_wrong_output,integrity_check_abort
7853,391,4,silent_wrong_output,integrity_check_abort
7854,91,3,silent_wrong_output,integrity_check_abort
7855,676,3,silent_wrong_output,integrity_check_abort
7857,573,3,silent_wrong_output,integrity_check_abort
7864,295,0,silent_wrong_output,integrity_check_abort
7865,452,0,silent_wrong_output,integrity_check_abort
7866,273,3,silent_wrong_output,integrity_check_abort
7869,276,7,silent_wrong_output,integrity_check_abort
7870,92,6,silent_wrong_output,integrity_check_abort
7872,143,4,silent_wrong_output,integrity_check_abort
7875,485,0,silent_wrong_output,integrity_check_abort
7876,304,7,silent_wrong_output,integrity_check_abort
7879,648,5,silent_wrong_output,integrity_check_abort
7881,177,4,silent_wrong_output,integrity_check_abort
7882,635,6,silent_wrong_output,integrity_check_abort
7884,667,4,silent_wrong_output,integrity_check_abort
7885,53,4,silent_wrong_output,integrity_check_abort
7886,565,1,silent_wrong_output,integrity_check_abort
7894,642,4,silent_wrong_output,integrity_check_abort
7900,324,4,silent_wrong_output,integrity_check_abort
7902,160,6,silent_wrong_output,integrity_check_abort
7903,559,5,silent_wrong_output,integrity_check_abort
7904,500,5,silent_wrong_output,integrity_check_abort
7909,604,0,silent_wrong_output,integrity_check_abort
7910,512,5,silent_wrong_output,integrity_check_abort
7911,568,5,silent_wrong_output,integrity_check_abort
7914,537,2,silent_wrong_output,integrity_check_abort
7915,123,4,silent_wrong_output,integrity_check_abort
7916,374,1,silent_wrong_output,integrity_check_abort
7917,117,1,silent_wrong_output,integrity_check_abort
7920,4,7,silent_wrong_output,integrity_check_abort
7922,408,3,silent_wrong_output,integrity_check_abort
7926,486,7,silent_wrong_output,integrity_check_abort
7928,650,2,silent_wrong_output,integrity_check_abort
7930,595,3,silent_wrong_output,integrity_check_abort
7931,281,3,silent_wrong_output,integrity_check_abort
7932,218,6,silent_wrong_output,integrity_check_abort
7934,286,6,silent_wrong_output,integrity_check_abort
7936,569,7,silent_wrong_output,integrity_check_abort
7937,549,4,silent_wrong_output,integrity_check_abort
7938,258,0,silent_wrong_output,integrity_check_abort
7939,236,1,silent_wrong_output,integrity_check_abort
7940,201,1,silent_wrong_output,integrity_check_abort
7942,712,2,silent_wrong_output,integrity_check_abort
7943,415,0,silent_wrong_output,integrity_check_abort
7946,325,7,silent_wrong_output,integrity_check_abort
7948,312,7,silent_wrong_output,integrity_check_abort
7949,520,6,silent_wrong_output,integrity_check_abort
7950,166,0,silent_wrong_output,integrity_check_abort
7955,142,6,silent_wrong_output,integrity_check_abort
7962,336,5,silent_wrong_output,integrity_check_abort
7963,590,0,silent_wrong_output,integrity_check_abort
7964,740,3,silent_wrong_output,integrity_check_abort
7969,608,2,silent_wrong_output,integrity_check_abort
7971,258,5,silent_wrong_output,integrity_check_abort
7974,494,5,silent_wrong_output,integrity_check_abort
7976,208,6,silent_wrong_output,integrity_check_abort
7979,600,3,silent_wrong_output,integrity_check_abort
7987,19,6,silent_wrong_output,integrity_check_abort
7988,92,4,silent_wrong_output,integrity_check_abort
7989,468,4,silent_wrong_output,integrity_check_abort
7991,671,0,silent_wrong_output,integrity_check_abort
7995,29,4,silent_wrong_output,integrity_check_abort
7996,343,3,silent_wrong_output,integrity_check_abort
7998,727,0,silent_wrong_output,integrity_check_abort
7999,34,7,silent_wrong_output,integrity_check_abort
8000,266,3,silent_wrong_output,integrity_check_abort
8002,337,5,silent_wrong_output,integrity_check_abort
8004,730,2,silent_wrong_output,integrity_check_abort
8006,186,0,silent_wrong_output,integrity_check_abort
8007,385,6,silent_wrong_output,integrity_check_abort
8008,307,1,silent_wrong_output,integrity_check_abort
8012,750,7,silent_wrong_output,integrity_check_abort
8013,566,5,silent_wrong_output,integrity_check_abort
8015,313,7,silent_wrong_output,integrity_check_abort
8018,748,1,silent_wrong_output,integrity_check_abort
8019,79,6,silent_wrong_output,integrity_check_abort
8021,311,0,silent_wrong_output,integrity_check_abort
8022,367,6,silent_wrong_output,integrity_check_abort
8025,323,3,silent_wrong_output,integrity_check_abort
8026,187,3,silent_wrong_output,integrity_check_abort
8027,94,3,silent_wrong_output,integrity_check_abort
8031,123,2,silent_wrong_output,integrity_check_abort
8032,680,5,silent_wrong_output,integrity_check_abort
8033,71,6,silent_wrong_output,integrity_check_abort
8034,58,5,silent_wrong_output,integrity_check_abort
8035,702,3,silent_wrong_output,integrity_check_abort
8036,578,7,silent_wrong_output,integrity_check_abort
8038,143,5,silent_wrong_output,integrity_check_abort
8040,475,1,silent_wrong_output,integrity_check_abort
8045,455,3,silent_wrong_output,integrity_check_abort
8047,676,3,silent_wrong_output,integrity_check_abort
8048,482,1,silent_wrong_output,integrity_check_abort
8050,553,2,silent_wrong_output,integrity_check_abort
8052,49,5,silent_wrong_output,integrity_check_abort
8054,525,3,silent_wrong_output,integrity_check_abort
8055,753,5,silent_wrong_output,integrity_check_abort
8056,319,4,silent_wrong_output,integrity_check_abort
8060,696,3,silent_wrong_output,integrity_check_abort
8064,451,0,silent_wrong_output,integrity_check_abort
8066,380,3,silent_wrong_output,integrity_check_abort
8072,714,5,silent_wrong_output,integrity_check_abort
8074,37,0,silent_wrong_output,integrity_check_abort
8076,734,1,silent_wrong_output,integrity_check_abort
8079,552,6,silent_wrong_output,integrity_check_abort
8080,114,4,silent_wrong_output,integrity_check_abort
8081,228,6,silent_wrong_output,integrity_check_abort
8084,289,3,silent_wrong_output,integrity_check_abort
8089,389,4,silent_wrong_output,integrity_check_abort
8090,62,4,silent_wrong_output,integrity_check_abort
8091,377,0,silent_wrong_output,integrity_check_abort
8092,79,2,silent_wrong_output,integrity_check_abort
8094,489,3,silent_wrong_output,integrity_check_abort
8095,247,4,silent_wrong_output,integrity_check_abort
8098,631,4,silent_wrong_output,integrity_check_abort
8101,21,1,silent_wrong_output,integrity_check_abort
8103,683,0,silent_wrong_output,integrity_check_abort
8104,748,7,silent_wrong_output,integrity_check_abort
8106,683,0,silent_wrong_output,integrity_check_abort
8108,737,1,silent_wrong_output,integrity_check_abort
8109,219,7,silent_wrong_output,integrity_check_abort
8111,427,0,silent_wrong_output,integrity_check_abort
8112,106,1,silent_wrong_output,integrity_check_abort
8114,240,3,silent_wrong_output,integrity_check_abort
8115,239,6,silent_wrong_output,integrity_check_abort
8117,511,4,silent_wrong_output,integrity_check_abort
8118,668,3,silent_wrong_output,integrity_check_abort
8121,164,0,silent_wrong_output,integrity_check_abort
8125,62,3,silent_wrong_output,integrity_check_abort
8126,650,5,silent_wrong_output,integrity_check_abort
8130,291,4,silent_wrong_output,integrity_check_abort
8131,462,0,silent_wrong_output,integrity_check_abort
8132,284,7,silent_wrong_output,integrity_check_abort
8133,228,6,silent_wrong_output,integrity_check_abort
8135,281,5,silent_wrong_output,integrity_check_abort
8137,163,5,silent_wrong_output,integrity_check_abort
8138,203,6,silent_wrong_output,integrity_check_abort
8141,430,5,silent_wrong_output,integrity_check_abort
8143,265,6,silent_wrong_output,integrity_check_abort
8145,517,0,silent_wrong_output,integrity_check_abort
8146,625,0,silent_wrong_output,integrity_check_abort
8148,514,0,silent_wrong_output,integrity_check_abort
8151,55,2,silent_wrong_output,integrity_check_abort
8152,191,6,silent_wrong_output,integrity_check_abort
8154,675,2,silent_wrong_output,integrity_check_abort
8155,180,3,silent_wrong_output,integrity_check_abort
8156,551,5,silent_wrong_output,integrity_check_abort
8157,211,7,silent_wrong_output,integrity_check_abort
8158,713,7,silent_wrong_output,integrity_check_abort
8159,536,6,silent_wrong_output,integrity_check_abort
8160,315,1,silent_wrong_output,integrity_check_abort
8161,57,4,silent_wrong_output,integrity_check_abort
8162,677,5,silent_wrong_output,integrity_check_abort
8164,459,4,silent_wrong_output,integrity_check_abort
8166,584,0,silent_wrong_output,integrity_check_abort
8167,205,4,silent_wrong_output,integrity_check_abort
8168,741,1,silent_wrong_output,integrity_check_abort
8170,305,4,silent_wrong_output,integrity_check_abort
8171,361,2,silent_wrong_output,integrity_check_abort
8172,55,3,silent_wrong_output,integrity_check_abort
8173,213,0,silent_wrong_output,integrity_check_abort
8174,728,4,silent_wrong_output,integrity_check_abort
8176,156,5,silent_wrong_output,integrity_check_abort
8177,373,0,silent_wrong_output,integrity_check_abort
8178,603,2,silent_wrong_output,integrity_check_abort
8179,752,7,silent_wrong_output,integrity_check_abort
8182,142,0,silent_wrong_output,integrity_check_abort
8183,51,4,silent_wrong_output,integrity_check_abort
8189,6,0,silent_wrong_output,integrity_check_abort
8193,377,7,silent_wrong_output,integrity_check_abort
8194,19,6,silent_wrong_output,integrity_check_abort
8195,743,6,silent_wrong_output,integrity_check_abort
8200,598,6,silent_wrong_output,integrity_check_abort
8202,121,7,silent_wrong_output,integrity_check_abort
8203,585,6,silent_wrong_output,integrity_check_abort
8204,692,4,silent_wrong_output,integrity_check_abort
8205,40,7,silent_wrong_output,integrity_check_abort
8208,437,0,silent_wrong_output,integrity_check_abort
8213,298,4,silent_wrong_output,integrity_check_abort
8214,98,1,silent_wrong_output,integrity_check_abort
8215,602,0,silent_wrong_output,integrity_check_abort
8216,193,5,silent_wrong_output,integrity_check_abort
8218,257,3,silent_wrong_output,integrity_check_abort
8221,517,7,silent_wrong_output,integrity_check_abort
8224,469,2,silent_wrong_output,integrity_check_abort
8229,758,1,silent_wrong_output,integrity_check_abort
8231,615,0,silent_wrong_output,integrity_check_abort
8232,112,7,silent_wrong_output,integrity_check_abort
8233,364,5,silent_wrong_output,integrity_check_abort
8234,0,3,silent_wrong_output,integrity_check_abort
8237,8,3,silent_wrong_output,integrity_check_abort
8239,591,6,silent_wrong_output,integrity_check_abort
8242,512,6,silent_wrong_output,integrity_check_abort
8243,67,5,silent_wrong_output,integrity_check_abort
8245,131,3,silent_wrong_output,integrity_check_abort
8247,20,1,silent_wrong_output,integrity_check_abort
8250,399,5,silent_wrong_output,integrity_check_abort
8252,83,5,silent_wrong_output,integrity_check_abort
8253,109,1,silent_wrong_output,integrity_check_abort
8254,212,2,silent_wrong_output,integrity_check_abort
8258,286,6,silent_wrong_output,integrity_check_abort
8259,336,4,silent_wrong_output,integrity_check_abort
8260,347,3,silent_wrong_output,integrity_check_abort
8261,261,4,silent_wrong_output,integrity_check_abort
8264,373,7,silent_wrong_output,integrity_check_abort
8265,173,1,silent_wrong_output,integrity_check_abort
8267,14,4,silent_wrong_output,integrity_check_abort
8268,65,0,silent_wrong_output,integrity_check_abort
8271,606,3,silent_wrong_output,integrity_check_abort
8273,483,3,silent_wrong_output,integrity_check_abort
8275,107,6,silent_wrong_output,integrity_check_abort
8276,458,3,silent_wrong_output,integrity_check_abort
8279,439,3,silent_wrong_output,integrity_check_abort
8282,494,1,silent_wrong_output,integrity_check_abort
8284,147,0,silent_wrong_output,integrity_check_abort
8287,581,6,silent_wrong_output,integrity_check_abort
8290,209,1,silent_wrong_output,integrity_check_abort
8291,511,3,silent_wrong_output,integrity_check_abort
8292,328,0,silent_wrong_output,integrity_check_abort
8295,352,3,silent_wrong_output,integrity_check_abort
8296,543,4,silent_wrong_output,integrity_check_abort
8297,590,3,silent_wrong_output,integrity_check_abort
8299,286,6,silent_wrong_output,integrity_check_abort
8301,324,4,silent_wrong_output,integrity_check_abort
8303,379,6,silent_wrong_output,integrity_check_abort
8305,741,4,silent_wrong_output,integrity_check_abort
8307,315,2,silent_wrong_output,integrity_check_abort
8310,52,6,silent_wrong_output,integrity_check_abort
8315,272,2,silent_wrong_output,integrity_check_abort
8319,581,2,silent_wrong_output,integrity_check_abort
8322,730,0,silent_wrong_output,integrity_check_abort
8326,678,3,silent_wrong_output,integrity_check_abort
8327,613,0,silent_wrong_output,integrity_check_abort
8328,488,4,silent_wrong_output,integrity_check_abort
8329,293,4,silent_wrong_output,integrity_check_abort
8330,622,5,silent_wrong_output,integrity_check_abort
8331,603,6,silent_wrong_output,integrity_check_abort
8332,197,1,silent_wrong_output,integrity_check_abort
8333,746,0,silent_wrong_output,integrity_check_abort
8334,692,0,silent_wrong_output,integrity_check_abort
8336,363,4,silent_wrong_output,integrity_check_abort
8338,217,5,silent_wrong_output,integrity_check_abort
8339,431,1,silent_wrong_output,integrity_check_abort
8341,354,2,silent_wrong_output,integrity_check_abort
8342,330,4,silent_wrong_output,integrity_check_abort
8343,294,3,silent_wrong_output,integrity_check_abort
8344,402,6,silent_wrong_output,integrity_check_abort
8346,311,7,silent_wrong_output,integrity_check_abort
8347,99,7,silent_wrong_output,integrity_check_abort
8349,742,4,silent_wrong_output,integrity_check_abort
8350,208,7,silent_wrong_output,integrity_check_abort
8351,371,0,silent_wrong_output,integrity_check_abort
8354,755,7,silent_wrong_output,integrity_check_abort
8357,515,5,silent_wrong_output,integrity_check_abort
8360,384,5,silent_wrong_output,integrity_check_abort
8369,469,0,silent_wrong_output,integrity_check_abort
8372,716,7,silent_wrong_output,integrity_check_abort
8373,436,5,silent_wrong_output,integrity_check_abort
8374,170,4,silent_wrong_output,integrity_check_abort
8377,596,2,silent_wrong_output,integrity_check_abort
8381,50,2,silent_wrong_output,integrity_check_abort
8391,380,7,silent_wrong_output,integrity_check_abort
8392,87,4,silent_wrong_output,integrity_check_abort
8397,113,3,silent_wrong_output,integrity_check_abort
8401,666,0,silent_wrong_output,integrity_check_abort
8404,571,1,silent_wrong_output,integrity_check_abort
8405,265,1,silent_wrong_output,integrity_check_abort
8406,430,1,silent_wrong_output,integrity_check_abort
8408,539,1,silent_wrong_output,integrity_check_abort
8410,518,4,silent_wrong_output,integrity_check_abort
8412,548,0,silent_wrong_output,integrity_check_abort
8414,508,4,silent_wrong_output,integrity_check_abort
8418,302,2,silent_wrong_output,integrity_check_abort
8420,359,1,silent_wrong_output,integrity_check_abort
8421,249,3,silent_wrong_output,integrity_check_abort
8424,671,2,silent_wrong_output,integrity_check_abort
8430,45,6,silent_wrong_output,integrity_check_abort
8432,141,3,silent_wrong_output,integrity_check_abort
8434,540,3,silent_wrong_output,integrity_check_abort
8435,159,5,silent_wrong_output,integrity_check_abort
8436,297,7,silent_wrong_output,integrity_check_abort
8437,483,2,silent_wrong_output,integrity_check_abort
8438,233,1,silent_wrong_output,integrity_check_abort
8441,475,2,silent_wrong_output,integrity_check_abort
8442,444,0,silent_wrong_output,integrity_check_abort
8453,53,1,silent_wrong_output,integrity_check_abort
8454,140,6,silent_wrong_output,integrity_check_abort
8455,50,0,silent_wrong_output,integrity_check_abort
8456,70,7,silent_wrong_output,integrity_check_abort
8458,481,4,silent_wrong_output,integrity_check_abort
8459,62,4,silent_wrong_output,integrity_check_abort
8460,713,6,silent_wrong_output,integrity_check_abort
8462,256,2,silent_wrong_output,integrity_check_abort
8463,540,7,silent_wrong_output,integrity_check_abort
8464,72,6,silent_wrong_output,integrity_check_abort
8465,596,5,silent_wrong_output,integrity_check_abort
8469,21,0,silent_wrong_output,integrity_check_abort
8472,443,5,silent_wrong_output,integrity_check_abort
8474,380,3,silent_wrong_output,integrity_check_abort
8475,673,3,silent_wrong_output,integrity_check_abort
8476,744,0,silent_wrong_output,integrity_check_abort
8478,434,5,silent_wrong_output,integrity_check_abort
8482,292,1,silent_wrong_output,integrity_check_abort
8486,544,7,silent_wrong_output,integrity_check_abort
8487,213,3,silent_wrong_output,integrity_check_abort
8488,424,0,silent_wrong_output,integrity_check_abort
8489,330,6,silent_wrong_output,integrity_check_abort
8493,669,3,silent_wrong_output,integrity_check_abort
8497,445,7,silent_wrong_output,integrity_check_abort
8499,86,4,silent_wrong_output,integrity_check_abort
8500,207,7,silent_wrong_output,integrity_check_abort
8501,40,0,silent_wrong_output,integrity_check_abort
8502,116,1,silent_wrong_output,integrity_check_abort
8503,226,3,silent_wrong_output,integrity_check_abort
8504,575,0,silent_wrong_output,integrity_check_abort
8505,522,5,silent_wrong_output,integrity_check_abort
8506,567,1,silent_wrong_output,integrity_check_abort
8507,588,1,silent_wrong_output,integrity_check_abort
8511,534,1,silent_wrong_output,integrity_check_abort
8512,400,6,silent_wrong_output,integrity_check_abort
8516,93,7,silent_wrong_output,integrity_check_abort
8517,404,1,silent_wrong_output,integrity_check_abort
8518,655,2,silent_wrong_output,integrity_check_abort
8519,502,0,silent_wrong_output,integrity_check_abort
8521,747,2,silent_wrong_output,integrity_check_abort
8524,310,7,silent_wrong_output,integrity_check_abort
8525,280,0,silent_wrong_output,integrity_check_abort
8526,147,4,silent_wrong_output,integrity_check_abort
8527,463,2,silent_wrong_output,integrity_check_abort
8530,308,2,silent_wrong_output,integrity_check_abort
8533,227,6,silent_wrong_output,integrity_check_abort
8538,582,2,silent_wrong_output,integrity_check_abort
8539,291,3,silent_wrong_output,integrity_check_abort
8540,9,3,silent_wrong_output,integrity_check_abort
8541,412,7,silent_wrong_output,integrity_check_abort
8542,213,0,silent_wrong_output,integrity_check_abort
8543,134,4,silent_wrong_output,integrity_check_abort
8544,219,7,silent_wrong_output,integrity_check_abort
8547,354,2,silent_wrong_output,integrity_check_abort
8548,681,0,silent_wrong_output,integrity_check_abort
8549,739,0,silent_wrong_output,integrity_check_abort
8552,435,6,silent_wrong_output,integrity_check_abort
8554,422,2,silent_wrong_output,integrity_check_abort
8556,58,7,silent_wrong_output,integrity_check_abort
8557,656,1,silent_wrong_output,integrity_check_abort
8564,40,1,silent_wrong_output,integrity_check_abort
8565,219,6,silent_wrong_output,integrity_check_abort
8567,497,7,silent_wrong_output,integrity_check_abort
8569,5,3,silent_wrong_output,integrity_check_abort
8572,593,5,silent_wrong_output,integrity_check_abort
8573,310,4,silent_wrong_output,integrity_check_abort
8574,761,0,silent_wrong_output,integrity_check_abort
8575,680,6,silent_wrong_output,integrity_check_abort
8578,642,6,silent_wrong_output,integrity_check_abort
8580,653,5,silent_wrong_output,integrity_check_abort
8584,47,1,silent_wrong_output,integrity_check_abort
8586,741,0,silent_wrong_output,integrity_check_abort
8589,533,0,silent_wrong_output,integrity_check_abort
8590,542,5,silent_wrong_output,integrity_check_abort
8591,253,6,silent_wrong_output,integrity_check_abort
8592,308,0,silent_wrong_output,integrity_check_abort
8593,144,0,silent_wrong_output,integrity_check_abort
8594,389,7,silent_wrong_output,integrity_check_abort
8595,429,4,silent_wrong_output,integrity_check_abort
8597,725,7,silent_wrong_output,integrity_check_abort
8599,718,2,silent_wrong_output,integrity_check_abort
8602,607,2,silent_wrong_output,integrity_check_abort
8603,684,4,silent_wrong_output,integrity_check_abort
8604,429,7,silent_wrong_output,integrity_check_abort
8607,43,7,silent_wrong_output,integrity_check_abort
8608,510,7,silent_wrong_output,integrity_check_abort
8609,310,7,silent_wrong_output,integrity_check_abort
8617,169,2,silent_wrong_output,integrity_check_abort
8618,509,4,silent_wrong_output,integrity_check_abort
8619,414,6,silent_wrong_output,integrity_check_abort
8620,748,3,silent_wrong_output,integrity_check_abort
8621,619,3,silent_wrong_output,integrity_check_abort
8622,196,4,silent_wrong_output,integrity_check_abort
8626,389,1,silent_wrong_output,integrity_check_abort
8628,321,4,silent_wrong_output,integrity_check_abort
8629,580,0,silent_wrong_output,integrity_check_abort
8632,530,5,silent_wrong_output,integrity_check_abort
8636,674,7,silent_wrong_output,integrity_check_abort
8639,185,5,silent_wrong_output,integrity_check_abort
8642,428,4,silent_wrong_output,integrity_check_abort
8645,548,5,silent_wrong_output,integrity_check_abort
8646,535,1,silent_wrong_output,integrity_check_abort
8647,49,7,silent_wrong_output,integrity_check_abort
8649,296,7,silent_wrong_output,integrity_check_abort
8650,630,6,silent_wrong_output,integrity_check_abort
8651,78,6,silent_wrong_output,integrity_check_abort
8652,42,3,silent_wrong_output,integrity_check_abort
8655,523,0,silent_wrong_output,integrity_check_abort
8656,61,5,silent_wrong_output,integrity_check_abort
8657,601,3,silent_wrong_output,integrity_check_abort
8658,83,7,silent_wrong_output,integrity_check_abort
8661,3,5,silent_wrong_output,integrity_check_abort
8666,467,6,silent_wrong_output,integrity_check_abort
8669,683,2,silent_wrong_output,integrity_check_abort
8670,65,7,silent_wrong_output,integrity_check_abort
8674,81,2,silent_wrong_output,integrity_check_abort
8677,518,7,silent_wrong_output,integrity_check_abort
8684,230,0,silent_wrong_output,integrity_check_abort
8686,646,6,silent_wrong_output,integrity_check_abort
8687,225,5,silent_wrong_output,integrity_check_abort
8691,653,1,silent_wrong_output,integrity_check_abort
8694,752,1,silent_wrong_output,integrity_check_abort
8696,300,3,silent_wrong_output,integrity_check_abort
8698,67,3,silent_wrong_output,integrity_check_abort
8701,274,7,silent_wrong_output,integrity_check_abort
8704,248,7,silent_wrong_output,integrity_check_abort
8705,156,0,silent_wrong_output,integrity_check_abort
8706,446,5,silent_wrong_output,integrity_check_abort
8707,703,3,silent_wrong_output,integrity_check_abort
8708,464,2,silent_wrong_output,integrity_check_abort
8709,124,3,silent_wrong_output,integrity_check_abort
8711,338,6,silent_wrong_output,integrity_check_abort
8712,422,4,silent_wrong_output,integrity_check_abort
8713,256,7,silent_wrong_output,integrity_check_abort
8715,147,1,silent_wrong_output,integrity_check_abort
8716,434,5,silent_wrong_output,integrity_check_abort
8720,146,4,silent_wrong_output,integrity_check_abort
8721,36,0,silent_wrong_output,integrity_check_abort
8728,387,1,silent_wrong_output,integrity_check_abort
8729,170,3,silent_wrong_output,integrity_check_abort
8732,11,7,silent_wrong_output,integrity_check_abort
8735,106,7,silent_wrong_output,integrity_check_abort
8736,414,1,silent_wrong_output,integrity_check_abort
8737,765,1,silent_wrong_output,integrity_check_abort
8738,456,7,silent_wrong_output,integrity_check_abort
8740,282,7,silent_wrong_output,integrity_check_abort
8744,582,6,silent_wrong_output,integrity_check_abort
8745,152,4,silent_wrong_output,integrity_check_abort
8746,95,7,silent_wrong_output,integrity_check_abort
8750,455,6,silent_wrong_output,integrity_check_abort
8751,152,1,silent_wrong_output,integrity_check_abort
8755,453,7,silent_wrong_output,integrity_check_abort
8757,384,1,silent_wrong_output,integrity_check_abort
8758,614,2,silent_wrong_output,integrity_check_abort
8759,509,4,silent_wrong_output,integrity_check_abort
8760,681,3,silent_wrong_output,integrity_check_abort
8762,546,6,silent_wrong_output,integrity_check_abort
8763,417,6,silent_wrong_output,integrity_check_abort
8764,279,5,silent_wrong_output,integrity_check_abort
8767,346,7,silent_wrong_output,integrity_check_abort
8769,3,5,silent_wrong_output,integrity_check_abort
8775,378,0,silent_wrong_output,integrity_check_abort
8776,187,7,silent_wrong_output,integrity_check_abort
8777,711,7,silent_wrong_output,integrity_check_abort
8779,47,4,silent_wrong_output,integrity_check_abort
8782,332,1,silent_wrong_output,integrity_check_abort
8783,396,7,silent_wrong_output,integrity_check_abort
8786,194,1,silent_wrong_output,integrity_check_abort
8790,697,7,silent_wrong_output,integrity_check_abort
8794,360,7,silent_wrong_output,integrity_check_abort
8796,766,7,silent_wrong_output,integrity_check_abort
8797,206,4,silent_wrong_output,integrity_check_abort
8800,556,1,silent_wrong_output,integrity_check_abort
8805,413,1,silent_wrong_output,integrity_check_abort
8806,456,0,silent_wrong_output,integrity_check_abort
8807,198,3,silent_wrong_output,integrity_check_abort
8809,653,1,silent_wrong_output,integrity_check_abort
8810,712,4,silent_wrong_output,integrity_check_abort
8811,684,7,silent_wrong_output,integrity_check_abort
8812,732,0,silent_wrong_output,integrity_check_abort
8815,324,6,silent_wrong_output,integrity_check_abort
8817,373,6,silent_wrong_output,integrity_check_abort
8818,565,1,silent_wrong_output,integrity_check_abort
8819,569,0,silent_wrong_output,integrity_check_abort
8821,18,6,silent_wrong_output,integrity_check_abort
8822,548,7,silent_wrong_output,integrity_check_abort
8825,79,2,silent_wrong_output,integrity_check_abort
8826,34,2,silent_wrong_output,integrity_check_abort
8828,328,3,silent_wrong_output,integrity_check_abort
8829,660,2,silent_wrong_output,integrity_check_abort
8832,246,4,silent_wrong_output,integrity_check_abort
8834,167,3,silent_wrong_output,integrity_check_abort
8837,332,3,silent_wrong_output,integrity_check_abort
8838,154,7,silent_wrong_output,integrity_check_abort
8839,536,2,silent_wrong_output,integrity_check_abort
8840,489,2,silent_wrong_output,integrity_check_abort
8841,740,1,silent_wrong_output,integrity_check_abort
8843,628,4,silent_wrong_output,integrity_check_abort
8844,664,0,silent_wrong_output,integrity_check_abort
8845,366,5,silent_wrong_output,integrity_check_abort
8847,608,3,silent_wrong_output,integrity_check_abort
8849,374,4,silent_wrong_output,integrity_check_abort
8851,23,3,silent_wrong_output,integrity_check_abort
8852,418,3,silent_wrong_output,integrity_check_abort
8855,670,6,silent_wrong_output,integrity_check_abort
8856,500,3,silent_wrong_output,integrity_check_abort
8857,761,3,silent_wrong_output,integrity_check_abort
8858,655,6,silent_wrong_output,integrity_check_abort
8861,147,7,silent_wrong_output,integrity_check_abort
8864,653,6,silent_wrong_output,integrity_check_abort
8867,634,4,silent_wrong_output,integrity_check_abort
8868,506,7,silent_wrong_output,integrity_check_abort
8870,476,2,silent_wrong_output,integrity_check_abort
8878,430,1,silent_wrong_output,integrity_check_abort
8884,638,3,silent_wrong_output,integrity_check_abort
8887,423,3,silent_wrong_output,integrity_check_abort
8888,502,1,silent_wrong_output,integrity_check_abort
8890,670,3,silent_wrong_output,integrity_check_abort
8891,171,4,silent_wrong_output,integrity_check_abort
8892,470,3,silent_wrong_output,integrity_check_abort
8893,667,7,silent_wrong_output,integrity_check_abort
8894,570,4,silent_wrong_output,integrity_check_abort
8896,234,3,silent_wrong_output,integrity_check_abort
8900,601,1,silent_wrong_output,integrity_check_abort
8906,13,7,silent_wrong_output,integrity_check_abort
8908,337,1,silent_wrong_output,integrity_check_abort
8909,703,0,silent_wrong_output,integrity_check_abort
8911,554,6,silent_wrong_output,integrity_check_abort
8916,367,7,silent_wrong_output,integrity_check_abort
8917,229,2,silent_wrong_output,integrity_check_abort
8918,82,1,silent_wrong_output,integrity_check_abort
8921,760,6,silent_wrong_output,integrity_check_abort
8924,389,5,silent_wrong_output,integrity_check_abort
8930,268,5,silent_wrong_output,integrity_check_abort
8931,533,4,silent_wrong_output,integrity_check_abort
8933,322,3,silent_wrong_output,integrity_check_abort
8936,548,6,silent_wrong_output,integrity_check_abort
8937,168,6,silent_wrong_output,integrity_check_abort
8939,278,2,silent_wrong_output,integrity_check_abort
8940,378,5,silent_wrong_output,integrity_check_abort
8942,482,4,silent_wrong_output,integrity_check_abort
8943,606,2,silent_wrong_output,integrity_check_abort
8945,286,5,silent_wrong_output,integrity_check_abort
8947,254,0,silent_wrong_output,integrity_check_abort
8948,443,7,silent_wrong_output,integrity_check_abort
8953,585,7,silent_wrong_output,integrity_check_abort
8959,57,3,silent_wrong_output,integrity_check_abort
8960,584,0,silent_wrong_output,integrity_check_abort
8962,95,2,silent_wrong_output,integrity_check_abort
8963,660,2,silent_wrong_output,integrity_check_abort
8964,77,4,silent_wrong_output,integrity_check_abort
8965,330,2,silent_wrong_output,integrity_check_abort
8966,50,2,silent_wrong_output,integrity_check_abort
8968,154,6,silent_wrong_output,integrity_check_abort
8970,68,2,silent_wrong_output,integrity_check_abort
8971,264,1,silent_wrong_output,integrity_check_abort
8973,20,5,silent_wrong_output,integrity_check_abort
8974,168,2,silent_wrong_output,integrity_check_abort
8978,516,4,silent_wrong_output,integrity_check_abort
8979,668,3,silent_wrong_output,integrity_check_abort
8982,728,4,silent_wrong_output,integrity_check_abort
8984,243,4,silent_wrong_output,integrity_check_abort
8989,181,1,silent_wrong_output,integrity_check_abort
8990,98,7,silent_wrong_output,integrity_check_abort
8991,643,4,silent_wrong_output,integrity_check_abort
8992,399,2,silent_wrong_output,integrity_check_abort
8993,591,4,silent_wrong_output,integrity_check_abort
8995,516,0,silent_wrong_output,integrity_check_abort
8996,408,3,silent_wrong_output,integrity_check_abort
9000,199,1,silent_wrong_output,integrity_check_abort
9005,298,5,silent_wrong_output,integrity_check_abort
9006,380,2,silent_wrong_output,integrity_check_abort
9008,445,4,silent_wrong_output,integrity_check_abort
9009,511,1,silent_wrong_output,integrity_check_abort
9010,415,4,silent_wrong_output,integrity_check_abort
9011,396,0,silent_wrong_output,integrity_check_abort
9020,341,3,silent_wrong_output,integrity_check_abort
9026,259,1,silent_wrong_output,integrity_check_abort
9027,436,2,silent_wrong_output,integrity_check_abort
9030,371,2,silent_wrong_output,integrity_check_abort
9031,765,0,silent_wrong_output,integrity_check_abort
9038,249,0,silent_wrong_output,integrity_check_abort
9039,542,0,silent_wrong_output,integrity_check_abort
9040,34,3,silent_wrong_output,integrity_check_abort
9042,78,4,silent_wrong_output,integrity_check_abort
9045,439,7,silent_wrong_output,integrity_check_abort
9046,50,5,silent_wrong_output,integrity_check_abort
9048,36,0,silent_wrong_output,integrity_check_abort
9049,654,4,silent_wrong_output,integrity_check_abort
9050,383,3,silent_wrong_output,integrity_check_abort
9052,552,0,silent_wrong_output,integrity_check_abort
9053,602,0,silent_wrong_output,integrity_check_abort
9054,466,0,silent_wrong_output,integrity_check_abort
9057,17,3,silent_wrong_output,integrity_check_abort
9060,534,2,silent_wrong_output,integrity_check_abort
9061,648,7,silent_wrong_output,integrity_check_abort
9064,290,1,silent_wrong_output,integrity_check_abort
9067,433,1,silent_wrong_output,integrity_check_abort
9068,754,6,silent_wrong_output,integrity_check_abort
9070,749,5,silent_wrong_output,integrity_check_abort
9075,180,7,silent_wrong_output,integrity_check_abort
9076,193,6,silent_wrong_output,integrity_check_abort
9077,196,1,silent_wrong_output,integrity_check_abort
9082,604,7,silent_wrong_output,integrity_check_abort
9086,728,3,silent_wrong_output,integrity_check_abort
9088,639,6,silent_wrong_output,integrity_check_abort
9091,694,6,silent_wrong_output,integrity_check_abort
9093,478,1,silent_wrong_output,integrity_check_abort
9095,427,5,silent_wrong_output,integrity_check_abort
9098,391,7,silent_wrong_output,integrity_check_abort
9099,652,4,silent_wrong_output,integrity_check_abort
9101,296,2,silent_wrong_output,integrity_check_abort
9105,577,0,silent_wrong_output,integrity_check_abort
9107,275,2,silent_wrong_output,integrity_check_abort
9112,407,4,silent_wrong_output,integrity_check_abort
9114,434,3,silent_wrong_output,integrity_check_abort
9120,14,2,silent_wrong_output,integrity_check_abort
9121,736,5,silent_wrong_output,integrity_check_abort
9126,31,7,silent_wrong_output,integrity_check_abort
9127,450,0,silent_wrong_output,integrity_check_abort
9128,277,5,silent_wrong_output,integrity_check_abort
9130,181,5,silent_wrong_output,integrity_check_abort
9133,640,2,silent_wrong_output,integrity_check_abort
9135,78,7,silent_wrong_output,integrity_check_abort
9137,579,7,silent_wrong_output,integrity_check_abort
9138,163,5,silent_wrong_output,integrity_check_abort
9142,529,7,silent_wrong_output,integrity_check_abort
9143,520,7,silent_wrong_output,integrity_check_abort
9147,16,7,silent_wrong_output,integrity_check_abort
9156,168,2,silent_wrong_output,integrity_check_abort
9157,53,4,silent_wrong_output,integrity_check_abort
9158,529,2,silent_wrong_output,integrity_check_abort
9159,634,5,silent_wrong_output,integrity_check_abort
9160,170,6,silent_wrong_output,integrity_check_abort
9162,597,5,silent_wrong_output,integrity_check_abort
9163,246,1,silent_wrong_output,integrity_check_abort
9169,603,3,silent_wrong_output,integrity_check_abort
9172,103,0,silent_wrong_output,integrity_check_abort
9174,47,0,silent_wrong_output,integrity_check_abort
9175,240,3,silent_wrong_output,integrity_check_abort
9178,64,2,silent_wrong_output,integrity_check_abort
9181,687,0,silent_wrong_output,integrity_check_abort
9182,680,4,silent_wrong_output,integrity_check_abort
9183,474,0,silent_wrong_output,integrity_check_abort
9185,64,7,silent_wrong_output,integrity_check_abort
9186,17,6,silent_wrong_output,integrity_check_abort
9193,521,5,silent_wrong_output,integrity_check_abort
9194,606,6,silent_wrong_output,integrity_check_abort
9201,586,0,silent_wrong_output,integrity_check_abort
9204,352,2,silent_wrong_output,integrity_check_abort
9205,621,3,silent_wrong_output,integrity_check_abort
9206,178,2,silent_wrong_output,integrity_check_abort
9207,346,2,silent_wrong_output,integrity_check_abort
9208,632,4,silent_wrong_output,integrity_check_abort
9209,559,1,silent_wrong_output,integrity_check_abort
9211,679,7,silent_wrong_output,integrity_check_abort
9212,535,0,silent_wrong_output,integrity_check_abort
9215,79,4,silent_wrong_output,integrity_check_abort
9217,374,5,silent_wrong_output,integrity_check_abort
9218,442,1,silent_wrong_output,integrity_check_abort
9220,299,1,silent_wrong_output,integrity_check_abort
9223,45,0,silent_wrong_output,integrity_check_abort
9229,133,5,silent_wrong_output,integrity_check_abort
9230,517,6,silent_wrong_output,integrity_check_abort
9231,586,4,silent_wrong_output,integrity_check_abort
9232,174,6,silent_wrong_output,integrity_check_abort
9233,757,5,silent_wrong_output,integrity_check_abort
9235,436,5,silent_wrong_output,integrity_check_abort
9236,720,5,silent_wrong_output,integrity_check_abort
9237,535,7,silent_wrong_output,integrity_check_abort
9238,610,6,silent_wrong_output,integrity_check_abort
9239,273,1,silent_wrong_output,integrity_check_abort
9241,595,1,silent_wrong_output,integrity_check_abort
9242,580,7,silent_wrong_output,integrity_check_abort
9243,13,4,silent_wrong_output,integrity_check_abort
9246,490,3,silent_wrong_output,integrity_check_abort
9248,302,2,silent_wrong_output,integrity_check_abort
9249,713,0,silent_wrong_output,integrity_check_abort
9250,171,0,silent_wrong_output,integrity_check_abort
9251,576,6,silent_wrong_output,integrity_check_abort
9252,335,4,silent_wrong_output,integrity_check_abort
9253,689,7,silent_wrong_output,integrity_check_abort
9254,342,7,silent_wrong_output,integrity_check_abort
9255,719,0,silent_wrong_output,integrity_check_abort
9256,265,5,silent_wrong_output,integrity_check_abort
9260,583,7,silent_wrong_output,integrity_check_abort
9261,39,7,silent_wrong_output,integrity_check_abort
9266,440,1,silent_wrong_output,integrity_check_abort
9270,413,2,silent_wrong_output,integrity_check_abort
9275,467,0,silent_wrong_output,integrity_check_abort
9277,114,3,silent_wrong_output,integrity_check_abort
9283,89,4,silent_wrong_output,integrity_check_abort
9286,615,6,silent_wrong_output,integrity_check_abort
9288,424,0,silent_wrong_output,integrity_check_abort
9291,88,7,silent_wrong_output,integrity_check_abort
9292,705,7,silent_wrong_output,integrity_check_abort
9293,420,4,silent_wrong_output,integrity_check_abort
9295,356,3,silent_wrong_output,integrity_check_abort
9302,626,3,silent_wrong_output,integrity_check_abort
9304,619,3,silent_wrong_output,integrity_check_abort
9306,453,4,silent_wrong_output,integrity_check_abort
9307,136,2,silent_wrong_output,integrity_check_abort
9308,100,2,silent_wrong_output,integrity_check_abort
9309,334,7,silent_wrong_output,integrity_check_abort
9310,316,0,silent_wrong_output,integrity_check_abort
9313,487,0,silent_wrong_output,integrity_check_abort
9315,531,6,silent_wrong_output,integrity_check_abort
9316,75,6,silent_wrong_output,integrity_check_abort
9317,91,6,silent_wrong_output,integrity_check_abort
9318,740,3,silent_wrong_output,integrity_check_abort
9321,439,4,silent_wrong_output,integrity_check_abort
9322,371,0,silent_wrong_output,integrity_check_abort
9325,247,5,silent_wrong_output,integrity_check_abort
9326,456,0,silent_wrong_output,integrity_check_abort
9327,169,3,silent_wrong_output,integrity_check_abort
9328,245,2,silent_wrong_output,integrity_check_abort
9330,238,6,silent_wrong_output,integrity_check_abort
9333,520,6,silent_wrong_output,integrity_check_abort
9335,562,2,silent_wrong_output,integrity_check_abort
9342,275,6,silent_wrong_output,integrity_check_abort
9344,724,2,silent_wrong_output,integrity_check_abort
9347,372,6,silent_wrong_output,integrity_check_abort
9350,7,6,silent_wrong_output,integrity_check_abort
9352,180,6,silent_wrong_output,integrity_check_abort
9354,429,0,silent_wrong_output,integrity_check_abort
9355,761,3,silent_wrong_output,integrity_check_abort
9363,85,1,silent_wrong_output,integrity_check_abort
9364,425,1,silent_wrong_output,integrity_check_abort
9365,213,2,silent_wrong_output,integrity_check_abort
9368,348,0,silent_wrong_output,integrity_check_abort
9371,278,6,silent_wrong_output,integrity_check_abort
9374,692,1,silent_wrong_output,integrity_check_abort
9375,359,4,silent_wrong_output,integrity_check_abort
9380,613,5,silent_wrong_output,integrity_check_abort
9381,261,5,silent_wrong_output,integrity_check_abort
9382,140,5,silent_wrong_output,integrity_check_abort
9383,680,5,silent_wrong_output,integrity_check_abort
9385,746,6,silent_wrong_output,integrity_check_abort
9387,434,3,silent_wrong_output,integrity_check_abort
9388,354,3,silent_wrong_output,integrity_check_abort
9392,188,7,silent_wrong_output,integrity_check_abort
9393,764,5,silent_wrong_output,integrity_check_abort
9396,1,2,silent_wrong_output,integrity_check_abort
9400,326,6,silent_wrong_output,integrity_check_abort
9402,152,3,silent_wrong_output,integrity_check_abort
9406,489,1,silent_wrong_output,integrity_check_abort
9407,380,6,silent_wrong_output,integrity_check_abort
9409,650,0,silent_wrong_output,integrity_check_abort
9414,429,1,silent_wrong_output,integrity_check_abort
9415,42,1,silent_wrong_output,integrity_check_abort
9418,494,6,silent_wrong_output,integrity_check_abort
9419,172,6,silent_wrong_output,integrity_check_abort
9420,565,7,silent_wrong_output,integrity_check_abort
9421,748,3,silent_wrong_output,integrity_check_abort
9422,278,7,silent_wrong_output,integrity_check_abort
9425,575,2,silent_wrong_output,integrity_check_abort
9433,538,0,silent_wrong_output,integrity_check_abort
9435,651,5,silent_wrong_output,integrity_check_abort
9437,727,7,silent_wrong_output,integrity_check_abort
9438,681,2,silent_wrong_output,integrity_check_abort
9439,6,2,silent_wrong_output,integrity_check_abort
9442,100,4,silent_wrong_output,integrity_check_abort
9444,170,7,silent_wrong_output,integrity_check_abort
9445,471,7,silent_wrong_output,integrity_check_abort
9446,649,7,silent_wrong_output,integrity_check_abort
9448,380,5,silent_wrong_output,integrity_check_abort
9453,388,5,silent_wrong_output,integrity_check_abort
9455,443,6,silent_wrong_output,integrity_check_abort
9456,85,0,silent_wrong_output,integrity_check_abort
9457,277,6,silent_wrong_output,integrity_check_abort
9458,74,7,silent_wrong_output,integrity_check_abort
9462,422,6,silent_wrong_output,integrity_check_abort
9465,66,1,silent_wrong_output,integrity_check_abort
9467,332,1,silent_wrong_output,integrity_check_abort
9468,710,0,silent_wrong_output,integrity_check_abort
9471,573,4,silent_wrong_output,integrity_check_abort
9472,720,4,silent_wrong_output,integrity_check_abort
9473,748,2,silent_wrong_output,integrity_check_abort
9474,279,7,silent_wrong_output,integrity_check_abort
9476,732,5,silent_wrong_output,integrity_check_abort
9478,340,2,silent_wrong_output,integrity_check_abort
9479,370,5,silent_wrong_output,integrity_check_abort
9480,140,0,silent_wrong_output,integrity_check_abort
9481,626,7,silent_wrong_output,integrity_check_abort
9483,516,5,silent_wrong_output,integrity_check_abort
9488,432,1,silent_wrong_output,integrity_check_abort
9489,653,5,silent_wrong_output,integrity_check_abort
9491,369,0,silent_wrong_output,integrity_check_abort
9493,655,0,silent_wrong_output,integrity_check_abort
9494,141,6,silent_wrong_output,integrity_check_abort
9496,648,4,silent_wrong_output,integrity_check_abort
9497,568,4,silent_wrong_output,integrity_check_abort
9499,534,1,silent_wrong_output,integrity_check_abort
9502,392,6,silent_wrong_output,integrity_check_abort
9503,604,7,silent_wrong_output,integrity_check_abort
9504,260,5,silent_wrong_output,integrity_check_abort
9505,615,4,silent_wrong_output,integrity_check_abort
9510,374,5,silent_wrong_output,integrity_check_abort
9511,760,0,silent_wrong_output,integrity_check_abort
9512,420,0,silent_wrong_output,integrity_check_abort
9516,38,1,silent_wrong_output,integrity_check_abort
9517,648,1,silent_wrong_output,integrity_check_abort
9521,569,6,silent_wrong_output,integrity_check_abort
9523,364,6,silent_wrong_output,integrity_check_abort
9524,105,6,silent_wrong_output,integrity_check_abort
9526,241,2,silent_wrong_output,integrity_check_abort
9527,572,6,silent_wrong_output,integrity_check_abort
9534,493,5,silent_wrong_output,integrity_check_abort
9535,762,4,silent_wrong_output,integrity_check_abort
9536,183,5,silent_wrong_output,integrity_check_abort
9537,392,6,silent_wrong_output,integrity_check_abort
9538,252,5,silent_wrong_output,integrity_check_abort
9540,566,1,silent_wrong_output,integrity_check_abort
9541,273,5,silent_wrong_output,integrity_check_abort
9544,242,6,silent_wrong_output,integrity_check_abort
9545,169,3,silent_wrong_output,integrity_check_abort
9546,727,7,silent_wrong_output,integrity_check_abort
9549,556,7,silent_wrong_output,integrity_check_abort
9550,380,5,silent_wrong_output,integrity_check_abort
9556,261,2,silent_wrong_output,integrity_check_abort
9559,94,2,silent_wrong_output,integrity_check_abort
9561,148,1,silent_wrong_output,integrity_check_abort
9568,205,7,silent_wrong_output,integrity_check_abort
9570,453,2,silent_wrong_output,integrity_check_abort
9573,757,0,silent_wrong_output,integrity_check_abort
9574,35,1,silent_wrong_output,integrity_check_abort
9576,75,2,silent_wrong_output,integrity_check_abort
9578,194,4,silent_wrong_output,integrity_check_abort
9579,387,3,silent_wrong_output,integrity_check_abort
9581,181,2,silent_wrong_output,integrity_check_abort
9583,290,6,silent_wrong_output,integrity_check_abort
9584,477,2,silent_wrong_output,integrity_check_abort
9585,384,5,silent_wrong_output,integrity_check_abort
9588,154,2,silent_wrong_output,integrity_check_abort
9589,716,0,silent_wrong_output,integrity_check_abort
9590,60,6,silent_wrong_output,integrity_check_abort
9594,677,4,silent_wrong_output,integrity_check_abort
9597,271,4,silent_wrong_output,integrity_check_abort
9598,624,5,silent_wrong_output,integrity_check_abort
9599,684,0,silent_wrong_output,integrity_check_abort
9602,481,1,silent_wrong_output,integrity_check_abort
9605,417,7,silent_wrong_output,integrity_check_abort
9606,343,0,silent_wrong_output,integrity_check_abort
9607,713,6,silent_wrong_output,integrity_check_abort
9608,587,5,silent_wrong_output,integrity_check_abort
9610,322,1,silent_wrong_output,integrity_check_abort
9613,547,0,silent_wrong_output,integrity_check_abort
9614,85,3,silent_wrong_output,integrity_check_abort
9619,371,7,silent_wrong_output,integrity_check_abort
9620,728,2,silent_wrong_output,integrity_check_abort
9625,136,7,silent_wrong_output,integrity_check_abort
9626,355,4,silent_wrong_output,integrity_check_abort
9630,372,3,silent_wrong_output,integrity_check_abort
9631,100,2,silent_wrong_output,integrity_check_abort
9635,115,7,silent_wrong_output,integrity_check_abort
9636,371,5,silent_wrong_output,integrity_check_abort
9638,67,7,silent_wrong_output,integrity_check_abort
9640,93,5,silent_wrong_output,integrity_check_abort
9644,501,3,silent_wrong_output,integrity_check_abort
9645,0,7,silent_wrong_output,integrity_check_abort
9647,690,0,silent_wrong_output,integrity_check_abort
9648,303,0,silent_wrong_output,integrity_check_abort
9651,106,4,silent_wrong_output,integrity_check_abort
9653,240,4,silent_wrong_output,integrity_check_abort
9655,548,1,silent_wrong_output,integrity_check_abort
9656,184,0,silent_wrong_output,integrity_check_abort
9657,634,3,silent_wrong_output,integrity_check_abort
9659,19,4,silent_wrong_output,integrity_check_abort
9660,720,1,silent_wrong_output,integrity_check_abort
9662,558,3,silent_wrong_output,integrity_check_abort
9663,126,7,silent_wrong_output,integrity_check_abort
9665,305,3,silent_wrong_output,integrity_check_abort
9667,645,1,silent_wrong_output,integrity_check_abort
9668,562,7,silent_wrong_output,integrity_check_abort
9670,329,3,silent_wrong_output,integrity_check_abort
9672,357,3,silent_wrong_output,integrity_check_abort
9673,748,6,silent_wrong_output,integrity_check_abort
9674,573,5,silent_wrong_output,integrity_check_abort
9676,591,0,silent_wrong_output,integrity_check_abort
9677,449,1,silent_wrong_output,integrity_check_abort
9680,400,1,silent_wrong_output,integrity_check_abort
9683,437,5,silent_wrong_output,integrity_check_abort
9684,422,7,silent_wrong_output,integrity_check_abort
9685,508,6,silent_wrong_output,integrity_check_abort
9689,675,7,silent_wrong_output,integrity_check_abort
9690,35,1,silent_wrong_output,integrity_check_abort
9694,587,1,silent_wrong_output,integrity_check_abort
9695,598,7,silent_wrong_output,integrity_check_abort
9699,435,1,silent_wrong_output,integrity_check_abort
9700,389,1,silent_wrong_output,integrity_check_abort
9705,470,7,silent_wrong_output,integrity_check_abort
9707,247,5,silent_wrong_output,integrity_check_abort
9708,482,3,silent_wrong_output,integrity_check_abort
9710,565,3,silent_wrong_output,integrity_check_abort
9713,319,4,silent_wrong_output,integrity_check_abort
9714,373,3,silent_wrong_output,integrity_check_abort
9715,620,0,silent_wrong_output,integrity_check_abort
9716,258,2,silent_wrong_output,integrity_check_abort
9720,724,6,silent_wrong_output,integrity_check_abort
9723,676,3,silent_wrong_output,integrity_check_abort
9724,373,1,silent_wrong_output,integrity_check_abort
9726,374,5,silent_wrong_output,integrity_check_abort
9727,130,4,silent_wrong_output,integrity_check_abort
9728,565,7,silent_wrong_output,integrity_check_abort
9731,512,5,silent_wrong_output,integrity_check_abort
9732,89,4,silent_wrong_output,integrity_check_abort
9734,252,4,silent_wrong_output,integrity_check_abort
9736,197,7,silent_wrong_output,integrity_check_abort
9740,478,6,silent_wrong_output,integrity_check_abort
9745,722,2,silent_wrong_output,integrity_check_abort
9746,379,0,silent_wrong_output,integrity_check_abort
9747,208,5,silent_wrong_output,integrity_check_abort
9749,144,4,silent_wrong_output,integrity_check_abort
9751,520,4,silent_wrong_output,integrity_check_abort
9756,307,6,silent_wrong_output,integrity_check_abort
9758,373,6,silent_wrong_output,integrity_check_abort
9759,577,6,silent_wrong_output,integrity_check_abort
9760,177,0,silent_wrong_output,integrity_check_abort
9761,561,0,silent_wrong_output,integrity_check_abort
9762,55,4,silent_wrong_output,integrity_check_abort
9763,541,5,silent_wrong_output,integrity_check_abort
9764,30,6,silent_wrong_output,integrity_check_abort
9767,454,6,silent_wrong_output,integrity_check_abort
9769,432,4,silent_wrong_output,integrity_check_abort
9770,491,6,silent_wrong_output,integrity_check_abort
9771,197,3,silent_wrong_output,integrity_check_abort
9772,674,7,silent_wrong_output,integrity_check_abort
9773,687,1,silent_wrong_output,integrity_check_abort
9776,7,5,silent_wrong_output,integrity_check_abort
9777,388,5,silent_wrong_output,integrity_check_abort
9778,664,4,silent_wrong_output,integrity_check_abort
9779,432,4,silent_wrong_output,integrity_check_abort
9783,651,5,silent_wrong_output,integrity_check_abort
9786,18,2,silent_wrong_output,integrity_check_abort
9789,167,0,silent_wrong_output,integrity_check_abort
9791,153,6,silent_wrong_output,integrity_check_abort
9793,457,6,silent_wrong_output,integrity_check_abort
9796,349,2,silent_wrong_output,integrity_check_abort
9800,528,7,silent_wrong_output,integrity_check_abort
9802,640,5,silent_wrong_output,integrity_check_abort
9803,404,1,silent_wrong_output,integrity_check_abort
9804,94,1,silent_wrong_output,integrity_check_abort
9805,429,6,silent_wrong_output,integrity_check_abort
9807,257,5,silent_wrong_output,integrity_check_abort
9808,330,7,silent_wrong_output,integrity_check_abort
9810,540,7,silent_wrong_output,integrity_check_abort
9812,29,3,silent_wrong_output,integrity_check_abort
9814,603,6,silent_wrong_output,integrity_check_abort
9815,232,6,silent_wrong_output,integrity_check_abort
9816,276,7,silent_wrong_output,integrity_check_abort
9818,733,6,silent_wrong_output,integrity_check_abort
9819,604,7,silent_wrong_output,integrity_check_abort
9823,629,3,silent_wrong_output,integrity_check_abort
9829,22,3,silent_wrong_output,integrity_check_abort
9831,352,2,silent_wrong_output,integrity_check_abort
9832,308,4,silent_wrong_output,integrity_check_abort
9834,15,7,silent_wrong_output,integrity_check_abort
9835,498,2,silent_wrong_output,integrity_check_abort
9836,249,7,silent_wrong_output,integrity_check_abort
9839,73,0,silent_wrong_output,integrity_check_abort
9840,320,7,silent_wrong_output,integrity_check_abort
9841,690,4,silent_wrong_output,integrity_check_abort
9843,248,0,silent_wrong_output,integrity_check_abort
9844,25,5,silent_wrong_output,integrity_check_abort
9845,317,0,silent_wrong_output,integrity_check_abort
9847,535,6,silent_wrong_output,integrity_check_abort
9848,460,3,silent_wrong_output,integrity_check_abort
9851,200,0,silent_wrong_output,integrity_check_abort
9852,728,4,silent_wrong_output,integrity_check_abort
9854,276,6,silent_wrong_output,integrity_check_abort
9858,537,2,silent_wrong_output,integrity_check_abort
9860,188,0,silent_wrong_output,integrity_check_abort
9861,95,3,silent_wrong_output,integrity_check_abort
9863,412,2,silent_wrong_output,integrity_check_abort
9869,356,4,silent_wrong_output,integrity_check_abort
9871,636,2,silent_wrong_output,integrity_check_abort
9873,280,1,silent_wrong_output,integrity_check_abort
9874,357,6,silent_wrong_output,integrity_check_abort
9877,245,2,silent_wrong_output,integrity_check_abort
9879,349,2,silent_wrong_output,integrity_check_abort
9880,84,0,silent_wrong_output,integrity_check_abort
9881,708,6,silent_wrong_output,integrity_check_abort
9882,278,5,silent_wrong_output,integrity_check_abort
9883,699,7,silent_wrong_output,integrity_check_abort
9885,487,1,silent_wrong_output,integrity_check_abort
9886,496,5,silent_wrong_output,integrity_check_abort
9887,729,5,silent_wrong_output,integrity_check_abort
9890,672,7,silent_wrong_output,integrity_check_abort
9891,449,0,silent_wrong_output,integrity_check_abort
9892,570,3,silent_wrong_output,integrity_check_abort
9896,376,7,silent_wrong_output,integrity_check_abort
9897,234,0,silent_wrong_output,integrity_check_abort
9898,597,6,silent_wrong_output,integrity_check_abort
9899,340,4,silent_wrong_output,integrity_check_abort
9900,74,3,silent_wrong_output,integrity_check_abort
9901,599,6,silent_wrong_output,integrity_check_abort
9906,683,7,silent_wrong_output,integrity_check_abort
9907,732,2,silent_wrong_output,integrity_check_abort
9909,751,1,silent_wrong_output,integrity_check_abort
9910,153,3,silent_wrong_output,integrity_check_abort
9912,668,0,silent_wrong_output,integrity_check_abort
9914,536,6,silent_wrong_output,integrity_check_abort
9915,159,2,silent_wrong_output,integrity_check_abort
9916,304,0,silent_wrong_output,integrity_check_abort
9921,435,3,silent_wrong_output,integrity_check_abort
9924,336,6,silent_wrong_output,integrity_check_abort
9925,760,2,silent_wrong_output,integrity_check_abort
9927,7,3,silent_wrong_output,integrity_check_abort
9930,82,0,silent_wrong_output,integrity_check_abort
9935,719,5,silent_wrong_output,integrity_check_abort
9937,746,4,silent_wrong_output,integrity_check_abort
9939,65,7,silent_wrong_output,integrity_check_abort
9940,563,7,silent_wrong_output,integrity_check_abort
9942,435,2,silent_wrong_output,integrity_check_abort
9944,456,5,silent_wrong_output,integrity_check_abort
9945,407,4,silent_wrong_output,integrity_check_abort
9947,40,6,silent_wrong_output,integrity_check_abort
9950,201,2,silent_wrong_output,integrity_check_abort
9952,126,2,silent_wrong_output,integrity_check_abort
9953,679,2,silent_wrong_output,integrity_check_abort
9954,294,4,silent_wrong_output,integrity_check_abort
9956,480,0,silent_wrong_output,integrity_check_abort
9957,275,1,silent_wrong_output,integrity_check_abort
9958,509,0,silent_wrong_output,integrity_check_abort
9959,762,3,silent_wrong_output,integrity_check_abort
9961,677,2,silent_wrong_output,integrity_check_abort
9962,558,5,silent_wrong_output,integrity_check_abort
9968,106,4,silent_wrong_output,integrity_check_abort
9969,420,0,silent_wrong_output,integrity_check_abort
9972,219,3,silent_wrong_output,integrity_check_abort
9974,595,5,silent_wrong_output,integrity_check_abort
9975,157,2,silent_wrong_output,integrity_check_abort
9976,508,0,silent_wrong_output,integrity_check_abort
9979,412,6,silent_wrong_output,integrity_check_abort
9980,324,4,silent_wrong_output,integrity_check_abort
9982,406,5,silent_wrong_output,integrity_check_abort
9983,266,5,silent_wrong_output,integrity_check_abort
9984,454,2,silent_wrong_output,integrity_check_abort
9990,419,6,silent_wrong_output,integrity_check_abort
9991,204,2,silent_wrong_output,integrity_check_abort
9992,316,7,silent_wrong_output,integrity_check_abort
9993,77,1,silent_wrong_output,integrity_check_abort
9994,57,5,silent_wrong_output,integrity_check_abort
9995,133,6,silent_wrong_output,integrity_check_abort
9996,399,4,silent_wrong_output,integrity_check_abort
