trial,aggressor_count,victim_offset,row_size_bytes,frr_pqc,frr_dnn
0,1,-1,1024,0.0,0.00390625
1,8,-2,4096,0.0,0.109375
2,4,1,1024,0.0,0.015625
3,2,1,4096,0.0,0.03125
4,2,-1,2048,0.0,0.015625
5,8,2,1024,0.0,0.03125
6,1,1,2048,0.0,0.0078125
7,4,-2,1024,0.0,0.015625
8,1,2,4096,0.0,0.015625
9,1,-2,1024,0.0,0.00390625
10,4,1,2048,0.0,0.03125
11,8,-1,1024,0.6274509803921569,0.03125
12,4,1,2048,0.0,0.03125
13,8,2,2048,0.5183823529411765,0.046875
14,4,1,1024,0.0,0.015625
15,8,1,4096,0.0,0.109375
16,4,2,1024,0.0,0.015625
17,1,1,1024,0.0,0.00390625
18,8,2,2048,0.0,0.0625
19,2,-1,1024,0.0,0.0078125
20,4,-2,2048,0.0,0.0234375
21,2,-2,4096,0.0,0.03125
22,1,1,1024,0.0,0.00390625
23,8,1,2048,0.0,0.0546875
24,8,-2,1024,0.0,0.03125
25,4,-2,1024,0.0,0.01171875
26,2,2,1024,0.0,0.0078125
27,8,1,1024,0.0,0.02734375
28,4,2,2048,0.0,0.03125
29,2,-2,4096,0.0,0.03125
30,2,-2,4096,0.0,0.03125
31,1,-1,1024,0.0,0.00390625
32,1,2,4096,0.0,0.015625
33,4,1,2048,0.0,0.03125
34,8,2,2048,0.0,0.0546875
35,1,-1,4096,0.0,0.015625
36,8,-1,2048,0.0,0.0625
37,8,1,1024,0.0,0.03125
38,2,2,2048,0.0,0.015625
39,4,-1,4096,0.0,0.0625
40,1,1,4096,0.0,0.015625
41,8,2,1024,0.0,0.03125
42,4,-1,4096,0.0,0.0625
43,2,2,1024,0.0,0.0078125
44,1,1,4096,0.0,0.0
45,8,2,1024,0.0,0.03125
46,2,-1,1024,0.0,0.0078125
47,8,1,4096,0.0,0.109375
48,4,-1,2048,0.0,0.03125
49,8,1,1024,0.0,0.03125
50,8,-1,1024,0.0,0.03125
51,1,1,1024,0.0,0.00390625
52,2,2,1024,0.0,0.0078125
53,2,-1,4096,0.0,0.015625
54,2,-1,1024,0.0,0.0078125
55,1,-1,1024,0.0,0.00390625
56,4,1,4096,0.0,0.0625
57,1,1,4096,0.0,0.015625
58,4,1,1024,0.0,0.015625
59,4,-2,2048,0.0,0.03125
60,8,-2,2048,0.0,0.0625
61,4,-2,2048,0.0,0.03125
62,2,2,1024,0.0,0.0078125
63,8,2,4096,0.0,0.125
64,2,-2,4096,0.0,0.03125
65,2,-2,4096,0.0,0.03125
66,8,2,4096,0.1881127450980392,0.125
67,2,1,1024,0.0,0.0078125
68,1,-1,2048,0.0,0.0078125
69,2,1,4096,0.0,0.03125
70,8,-2,2048,0.0,0.0625
71,1,-2,4096,0.0,0.015625
72,2,-1,2048,0.0,0.015625
73,1,2,4096,0.0,0.015625
74,4,2,4096,0.0,0.046875
75,2,-2,2048,0.0,0.015625
76,2,1,4096,0.0,0.03125
77,1,2,2048,0.0,0.0078125
78,4,2,1024,0.0,0.015625
79,4,2,2048,0.0,0.03125
80,8,-2,4096,0.0,0.125
81,2,-2,1024,0.0,0.0078125
82,1,-2,1024,0.0,0.00390625
83,8,-2,2048,0.0,0.0625
84,4,-2,2048,0.0,0.03125
85,4,-1,2048,0.0,0.03125
86,1,1,2048,0.0,0.0078125
87,2,-1,2048,0.0,0.015625
88,8,-1,1024,0.0,0.03125
89,8,-2,1024,0.0,0.02734375
90,2,-2,4096,0.0,0.03125
91,8,2,2048,0.0,0.046875
92,8,1,4096,0.0,0.125
93,2,-2,2048,0.0,0.015625
94,8,2,1024,0.0,0.03125
95,2,2,2048,0.0,0.015625
96,1,2,4096,0.003676470588235294,0.015625
97,4,-2,4096,0.0,0.046875
98,4,1,1024,0.0,0.015625
99,1,2,4096,0.0,0.015625
100,8,2,2048,0.0,0.0625
101,1,-2,1024,0.0,0.00390625
102,8,2,2048,0.0,0.0625
103,1,-1,1024,0.0,0.00390625
104,8,-1,1024,0.3388480392156863,0.03125
105,8,1,4096,0.8737745098039216,0.109375
106,8,2,4096,1.0,0.09375
107,4,-2,2048,0.0,0.03125
108,2,1,4096,0.0,0.03125
109,4,2,4096,0.0,0.0625
110,2,1,2048,0.0,0.015625
111,8,-1,1024,0.0,0.03125
112,4,-2,2048,0.0,0.03125
113,2,1,1024,0.0,0.0078125
114,4,1,4096,0.0,0.0625
115,4,1,2048,0.0,0.03125
116,1,2,4096,0.0,0.015625
117,1,1,4096,0.0,0.015625
118,1,1,2048,0.0,0.0078125
119,1,-2,4096,0.0,0.015625
120,2,1,4096,0.0,0.03125
121,4,-2,4096,0.9932598039215687,0.0625
122,4,1,1024,0.0,0.015625
123,2,-2,2048,0.0,0.015625
124,8,2,4096,0.0,0.125
125,4,-1,4096,1.0,0.0625
126,1,-1,2048,0.0,0.0078125
127,8,-2,1024,0.6274509803921569,0.03125
128,4,-2,1024,0.0,0.015625
129,4,2,2048,0.0,0.03125
130,4,-1,2048,0.0,0.03125
131,4,1,4096,0.0,0.046875
132,1,2,1024,0.0,0.00390625
133,4,1,2048,0.0,0.03125
134,8,-2,1024,0.0,0.02734375
135,2,-1,4096,0.0,0.03125
136,4,-1,1024,0.0,0.015625
137,1,-1,1024,0.0,0.00390625
138,2,-2,1024,0.0,0.0078125
139,2,1,1024,0.0,0.0078125
140,8,-1,2048,0.0,0.046875
141,1,-1,2048,0.0,0.0078125
142,2,-1,2048,0.0,0.015625
143,2,-1,4096,0.0,0.03125
144,8,-2,2048,0.35661764705882354,0.0625
145,8,-1,1024,0.0,0.03125
146,1,2,2048,0.0,0.0078125
147,1,1,4096,0.0,0.015625
148,8,1,2048,0.0,0.0625
149,1,2,1024,0.0,0.00390625
150,8,1,4096,0.0,0.125
151,2,-2,4096,0.0,0.03125
152,8,-1,1024,0.0,0.03125
153,2,-1,2048,0.0,0.015625
154,2,-1,2048,0.17463235294117646,0.015625
155,4,-2,1024,0.0,0.015625
156,1,-2,1024,0.0,0.00390625
157,4,-1,4096,0.0,0.046875
158,4,2,2048,0.0,0.03125
159,8,1,4096,0.0,0.109375
160,8,2,2048,0.0,0.0546875
161,4,-2,2048,0.0,0.03125
162,2,-1,4096,0.0,0.03125
163,2,1,1024,0.0,0.0078125
164,2,-1,2048,0.0,0.015625
165,8,-1,1024,0.0,0.03125
166,2,-1,1024,0.0,0.0078125
167,1,-2,4096,0.0,0.015625
168,2,2,1024,0.0,0.0078125
169,1,2,2048,0.0,0.0078125
170,1,-2,2048,0.0,0.0078125
171,1,-1,4096,0.0,0.015625
172,8,1,2048,0.0,0.0625
173,4,2,4096,1.0,0.0625
174,4,2,4096,0.0,0.0625
175,2,-1,4096,0.0,0.015625
176,4,1,4096,0.0,0.046875
177,1,2,1024,0.0,0.00390625
178,8,2,1024,0.0,0.03125
179,4,-1,2048,0.0,0.0234375
180,8,2,2048,0.0,0.0625
181,1,-1,4096,0.0,0.015625
182,2,-2,4096,0.0,0.03125
183,4,2,1024,0.0,0.015625
184,2,2,1024,0.0,0.0078125
185,2,-1,1024,0.0,0.0078125
186,1,-1,2048,0.0,0.0078125
187,2,-1,2048,0.0,0.015625
188,1,-2,1024,0.0,0.00390625
189,2,2,4096,0.0,0.03125
190,4,-2,1024,0.0,0.015625
191,4,1,2048,0.0,0.03125
192,4,-2,4096,0.12193627450980392,0.0625
193,2,1,1024,0.0,0.0078125
194,8,2,4096,0.0,0.109375
195,1,1,4096,0.0,0.015625
196,2,1,4096,0.0,0.015625
197,1,2,1024,0.0,0.00390625
198,2,2,2048,0.0,0.015625
199,8,2,1024,0.0,0.03125
200,2,-2,2048,0.0,0.015625
201,8,1,4096,0.0,0.125
202,2,2,4096,0.0,0.03125
203,4,-1,4096,0.0,0.046875
204,2,1,2048,0.0,0.015625
205,2,-2,4096,0.0,0.03125
206,8,2,4096,0.0,0.109375
207,8,1,4096,0.0,0.125
208,2,1,4096,0.0,0.03125
209,8,2,2048,0.0,0.0625
210,2,-2,1024,0.0,0.0078125
211,4,-1,1024,0.0,0.015625
212,8,2,4096,0.0,0.109375
213,2,-2,1024,0.0,0.0078125
214,4,2,1024,0.0,0.015625
215,2,-1,4096,0.0,0.03125
216,1,1,2048,0.0,0.0078125
217,1,1,4096,0.0,0.015625
218,2,1,1024,0.0,0.0078125
219,8,2,2048,0.0,0.0625
220,1,-1,2048,0.0,0.0078125
221,2,-2,2048,0.0,0.015625
222,4,-1,2048,0.0,0.03125
223,1,1,1024,0.0,0.00390625
224,4,2,4096,0.0,0.0625
225,2,2,1024,0.0,0.0078125
226,8,-1,2048,0.0,0.0625
227,4,2,4096,0.0,0.0625
228,4,-2,2048,0.0,0.03125
229,1,-2,1024,0.0,0.00390625
230,2,-2,1024,0.0,0.0078125
231,8,2,2048,0.71875,0.0546875
232,1,-2,2048,0.0,0.0078125
233,8,1,4096,0.0,0.109375
234,2,2,1024,0.0,0.0078125
235,4,2,2048,0.0,0.03125
236,4,2,1024,0.0,0.015625
237,2,-2,2048,0.0,0.0078125
238,2,-1,2048,0.0,0.015625
239,4,1,1024,0.0,0.015625
240,1,1,1024,0.0,0.00390625
241,4,1,1024,0.0,0.015625
242,1,1,2048,0.0,0.0078125
243,4,-1,1024,0.0,0.015625
244,4,-2,1024,0.3590686274509804,0.015625
245,1,-1,1024,0.0,0.00390625
246,8,-1,1024,0.0,0.03125
247,2,1,1024,0.0,0.0078125
248,8,2,2048,0.0,0.0546875
249,1,1,1024,0.0,0.00390625
250,1,1,1024,0.0,0.00390625
251,2,-2,1024,0.0,0.0078125
252,1,1,1024,0.0,0.00390625
253,2,-1,1024,0.0,0.0078125
254,4,-2,1024,0.0,0.015625
255,1,-2,4096,0.0,0.015625
256,4,2,4096,0.0,0.0625
257,1,2,1024,0.0,0.00390625
258,1,1,1024,0.0,0.00390625
259,4,2,2048,0.0,0.03125
260,8,-2,4096,0.0,0.125
261,1,-1,4096,0.0,0.015625
262,2,2,4096,0.0,0.03125
263,8,-2,1024,0.0,0.03125
264,8,1,2048,0.0,0.0625
265,4,-2,2048,0.0,0.03125
266,2,-1,2048,0.0,0.015625
267,2,-1,4096,0.0,0.03125
268,4,-1,1024,0.0,0.015625
269,4,2,2048,0.0,0.03125
270,2,2,1024,0.0,0.0078125
271,1,1,1024,0.0,0.00390625
272,1,1,1024,0.0,0.00390625
273,8,-2,4096,0.0,0.09375
274,2,-2,2048,0.0,0.015625
275,2,-2,4096,0.0,0.03125
276,2,2,4096,0.0,0.03125
277,8,-2,2048,0.0,0.0625
278,1,-1,4096,0.0,0.015625
279,1,2,1024,0.0,0.00390625
280,2,1,4096,0.0,0.03125
281,2,1,1024,0.0,0.0078125
282,4,-2,2048,0.0,0.03125
283,2,1,4096,0.0,0.03125
284,2,1,4096,0.0,0.03125
285,8,-1,1024,0.0,0.03125
286,1,1,4096,0.0,0.015625
287,4,2,1024,0.0,0.015625
288,4,-1,4096,0.0,0.046875
289,2,-1,2048,0.0,0.015625
290,8,-1,1024,0.0,0.03125
291,2,2,4096,0.0,0.03125
292,8,-2,4096,0.014705882352941176,0.125
293,2,2,1024,0.0,0.0078125
294,4,2,1024,0.0,0.015625
295,4,-1,1024,0.571078431372549,0.015625
296,8,1,2048,0.0,0.0625
297,2,2,2048,0.0,0.015625
298,2,2,4096,0.0,0.03125
299,1,-1,4096,0.0,0.015625
300,2,-2,1024,0.0,0.0078125
301,8,1,2048,0.0,0.0625
302,1,-2,4096,0.0,0.0
303,8,-2,4096,0.0,0.125
304,4,2,1024,0.0,0.015625
305,1,-1,1024,0.0,0.00390625
306,2,1,1024,0.0,0.0078125
307,4,-2,2048,0.0,0.03125
308,2,-2,2048,0.0,0.015625
309,1,-2,2048,0.0,0.0078125
310,4,-1,1024,0.0,0.015625
311,4,-2,2048,0.0,0.0234375
312,1,-1,1024,0.0,0.00390625
313,2,-1,2048,0.0,0.015625
314,1,1,1024,0.0,0.00390625
315,4,1,4096,0.0,0.0625
316,4,-1,2048,0.0,0.03125
317,4,-1,1024,0.0,0.015625
318,8,-2,4096,0.0,0.109375
319,8,-1,4096,0.0,0.125
320,2,2,1024,0.0,0.0078125
321,1,2,1024,0.0,0.00390625
322,4,-1,1024,0.0,0.015625
323,8,2,2048,0.0,0.0625
324,8,1,2048,0.0,0.0546875
325,1,-2,2048,0.0,0.0078125
326,1,2,2048,0.0,0.0078125
327,1,-1,2048,0.0,0.0078125
328,1,1,1024,0.0,0.00390625
329,4,1,1024,0.0,0.01171875
330,4,-1,4096,0.0,0.046875
331,2,1,4096,0.0,0.03125
332,2,1,4096,0.0,0.03125
333,8,-1,4096,0.0,0.125
334,2,-1,2048,0.0,0.015625
335,8,1,4096,0.0,0.09375
336,8,-2,4096,0.0,0.09375
337,2,-2,4096,0.0,0.03125
338,1,2,1024,0.0,0.00390625
339,8,-1,1024,0.0,0.03125
340,4,1,2048,0.0,0.03125
341,2,1,2048,0.0,0.015625
342,4,2,4096,0.9160539215686274,0.046875
343,4,1,1024,0.0,0.015625
344,8,1,4096,0.0,0.125
345,2,2,4096,0.0,0.03125
346,8,2,4096,0.0,0.078125
347,8,-2,1024,0.0,0.03125
348,1,1,1024,0.0,0.00390625
349,1,-2,1024,0.0,0.00390625
350,4,2,4096,0.0,0.0625
351,1,-2,4096,0.0,0.015625
352,2,-2,2048,0.0,0.015625
353,2,-2,1024,0.0,0.0078125
354,8,1,2048,0.0,0.046875
355,8,-2,4096,0.0,0.125
356,1,-2,2048,0.0,0.0078125
357,8,1,1024,0.0,0.03125
358,1,2,2048,0.0,0.0078125
359,4,1,2048,0.15870098039215685,0.03125
360,8,-1,2048,0.0,0.0546875
361,8,1,4096,0.0,0.125
362,1,1,1024,0.0,0.00390625
363,8,-1,2048,0.0,0.0546875
364,1,1,4096,0.0,0.015625
365,4,-2,1024,0.0,0.015625
366,2,-2,1024,0.0,0.0078125
367,2,1,1024,0.0,0.0078125
368,1,-1,2048,0.0,0.0078125
369,8,-2,1024,0.0,0.03125
370,2,-2,4096,0.0,0.03125
371,4,2,1024,0.0,0.015625
372,2,-1,4096,0.0,0.03125
373,2,-2,2048,0.0,0.015625
374,8,1,4096,0.0,0.125
375,1,1,2048,0.0,0.0078125
376,4,-1,2048,0.0,0.03125
377,4,2,1024,0.0,0.01171875
378,2,-1,2048,0.0,0.015625
379,2,1,1024,0.0,0.0078125
380,1,1,1024,0.0,0.00390625
381,8,1,4096,0.0,0.09375
382,8,-2,4096,0.0,0.109375
383,1,1,1024,0.0,0.00390625
384,1,1,2048,0.0,0.0078125
385,1,-2,1024,0.0,0.00390625
386,1,-2,1024,0.0,0.00390625
387,8,1,2048,0.0,0.0625
388,8,-2,4096,0.0,0.125
389,1,2,1024,0.0,0.00390625
390,4,-2,2048,0.0,0.0234375
391,1,2,4096,0.0,0.015625
392,2,1,2048,0.0,0.015625
393,4,-1,1024,0.0,0.015625
394,4,-1,2048,0.0,0.03125
395,8,-1,4096,0.0,0.125
396,1,1,4096,0.0,0.015625
397,1,2,2048,0.0,0.0078125
398,2,-2,1024,0.0,0.0078125
399,2,1,4096,0.0,0.03125
400,8,2,4096,0.05575980392156863,0.125
401,8,-1,2048,0.0,0.0546875
402,2,1,4096,0.0,0.03125
403,8,-2,4096,0.0,0.109375
404,2,2,1024,0.0,0.0078125
405,4,-2,2048,0.0,0.03125
406,2,-1,2048,0.0,0.015625
407,1,-1,2048,0.0,0.0078125
408,8,-1,2048,0.0,0.0546875
409,1,-2,4096,0.0,0.015625
410,1,1,1024,0.0,0.00390625
411,1,-2,2048,0.0,0.0078125
412,2,2,1024,0.0,0.0078125
413,1,-2,2048,0.0,0.0078125
414,1,-1,2048,0.0,0.0078125
415,4,2,1024,0.0,0.015625
416,8,-2,4096,0.9191176470588235,0.109375
417,1,-2,1024,0.0,0.00390625
418,2,1,1024,0.0,0.0078125
419,4,-2,2048,0.0,0.03125
420,8,2,4096,0.0,0.125
421,4,-1,1024,0.0,0.015625
422,8,2,2048,0.0,0.0625
423,4,-2,2048,0.0,0.03125
424,2,-2,4096,0.0,0.03125
425,1,2,1024,0.0,0.00390625
426,8,2,1024,0.0,0.03125
427,8,2,2048,0.0,0.0546875
428,1,-1,1024,0.0,0.00390625
429,4,-1,4096,0.0,0.0625
430,1,1,1024,0.0,0.00390625
431,4,-1,2048,0.0,0.03125
432,8,-2,1024,0.0,0.02734375
433,1,-1,4096,0.0,0.015625
434,2,1,2048,0.0,0.015625
435,1,-2,1024,0.0,0.00390625
436,4,-1,1024,0.0,0.015625
437,8,-1,1024,0.0,0.03125
438,1,-2,1024,0.0,0.00390625
439,2,-2,4096,0.0,0.03125
440,8,-1,2048,0.0,0.0625
441,2,-2,4096,0.0,0.03125
442,1,-1,1024,0.0,0.00390625
443,2,1,4096,0.0,0.03125
444,4,2,2048,0.0,0.03125
445,4,-2,2048,0.0,0.03125
446,2,-1,4096,0.0,0.03125
447,8,-2,4096,0.0,0.125
448,4,-1,4096,0.0,0.0625
449,2,-1,4096,0.0,0.03125
450,8,2,2048,0.07659313725490197,0.0625
451,8,-1,4096,0.0,0.125
452,2,2,4096,0.0,0.03125
453,1,-2,4096,0.0,0.015625
454,4,-2,2048,0.0,0.03125
455,4,-2,1024,0.0,0.015625
456,1,-1,2048,0.0,0.0078125
457,4,-2,1024,0.0,0.015625
458,8,-2,1024,0.0,0.03125
459,1,-2,2048,0.0,0.0078125
460,4,2,2048,0.0,0.03125
461,1,2,2048,0.0,0.0078125
462,4,-2,4096,0.0,0.046875
463,2,2,4096,0.0,0.03125
464,1,-2,2048,0.0,0.0078125
465,8,-1,2048,0.0,0.0546875
466,1,-1,4096,0.0,0.015625
467,4,-1,1024,0.0,0.015625
468,1,2,4096,0.0,0.015625
469,8,1,4096,0.0,0.125
470,4,1,4096,0.0,0.0625
471,8,1,1024,0.0,0.03125
472,2,1,2048,0.0,0.015625
473,2,-2,4096,0.0,0.03125
474,4,-1,1024,0.0,0.015625
475,8,-2,1024,0.0,0.03125
476,8,1,2048,0.0,0.0625
477,1,-1,2048,0.0,0.0078125
478,4,1,4096,0.0,0.0625
479,1,1,2048,0.0,0.0078125
480,2,-1,4096,0.0,0.03125
481,8,-2,1024,0.0,0.03125
482,2,2,2048,0.0,0.015625
483,8,-1,1024,0.0,0.03125
484,2,-2,1024,0.0,0.0078125
485,1,-1,1024,0.0,0.00390625
486,2,2,4096,0.0,0.03125
487,4,-1,2048,0.0,0.03125
488,8,2,1024,0.0,0.03125
489,4,-1,1024,0.0,0.015625
490,8,2,2048,0.0,0.0625
491,8,1,4096,0.0741421568627451,0.125
492,8,-2,4096,0.0,0.125
493,4,1,1024,0.0,0.015625
494,2,-1,4096,0.0,0.03125
495,2,-2,2048,0.0,0.015625
496,1,1,4096,0.0,0.015625
497,2,-2,1024,0.0,0.0078125
498,8,1,2048,1.0,0.0625
499,2,2,4096,0.0,0.015625
500,1,-2,1024,0.0,0.00390625
501,4,-1,4096,0.0,0.0625
502,8,1,1024,0.0,0.03125
503,8,-2,4096,0.0,0.125
504,2,-1,4096,0.0,0.03125
505,2,-1,4096,0.0,0.03125
506,4,-2,4096,0.0,0.0625
507,1,2,1024,0.1881127450980392,0.00390625
508,2,-1,2048,0.0,0.015625
509,1,2,4096,0.0,0.015625
510,8,1,1024,0.0,0.03125
511,4,2,1024,0.0,0.015625
512,8,2,1024,0.0,0.03125
513,8,1,4096,1.0,0.109375
514,8,-1,1024,0.0,0.03125
515,1,-1,2048,0.0,0.0078125
516,8,2,2048,0.0,0.046875
517,1,-1,2048,0.0,0.0078125
518,2,1,4096,0.0,0.03125
519,4,-2,4096,0.0,0.0625
520,2,2,2048,0.0,0.015625
521,1,1,4096,0.0,0.015625
522,1,-1,1024,0.0,0.00390625
523,8,1,4096,0.0,0.109375
524,2,-1,1024,0.0,0.0078125
525,2,-2,1024,0.0,0.0078125
526,8,2,1024,0.0,0.03125
527,1,2,1024,0.0,0.00390625
528,8,2,4096,0.6495098039215687,0.125
529,8,-1,1024,0.0,0.03125
530,4,-1,4096,0.0,0.046875
531,1,-2,2048,0.0,0.0078125
532,1,1,1024,0.0,0.0
533,2,-1,2048,0.0,0.015625
534,4,2,1024,0.0,0.015625
535,1,2,1024,0.0,0.00390625
536,2,-2,2048,0.3069852941176471,0.015625
537,1,2,4096,0.0,0.015625
538,4,-2,2048,0.0,0.03125
539,1,-1,1024,0.0,0.00390625
540,4,-1,4096,0.0,0.0625
541,1,2,4096,0.0,0.015625
542,1,1,1024,0.0,0.00390625
543,1,2,4096,0.0,0.015625
544,8,1,4096,0.0,0.078125
545,1,2,2048,0.0,0.0078125
546,2,2,1024,0.0,0.0078125
547,4,2,2048,0.0,0.03125
548,4,-1,2048,0.0,0.03125
549,4,-1,1024,0.0,0.01171875
550,8,2,1024,0.0,0.03125
551,2,2,1024,0.0,0.0078125
552,8,2,1024,0.0,0.03125
553,2,1,4096,0.0,0.03125
554,8,2,1024,0.0,0.03125
555,4,1,2048,0.0,0.03125
556,4,1,2048,0.0,0.03125
557,8,-2,1024,0.0,0.02734375
558,8,1,4096,0.4105392156862745,0.125
559,8,1,4096,0.0,0.109375
560,4,2,2048,0.0,0.03125
561,1,2,4096,0.0,0.015625
562,2,-1,1024,0.0,0.0078125
563,1,-1,4096,0.0,0.015625
564,8,2,4096,0.0,0.125
565,1,2,2048,0.0,0.0078125
566,1,-2,4096,0.0,0.0
567,1,-1,4096,0.0,0.015625
568,4,2,2048,1.0,0.03125
569,4,-2,1024,0.0,0.015625
570,8,2,1024,0.0,0.02734375
571,2,-2,1024,0.0,0.0078125
572,2,-2,1024,0.0,0.0078125
573,1,2,4096,0.75,0.015625
574,1,1,1024,0.0,0.00390625
575,2,1,4096,0.0,0.03125
576,8,2,1024,0.0,0.03125
577,4,-1,2048,0.0,0.03125
578,8,1,2048,0.0,0.0546875
579,1,1,1024,0.0,0.00390625
580,1,1,1024,0.0,0.00390625
581,8,-1,1024,0.0,0.03125
582,1,1,1024,0.0,0.00390625
583,1,-1,4096,0.0,0.015625
584,2,1,2048,0.0,0.015625
585,8,2,4096,0.0,0.125
586,4,-1,4096,0.0,0.0625
587,1,1,2048,0.0,0.0078125
588,8,2,4096,0.0,0.09375
589,8,2,1024,0.0,0.03125
590,8,2,2048,0.056372549019607844,0.0625
591,8,1,2048,0.0,0.0546875
592,1,-1,2048,0.0,0.0078125
593,8,2,4096,0.0,0.125
594,2,1,4096,0.0,0.03125
595,8,-2,2048,0.051470588235294115,0.0625
596,4,-1,1024,0.0,0.015625
597,8,-1,2048,0.0,0.0625
598,4,2,4096,0.0,0.0625
599,4,-2,4096,0.0,0.0625
600,4,1,4096,0.8952205882352942,0.0625
601,8,1,1024,0.0,0.02734375
602,4,-2,1024,0.0,0.015625
603,1,1,2048,0.0,0.0078125
604,8,2,2048,0.0,0.0546875
605,4,1,2048,0.0,0.03125
606,2,1,4096,0.0,0.03125
607,4,-1,2048,0.0,0.03125
608,8,-2,2048,0.0,0.0625
609,8,-2,4096,0.0,0.125
610,8,-1,2048,0.0,0.0546875
611,2,1,2048,0.0,0.015625
612,8,-2,1024,0.0,0.03125
613,2,2,2048,0.0,0.015625
614,4,1,2048,0.0,0.03125
615,4,-1,1024,0.0,0.015625
616,1,2,1024,0.0,0.00390625
617,2,-2,4096,0.0,0.03125
618,1,2,1024,0.0,0.00390625
619,1,-1,1024,0.0,0.00390625
620,2,-1,1024,0.0,0.0078125
621,2,-1,1024,0.0,0.0078125
622,1,2,2048,0.0,0.0078125
623,2,-1,2048,0.0,0.015625
624,4,2,2048,0.0,0.03125
625,1,-1,2048,0.0,0.0078125
626,2,-1,2048,0.0,0.015625
627,2,1,4096,0.0,0.03125
628,4,1,1024,0.0,0.015625
629,2,-1,4096,0.0,0.03125
630,4,-2,1024,0.0,0.015625
631,2,-1,4096,0.0,0.03125
632,2,1,2048,0.0,0.015625
633,2,-2,2048,0.0,0.015625
634,1,-2,1024,0.0,0.00390625
635,4,2,2048,0.0,0.03125
636,1,-2,2048,0.0,0.0078125
637,2,-1,4096,0.0,0.03125
638,8,2,1024,0.0,0.03125
639,8,-1,2048,0.0,0.0625
640,4,-1,4096,0.0,0.0625
641,8,-2,4096,0.84375,0.125
642,8,2,4096,0.6458333333333334,0.109375
643,2,1,2048,0.0,0.015625
644,8,2,4096,0.0,0.125
645,2,2,1024,0.0,0.0078125
646,2,-1,4096,0.0,0.03125
647,4,-2,2048,0.0,0.03125
648,8,-1,2048,0.0,0.0625
649,8,-2,1024,0.0,0.03125
650,2,1,2048,0.0,0.015625
651,4,-2,1024,0.0,0.015625
652,1,2,4096,0.0,0.015625
653,8,1,1024,0.0,0.02734375
654,4,-1,2048,0.0,0.03125
655,4,2,1024,0.0,0.015625
656,8,2,2048,0.0,0.0625
657,4,-1,2048,0.0,0.03125
658,1,-2,1024,0.0,0.00390625
659,2,-1,4096,0.0,0.03125
660,1,1,4096,0.0,0.015625
661,4,2,2048,0.0,0.03125
662,1,-1,1024,0.0,0.00390625
663,1,1,4096,0.0,0.015625
664,4,-1,4096,0.0,0.0625
665,4,-2,2048,0.0,0.03125
666,4,-1,2048,0.758578431372549,0.03125
667,8,-2,1024,0.0,0.03125
668,8,-1,2048,0.30392156862745096,0.0625
669,1,-1,1024,0.0,0.00390625
670,8,-1,2048,0.43075980392156865,0.0625
671,4,2,4096,0.0,0.0625
672,4,-1,2048,0.0,0.03125
673,1,1,2048,0.0,0.0078125
674,4,1,4096,0.0,0.0625
675,4,1,4096,0.0,0.046875
676,4,-1,1024,0.0,0.015625
677,1,2,1024,0.0,0.00390625
678,4,-2,1024,0.0,0.015625
679,8,-1,4096,0.5006127450980392,0.09375
680,4,2,2048,0.0,0.03125
681,1,-1,4096,0.0,0.015625
682,8,1,2048,0.0,0.0625
683,8,-2,4096,0.0,0.125
684,1,1,4096,0.0,0.015625
685,8,2,1024,0.0,0.03125
686,2,1,4096,0.0,0.03125
687,4,1,4096,0.0,0.0625
688,2,2,1024,0.0,0.0078125
689,8,-1,2048,0.0,0.0625
690,8,-1,4096,0.0,0.125
691,8,-2,4096,0.0,0.125
692,8,1,2048,0.0,0.0625
693,8,1,2048,0.0,0.0625
694,1,2,1024,0.0,0.00390625
695,2,1,2048,0.0,0.015625
696,4,-2,2048,0.0,0.03125
697,4,1,2048,0.0,0.03125
698,1,2,1024,0.0,0.00390625
699,1,-2,4096,0.0,0.015625
700,4,-1,2048,0.0,0.03125
701,4,2,1024,0.6274509803921569,0.015625
702,1,-1,2048,0.0,0.0078125
703,1,2,2048,0.0,0.0078125
704,1,1,1024,0.0,0.00390625
705,4,1,2048,0.0,0.03125
706,1,1,4096,0.0,0.015625
707,4,1,4096,0.0,0.0625
708,2,2,1024,0.0,0.0078125
709,2,2,2048,0.0,0.015625
710,4,-1,2048,0.0,0.03125
711,4,2,4096,0.0,0.0625
712,4,1,4096,1.0,0.0625
713,8,1,2048,0.0,0.0546875
714,8,-1,1024,0.0,0.03125
715,8,-1,2048,0.0,0.0625
716,4,1,1024,0.0,0.015625
717,2,-1,4096,0.0,0.03125
718,1,-1,4096,0.0,0.015625
719,4,2,4096,0.0,0.046875
720,1,-1,2048,0.0,0.0078125
721,8,1,4096,1.0,0.09375
722,8,-2,2048,0.0,0.0625
723,1,-2,2048,0.0,0.0078125
724,8,2,4096,0.0,0.109375
725,1,-2,1024,0.0,0.00390625
726,4,2,4096,0.0,0.0625
727,1,2,4096,0.0,0.015625
728,2,-1,2048,0.0,0.015625
729,4,2,1024,0.4019607843137255,0.015625
730,4,-1,4096,0.7787990196078431,0.0625
731,2,2,1024,0.0,0.0078125
732,8,-2,4096,0.0,0.125
733,8,-1,4096,0.0,0.109375
734,1,-1,2048,0.0,0.0078125
735,4,2,2048,0.0,0.03125
736,4,-2,1024,0.0,0.015625
737,2,2,2048,0.0,0.015625
738,4,-2,1024,0.0,0.015625
739,8,-1,4096,0.0,0.125
740,8,1,2048,0.0,0.0625
741,8,-2,1024,0.0,0.02734375
742,4,-1,4096,0.0,0.046875
743,2,2,1024,0.0,0.0078125
744,8,2,2048,0.0,0.0625
745,2,-2,1024,0.0,0.0078125
746,4,1,1024,0.0,0.015625
747,2,1,1024,0.0,0.0078125
748,2,-2,1024,0.0,0.0078125
749,1,1,4096,0.0,0.015625
750,8,1,4096,0.0,0.125
751,1,1,4096,0.0,0.015625
752,1,-1,4096,0.0,0.015625
753,8,-1,2048,0.0,0.0625
754,4,1,2048,0.0,0.03125
755,2,1,1024,0.0,0.0078125
756,4,-2,4096,0.0,0.0625
757,2,-2,2048,0.0,0.015625
758,1,1,2048,0.0,0.0078125
759,4,2,1024,0.0,0.015625
760,1,-2,2048,0.0,0.0078125
761,4,-2,4096,0.0,0.0625
762,8,2,2048,0.0,0.0625
763,8,1,2048,0.0,0.0625
764,2,2,4096,0.0,0.03125
765,8,2,1024,0.0,0.03125
766,4,2,4096,0.0,0.0625
767,2,-2,4096,0.0,0.03125
768,1,-1,2048,0.0,0.0078125
769,2,-2,4096,0.0,0.03125
770,4,-2,1024,0.0,0.015625
771,8,2,1024,0.24142156862745098,0.03125
772,1,1,1024,0.0,0.00390625
773,4,-2,2048,0.0,0.03125
774,8,-2,4096,0.0,0.125
775,8,-2,2048,0.0,0.0625
776,2,-1,4096,0.0,0.03125
777,1,-1,1024,0.0,0.00390625
778,2,-1,4096,0.0,0.03125
779,8,2,1024,0.0,0.02734375
780,8,-2,2048,0.0,0.0625
781,4,1,4096,0.0,0.0625
782,1,-1,4096,0.0,0.015625
783,1,-1,4096,0.0,0.015625
784,2,2,2048,0.0,0.015625
785,4,2,2048,0.0,0.03125
786,1,-2,2048,0.0,0.0078125
787,4,-1,2048,0.0,0.03125
788,4,-2,4096,0.0,0.0625
789,1,-1,2048,0.0,0.0078125
790,1,1,2048,0.0,0.0078125
791,2,-1,2048,0.0,0.015625
792,4,-1,1024,0.0,0.015625
793,8,-1,1024,0.0,0.03125
794,2,-1,2048,0.0,0.015625
795,2,-1,2048,0.0,0.015625
796,8,-1,2048,0.0,0.0625
797,2,1,4096,0.0,0.03125
798,2,-2,4096,0.0,0.015625
799,2,-2,4096,0.0,0.03125
800,1,1,2048,0.0,0.0078125
801,2,1,4096,0.0,0.03125
802,4,-1,4096,0.0,0.0625
803,8,-2,1024,0.0,0.03125
804,4,1,2048,0.0,0.03125
805,8,-1,2048,0.0,0.0546875
806,4,1,4096,0.0,0.0625
807,1,-2,2048,0.0,0.0078125
808,2,-2,1024,0.0,0.0078125
809,8,1,1024,0.0,0.03125
810,1,-1,1024,0.0,0.00390625
811,8,1,1024,0.0,0.03125
812,4,1,1024,0.0,0.015625
813,2,-1,4096,0.0,0.03125
814,8,-2,2048,0.0,0.0546875
815,8,-2,4096,0.0,0.109375
816,1,2,4096,0.0,0.015625
817,1,-2,2048,0.0,0.0078125
818,4,1,2048,0.0,0.03125
819,8,2,1024,0.0,0.03125
820,1,2,4096,0.0,0.0
821,4,-1,2048,0.9669117647058824,0.03125
822,1,-2,4096,0.0,0.015625
823,4,2,1024,0.6262254901960784,0.015625
824,4,1,1024,0.0,0.015625
825,1,-1,1024,0.0,0.00390625
826,4,1,4096,0.0,0.046875
827,8,-2,2048,0.0,0.0625
828,8,1,1024,0.0,0.03125
829,1,1,1024,0.0,0.00390625
830,1,-1,2048,0.0,0.0078125
831,1,-1,4096,0.0,0.015625
832,2,-1,4096,0.0,0.03125
833,1,-2,2048,0.53125,0.0078125
834,8,-2,4096,0.0,0.109375
835,8,2,1024,0.0,0.03125
836,8,-1,4096,0.2867647058823529,0.125
837,1,-2,1024,0.0,0.00390625
838,1,-2,2048,0.0,0.0078125
839,8,-1,4096,0.0,0.109375
840,2,2,4096,0.0,0.03125
841,4,-1,1024,0.0,0.01171875
842,8,2,2048,0.0,0.0546875
843,1,-1,1024,0.0,0.00390625
844,1,2,1024,0.0,0.00390625
845,1,2,2048,0.0,0.0078125
846,1,-2,2048,0.0,0.0078125
847,1,-2,1024,0.0,0.00390625
848,8,2,4096,0.0,0.109375
849,4,2,2048,0.0,0.03125
850,8,-2,2048,0.0,0.0625
851,8,1,2048,0.0,0.0546875
852,8,2,2048,0.0,0.0625
853,1,2,1024,0.0,0.00390625
854,2,-1,2048,0.0,0.015625
855,8,2,4096,0.0,0.109375
856,1,1,2048,0.0,0.0078125
857,1,2,2048,0.0,0.0078125
858,4,-2,4096,0.0,0.046875
859,8,1,2048,0.0,0.0546875
860,8,-2,1024,0.0,0.03125
861,8,-1,1024,0.0,0.02734375
862,1,-2,4096,0.0,0.015625
863,8,-1,2048,0.0,0.0625
864,8,2,2048,0.0,0.0625
865,4,1,1024,0.0,0.015625
866,8,-1,1024,0.0,0.03125
867,8,-1,2048,0.0,0.0546875
868,2,-1,4096,0.0,0.03125
869,1,1,1024,0.0,0.00390625
870,2,-1,2048,0.0,0.015625
871,1,-2,4096,0.0,0.015625
872,1,1,1024,0.0,0.00390625
873,1,2,1024,0.0,0.00390625
874,4,-1,1024,0.0,0.015625
875,4,-2,4096,0.0,0.0625
876,4,-2,2048,0.0,0.03125
877,4,2,4096,0.0,0.0625
878,4,2,4096,0.0,0.0625
879,4,-2,2048,0.0,0.03125
880,1,-2,1024,0.0,0.00390625
881,8,-2,1024,0.0,0.03125
882,2,-1,2048,0.0,0.015625
883,1,2,2048,0.0,0.0078125
884,8,-2,1024,0.0,0.02734375
885,4,2,4096,0.0,0.046875
886,1,-2,1024,0.0,0.00390625
887,1,1,2048,0.0,0.0078125
888,1,-1,4096,0.0,0.015625
889,2,2,2048,0.0,0.015625
890,1,-1,4096,0.0,0.015625
891,4,-1,1024,0.0,0.015625
892,4,-2,4096,0.0,0.0625
893,8,2,4096,1.0,0.09375
894,4,-1,4096,0.0,0.046875
895,4,-1,1024,0.0,0.015625
896,4,1,1024,0.0,0.015625
897,1,1,1024,0.10845588235294118,0.00390625
898,1,1,4096,0.0,0.015625
899,4,-1,1024,0.0,0.015625
900,1,-2,2048,0.0,0.0078125
901,1,-2,2048,0.0,0.0078125
902,1,-2,4096,0.0,0.015625
903,8,1,4096,0.0,0.125
904,2,1,1024,0.0,0.0078125
905,4,1,4096,0.0,0.0625
906,2,2,1024,0.0,0.0078125
907,1,-2,1024,0.0,0.00390625
908,2,2,1024,0.0,0.0078125
909,1,2,2048,0.0,0.0078125
910,8,1,2048,0.0,0.0546875
911,1,1,4096,0.0,0.015625
912,2,-2,4096,0.0,0.03125
913,8,-2,2048,0.0,0.0625
914,4,-2,2048,0.0,0.03125
915,2,1,1024,0.0,0.0078125
916,4,-1,4096,0.0,0.0625
917,8,-2,2048,0.0,0.0546875
918,2,-2,4096,0.0,0.03125
919,4,-2,2048,0.0,0.03125
920,8,1,4096,0.0,0.125
921,4,1,4096,0.0,0.0625
922,2,1,4096,0.0,0.03125
923,1,-2,2048,0.0,0.0078125
924,1,-2,1024,0.0,0.00390625
925,8,-2,1024,0.0,0.03125
926,4,2,2048,0.0,0.0234375
927,2,1,4096,0.0,0.03125
928,2,-1,4096,0.0,0.03125
929,4,-2,1024,0.0,0.015625
930,4,-1,2048,0.7420343137254902,0.03125
931,4,2,4096,0.0,0.0625
932,2,-2,1024,0.0,0.0078125
933,4,2,2048,0.0,0.03125
934,2,-1,4096,0.0,0.03125
935,8,-2,1024,0.0,0.03125
936,1,2,1024,0.0,0.00390625
937,1,1,2048,0.0,0.0078125
938,2,1,4096,0.0,0.03125
939,4,-2,1024,0.0,0.015625
940,4,-1,4096,0.0,0.0625
941,2,1,1024,0.0,0.0078125
942,8,1,2048,0.0,0.0546875
943,2,-2,2048,0.0,0.015625
944,1,1,1024,0.0,0.00390625
945,1,2,4096,0.0,0.015625
946,8,2,4096,0.0,0.125
947,1,-2,4096,0.0,0.015625
948,8,2,1024,0.0,0.03125
949,2,1,2048,0.0,0.015625
950,1,-2,4096,0.0,0.015625
951,2,-2,1024,0.0,0.0078125
952,4,2,2048,0.0,0.03125
953,2,-2,2048,0.0,0.0
954,8,-2,2048,0.0,0.0625
955,4,-1,2048,0.0,0.03125
956,2,1,4096,0.0,0.015625
957,4,1,1024,0.0,0.01171875
958,8,1,4096,0.0,0.109375
959,2,2,4096,0.0,0.03125
960,1,2,1024,0.0,0.00390625
961,2,-2,4096,0.0,0.03125
962,8,-2,1024,0.0,0.03125
963,1,-2,1024,0.0,0.00390625
964,8,-1,2048,0.0,0.0625
965,4,-1,4096,0.0,0.0625
966,4,2,4096,0.0,0.046875
967,2,-1,2048,0.0,0.0078125
968,8,-2,4096,0.0,0.125
969,1,2,1024,0.0,0.00390625
970,2,-1,4096,0.0,0.03125
971,2,2,2048,0.0,0.015625
972,2,2,1024,0.0,0.0078125
973,2,2,1024,0.0,0.0078125
974,1,2,1024,0.0,0.00390625
975,1,-2,1024,0.0,0.00390625
976,1,1,1024,0.0,0.00390625
977,4,-1,4096,0.0,0.0625
978,2,1,1024,0.5631127450980392,0.0078125
979,4,1,2048,0.0,0.03125
980,4,1,4096,0.0,0.0625
981,4,-1,1024,0.0,0.01171875
982,4,2,4096,0.0,0.0625
983,4,1,2048,0.0,0.03125
984,4,2,1024,0.0,0.015625
985,4,-2,4096,0.0,0.0625
986,4,2,2048,0.0,0.03125
987,2,-1,2048,0.0,0.015625
988,1,-1,4096,0.0,0.015625
989,8,2,4096,0.0,0.109375
990,2,-1,4096,0.0,0.03125
991,4,-1,4096,0.0,0.0625
992,1,2,1024,0.0,0.00390625
993,2,2,2048,0.0,0.015625
994,4,-1,1024,0.0,0.015625
995,4,-1,4096,0.0,0.0625
996,4,-2,4096,0.0,0.046875
997,2,-2,2048,0.0,0.015625
998,8,1,2048,0.0,0.0625
999,4,-1,4096,0.0,0.0625
1000,8,2,1024,0.0,0.03125
1001,4,-2,2048,0.0,0.03125
1002,4,1,4096,0.0,0.0625
1003,8,1,1024,0.0,0.03125
1004,1,1,4096,0.0,0.015625
1005,8,-2,1024,0.0,0.03125
1006,8,-1,4096,0.0,0.09375
1007,4,1,2048,0.0,0.03125
1008,4,-1,4096,0.41421568627450983,0.0625
1009,4,2,4096,0.7843137254901961,0.0625
1010,2,1,2048,0.0,0.015625
1011,8,-1,4096,0.0,0.125
1012,1,-2,2048,0.0,0.0078125
1013,2,-2,2048,0.0,0.015625
1014,4,-1,4096,0.0,0.0625
1015,8,-1,1024,0.0,0.03125
1016,2,2,2048,0.0,0.015625
1017,2,2,1024,0.0,0.0078125
1018,1,-2,2048,0.0,0.0078125
1019,1,1,4096,0.0,0.015625
1020,1,-1,1024,0.0,0.00390625
1021,1,-2,2048,0.0,0.0078125
1022,8,1,2048,0.0,0.0625
1023,8,1,4096,0.5263480392156863,0.125
1024,8,-2,1024,0.0,0.03125
1025,1,-1,1024,0.0,0.00390625
1026,1,1,1024,0.0,0.00390625
1027,2,-1,2048,0.0,0.015625
1028,4,-1,2048,0.0,0.03125
1029,2,-2,4096,0.0,0.03125
1030,2,-2,2048,0.0,0.015625
1031,1,2,1024,0.0,0.00390625
1032,4,1,4096,0.0,0.0625
1033,2,-2,1024,0.0,0.0078125
1034,1,-1,2048,1.0,0.0078125
1035,4,-2,2048,0.0,0.03125
1036,8,-1,1024,0.3492647058823529,0.03125
1037,1,-2,2048,0.0,0.0078125
1038,2,1,2048,0.0,0.015625
1039,8,1,4096,0.0,0.109375
1040,4,1,1024,0.0,0.015625
1041,8,-1,4096,0.0,0.109375
1042,2,-1,2048,0.0,0.015625
1043,2,-2,4096,0.0,0.03125
1044,4,-2,1024,0.0,0.015625
1045,1,-1,1024,0.0,0.00390625
1046,1,-1,4096,0.0,0.015625
1047,4,1,2048,0.0,0.03125
1048,4,-2,1024,0.0,0.015625
1049,1,-1,4096,0.0,0.015625
1050,4,2,1024,0.0,0.015625
1051,2,2,2048,0.0,0.015625
1052,4,2,4096,0.0,0.0625
1053,8,-1,4096,0.0,0.109375
1054,1,-2,4096,0.0,0.015625
1055,8,-2,2048,0.0,0.0625
1056,2,-2,1024,0.0,0.0078125
1057,8,2,1024,0.0,0.03125
1058,2,2,4096,0.7138480392156863,0.03125
1059,2,2,2048,0.0,0.015625
1060,8,1,1024,0.0,0.03125
1061,4,-1,4096,0.0,0.0625
1062,1,-1,4096,0.0,0.015625
1063,4,2,1024,0.5857843137254902,0.015625
1064,8,2,4096,0.0,0.109375
1065,2,1,2048,0.0,0.0078125
1066,8,2,2048,0.0,0.0625
1067,4,-1,4096,0.0,0.0625
1068,2,-1,1024,0.0,0.0078125
1069,1,2,1024,0.0,0.00390625
1070,4,-1,4096,0.0,0.046875
1071,1,2,2048,0.0,0.0078125
1072,8,-1,1024,0.0,0.03125
1073,4,-1,4096,0.0,0.0625
1074,2,-2,1024,0.0,0.0078125
1075,1,1,4096,0.0,0.015625
1076,4,-1,1024,0.0,0.015625
1077,1,-1,2048,0.0,0.0078125
1078,2,1,2048,0.0,0.015625
1079,8,-2,4096,0.0,0.109375
1080,8,-2,2048,0.0,0.046875
1081,8,2,4096,0.0,0.09375
1082,8,1,1024,0.3290441176470588,0.03125
1083,4,1,2048,0.0,0.03125
1084,1,-2,4096,0.0,0.015625
1085,8,1,1024,0.0,0.03125
1086,8,-1,4096,0.0,0.125
1087,8,1,4096,0.0,0.109375
1088,4,-2,4096,0.0,0.046875
1089,1,1,1024,0.0,0.00390625
1090,4,1,4096,0.0,0.046875
1091,2,-1,4096,0.0,0.03125
1092,8,-2,1024,0.0,0.03125
1093,2,2,2048,0.0,0.015625
1094,2,1,1024,0.0,0.0078125
1095,1,1,2048,0.0,0.0078125
1096,8,2,1024,0.0,0.03125
1097,8,1,2048,0.0,0.0546875
1098,1,-2,2048,0.0,0.0078125
1099,2,-1,2048,0.0,0.015625
1100,2,2,4096,0.0,0.03125
1101,2,-1,4096,0.0,0.03125
1102,8,2,1024,0.0,0.03125
1103,1,-2,1024,0.0,0.00390625
1104,2,-1,1024,0.0,0.0078125
1105,1,-1,4096,0.0,0.0
1106,1,1,1024,0.0,0.00390625
1107,8,-2,1024,0.0,0.03125
1108,8,-2,1024,0.0,0.03125
1109,1,1,4096,0.0,0.015625
1110,4,-1,2048,0.0,0.03125
1111,1,2,4096,0.0,0.015625
1112,1,2,1024,0.0,0.00390625
1113,2,-1,2048,0.0,0.015625
1114,1,1,2048,0.0,0.0078125
1115,2,-1,1024,0.0,0.0078125
1116,8,-1,4096,0.0,0.109375
1117,4,1,4096,0.0,0.0625
1118,4,-1,1024,0.0,0.015625
1119,2,-2,4096,0.0,0.03125
1120,1,-1,2048,0.0,0.0078125
1121,1,2,2048,0.0,0.0078125
1122,2,-1,4096,0.0,0.03125
1123,1,-1,2048,0.0,0.0078125
1124,8,1,1024,0.0,0.03125
1125,8,-2,4096,0.0,0.09375
1126,8,-1,4096,0.0,0.125
1127,4,-2,1024,0.0,0.015625
1128,4,2,4096,0.0,0.0625
1129,4,2,2048,0.0,0.03125
1130,2,2,1024,0.0,0.0078125
1131,4,-2,2048,0.0,0.03125
1132,8,1,4096,0.0,0.125
1133,8,1,1024,0.0,0.03125
1134,4,2,4096,0.0,0.0625
1135,1,-2,4096,0.0,0.015625
1136,4,1,4096,0.0,0.0625
1137,2,-2,1024,0.0,0.0078125
1138,4,1,1024,0.0,0.015625
1139,4,2,4096,0.0,0.046875
1140,8,-2,2048,0.0,0.0625
1141,2,-2,2048,0.0,0.015625
1142,8,2,2048,0.0,0.0625
1143,8,-2,2048,0.0,0.0625
1144,2,1,2048,0.0,0.015625
1145,2,1,2048,0.0,0.015625
1146,4,-1,2048,0.0196078431372549,0.03125
1147,8,2,2048,0.0,0.0546875
1148,4,2,2048,0.0,0.03125
1149,8,-1,4096,0.0,0.109375
1150,2,-2,2048,0.0,0.015625
1151,4,-2,4096,0.0,0.0625
1152,2,-2,2048,0.0,0.015625
1153,8,2,4096,1.0,0.125
1154,2,1,2048,0.0,0.015625
1155,4,1,2048,0.0,0.03125
1156,1,-2,1024,0.0,0.00390625
1157,8,2,1024,0.0,0.03125
1158,2,1,4096,0.0,0.03125
1159,2,2,1024,0.0,0.0078125
1160,4,-1,1024,0.0,0.015625
1161,2,1,4096,0.0,0.03125
1162,8,1,4096,1.0,0.125
1163,4,-1,2048,0.0,0.03125
1164,4,1,2048,0.0,0.03125
1165,1,-1,2048,0.0,0.0078125
1166,1,2,4096,0.0,0.015625
1167,2,1,2048,0.0,0.0078125
1168,8,1,1024,0.0,0.02734375
1169,8,1,2048,0.07965686274509803,0.0546875
1170,4,-1,1024,0.0,0.015625
1171,4,2,4096,1.0,0.0625
1172,2,-2,1024,0.0,0.00390625
1173,1,1,2048,0.0,0.0078125
1174,1,-2,1024,0.0,0.00390625
1175,2,-1,4096,0.0,0.03125
1176,2,1,2048,0.0,0.015625
1177,1,-1,1024,0.0,0.00390625
1178,2,2,4096,0.0,0.03125
1179,1,1,2048,0.0,0.0078125
1180,4,-1,2048,0.0,0.03125
1181,8,-1,1024,0.0,0.03125
1182,4,1,1024,0.0,0.015625
1183,2,2,4096,0.0,0.03125
1184,2,-1,2048,0.0,0.015625
1185,2,1,2048,0.0,0.015625
1186,1,1,4096,0.0,0.015625
1187,4,-2,2048,0.0,0.03125
1188,4,2,2048,0.0,0.03125
1189,1,1,4096,0.0,0.015625
1190,2,-2,1024,0.0,0.0078125
1191,2,1,2048,0.0,0.015625
1192,1,1,4096,0.0,0.015625
1193,4,2,1024,0.0,0.015625
1194,4,-2,1024,0.0,0.015625
1195,4,-1,2048,0.0,0.03125
1196,4,-2,1024,0.0,0.015625
1197,8,1,1024,0.0,0.03125
1198,8,1,1024,0.0,0.03125
1199,4,-1,4096,0.0,0.0625
1200,8,2,1024,0.0,0.02734375
1201,2,1,4096,0.0,0.03125
1202,8,-1,2048,0.02389705882352941,0.0625
1203,8,-2,4096,0.0,0.109375
1204,4,-1,1024,0.0,0.015625
1205,8,2,4096,0.0,0.125
1206,4,-1,2048,0.0,0.03125
1207,4,2,4096,0.0,0.0625
1208,2,1,4096,0.0,0.03125
1209,8,1,2048,0.0,0.0625
1210,4,-1,4096,0.0,0.046875
1211,8,1,1024,0.0,0.02734375
1212,2,-2,2048,0.0,0.015625
1213,8,-2,2048,0.0,0.0546875
1214,1,-1,4096,0.0,0.015625
1215,1,1,4096,0.0,0.015625
1216,4,1,4096,0.0,0.0625
1217,4,-1,4096,0.0,0.0625
1218,8,-1,4096,0.0,0.125
1219,2,1,4096,0.0,0.03125
1220,4,1,2048,0.0,0.03125
1221,4,-2,1024,0.0,0.015625
1222,8,-1,4096,1.0,0.109375
1223,4,1,1024,0.0,0.015625
1224,2,2,1024,0.0,0.0078125
1225,8,-1,4096,0.0,0.125
1226,1,2,1024,0.0,0.00390625
1227,8,1,1024,0.0,0.03125
1228,1,-1,2048,0.0,0.0078125
1229,2,1,2048,0.0,0.015625
1230,8,2,1024,0.5551470588235294,0.03125
1231,4,-2,2048,0.0,0.03125
1232,8,-2,1024,0.0,0.03125
1233,4,-1,1024,0.0,0.015625
1234,4,-2,1024,0.0,0.015625
1235,2,2,4096,0.49019607843137253,0.03125
1236,1,2,2048,0.0,0.0078125
1237,1,1,4096,0.0,0.015625
1238,2,2,1024,0.0,0.0078125
1239,1,-2,4096,0.0,0.015625
1240,4,1,4096,0.0,0.0625
1241,8,-1,2048,0.0,0.0625
1242,8,-1,4096,0.0,0.078125
1243,2,-1,2048,0.0,0.015625
1244,8,1,2048,0.0,0.0625
1245,8,1,4096,0.0,0.125
1246,8,-2,2048,0.0,0.0625
1247,2,1,2048,0.0,0.015625
1248,2,2,4096,0.0,0.03125
1249,8,-2,2048,0.0,0.0625
1250,1,2,1024,0.0,0.00390625
1251,2,1,4096,0.0,0.03125
1252,1,-1,4096,0.0,0.015625
1253,8,1,1024,0.0,0.03125
1254,4,1,4096,0.0,0.0625
1255,1,2,1024,0.0,0.00390625
1256,1,-2,1024,0.0,0.00390625
1257,4,-2,4096,0.0,0.046875
1258,4,1,2048,0.0,0.03125
1259,8,-1,2048,0.0,0.0625
1260,2,-2,2048,0.0,0.015625
1261,8,-1,1024,0.0,0.03125
1262,2,1,4096,0.0,0.03125
1263,8,-2,1024,0.0,0.03125
1264,1,2,4096,0.0,0.015625
1265,1,-1,4096,0.0,0.015625
1266,1,-2,1024,0.0,0.00390625
1267,2,-2,2048,0.0,0.015625
1268,8,2,1024,0.0,0.03125
1269,1,-2,2048,0.0,0.0078125
1270,2,-1,2048,0.0,0.015625
1271,1,1,1024,0.0,0.00390625
1272,8,1,4096,0.0,0.09375
1273,4,-1,4096,0.0,0.0625
1274,8,-2,1024,0.0,0.03125
1275,4,1,4096,0.0,0.0625
1276,4,-1,4096,0.0,0.0625
1277,8,-2,2048,0.0,0.0546875
1278,1,-2,4096,0.0,0.015625
1279,8,1,1024,0.0,0.02734375
1280,4,-2,4096,0.0,0.0625
1281,4,-1,4096,0.0,0.0625
1282,2,-2,2048,0.0,0.015625
1283,8,2,4096,0.0,0.125
1284,2,1,4096,0.0,0.03125
1285,1,2,4096,0.0,0.015625
1286,8,-2,2048,0.0,0.0625
1287,1,-1,4096,0.0,0.015625
1288,1,-1,2048,0.0,0.0078125
1289,4,1,2048,0.0,0.0234375
1290,1,2,1024,0.0,0.00390625
1291,8,-2,1024,0.0,0.03125
1292,2,2,4096,0.0,0.03125
1293,1,1,2048,0.0,0.0078125
1294,8,2,2048,0.0,0.0625
1295,4,-2,4096,0.0,0.046875
1296,2,2,1024,0.0,0.0078125
1297,4,-1,1024,0.0,0.015625
1298,4,-1,1024,0.0,0.015625
1299,1,-2,1024,0.0,0.00390625
1300,8,2,2048,0.0,0.0625
1301,2,2,4096,0.0,0.03125
1302,4,-2,1024,0.0,0.015625
1303,8,-1,2048,0.0,0.0625
1304,4,1,1024,0.0,0.015625
1305,4,1,4096,0.0,0.046875
1306,2,-2,2048,0.0,0.015625
1307,1,-1,1024,0.0,0.00390625
1308,2,-1,2048,0.0,0.015625
1309,8,-1,2048,0.0,0.0625
1310,4,2,4096,0.0,0.046875
1311,2,-2,1024,0.0,0.0078125
1312,8,1,4096,0.0,0.109375
1313,8,2,4096,0.0,0.109375
1314,8,2,1024,0.0,0.03125
1315,2,2,4096,0.0,0.03125
1316,4,-2,4096,0.0,0.0625
1317,4,-2,2048,0.0,0.03125
1318,2,2,1024,0.0,0.0078125
1319,2,1,2048,0.0,0.015625
1320,1,1,2048,0.0,0.0078125
1321,2,-1,1024,0.0,0.0078125
1322,4,1,2048,0.0,0.03125
1323,8,-2,4096,0.0,0.109375
1324,8,-1,2048,0.0,0.0625
1325,1,1,4096,0.0,0.015625
1326,4,-2,1024,0.0,0.015625
1327,1,-2,4096,0.0,0.015625
1328,4,-2,2048,0.0,0.0234375
1329,2,-2,1024,0.0,0.0078125
1330,2,2,4096,0.0,0.03125
1331,4,1,2048,0.0,0.03125
1332,2,2,2048,0.0,0.015625
1333,8,-1,1024,0.0,0.03125
1334,4,1,4096,0.0,0.0625
1335,8,2,1024,0.0,0.03125
1336,4,-1,1024,0.0,0.015625
1337,2,1,1024,0.0,0.0078125
1338,8,1,2048,0.0,0.0625
1339,2,2,1024,0.0,0.0078125
1340,4,2,4096,0.0,0.0625
1341,1,1,1024,0.4895833333333333,0.00390625
1342,1,1,4096,0.0,0.015625
1343,4,2,4096,0.0,0.0625
1344,1,1,4096,0.0,0.015625
1345,8,-1,1024,0.0,0.03125
1346,8,1,1024,0.0,0.03125
1347,4,1,4096,0.8363970588235294,0.0625
1348,4,-2,2048,0.0,0.03125
1349,4,1,4096,0.0,0.0625
1350,1,1,1024,0.0,0.00390625
1351,2,2,2048,0.0,0.015625
1352,2,1,1024,0.0,0.0078125
1353,8,-2,2048,0.0,0.0625
1354,1,2,1024,0.0,0.00390625
1355,2,1,4096,0.0,0.03125
1356,2,-1,2048,0.0,0.015625
1357,1,2,1024,0.0,0.00390625
1358,1,-1,2048,0.0,0.0078125
1359,2,-1,2048,0.0,0.015625
1360,1,2,4096,0.0,0.015625
1361,1,2,2048,0.0,0.0078125
1362,2,1,2048,0.0,0.015625
1363,1,-1,4096,0.0,0.015625
1364,4,2,2048,0.0,0.03125
1365,1,-2,4096,0.0,0.015625
1366,2,1,4096,0.0,0.03125
1367,2,1,4096,0.0,0.03125
1368,8,2,4096,0.0,0.109375
1369,4,-1,4096,0.0,0.0625
1370,8,2,2048,0.0,0.0625
1371,2,-2,2048,0.0,0.015625
1372,2,2,1024,0.0,0.0078125
1373,2,-2,4096,0.0,0.03125
1374,8,1,4096,0.0,0.109375
1375,8,-2,4096,0.0,0.09375
1376,8,2,4096,1.0,0.125
1377,8,2,2048,0.0,0.0625
1378,4,-2,1024,0.0,0.015625
1379,4,2,4096,0.0,0.0625
1380,8,-1,4096,1.0,0.125
1381,2,1,4096,0.0,0.03125
1382,2,-2,2048,0.0,0.015625
1383,8,-2,2048,0.0,0.0625
1384,2,-2,1024,0.0,0.0078125
1385,1,1,1024,0.0,0.00390625
1386,4,1,4096,0.0,0.0625
1387,2,2,1024,0.0,0.0078125
1388,8,-2,1024,0.0,0.03125
1389,8,1,4096,0.0,0.109375
1390,2,-2,2048,0.0,0.015625
1391,4,-1,1024,0.0,0.015625
1392,8,-2,2048,0.0,0.0625
1393,4,-2,2048,0.0,0.03125
1394,1,1,1024,0.0,0.00390625
1395,4,2,2048,0.0,0.0234375
1396,4,1,2048,0.0,0.03125
1397,4,2,4096,0.0,0.0625
1398,1,1,1024,0.0,0.00390625
1399,2,-2,4096,0.0,0.03125
1400,8,-1,1024,0.0,0.02734375
1401,1,2,4096,0.0,0.015625
1402,2,-2,4096,0.0,0.03125
1403,2,-2,2048,0.0,0.015625
1404,1,2,1024,0.0,0.00390625
1405,1,-2,1024,0.0,0.00390625
1406,2,2,2048,0.0,0.015625
1407,8,2,4096,0.0,0.125
1408,1,1,4096,0.0,0.015625
1409,2,1,1024,0.0,0.0078125
1410,1,-2,1024,0.0,0.00390625
1411,4,-1,2048,0.0,0.03125
1412,2,2,2048,0.0,0.015625
1413,8,2,4096,1.0,0.125
1414,4,-1,4096,0.0,0.0625
1415,8,2,2048,0.0,0.0546875
1416,4,2,2048,0.0,0.0234375
1417,2,-2,2048,0.0,0.015625
1418,8,1,2048,0.0,0.0546875
1419,2,1,4096,0.0,0.03125
1420,8,1,1024,0.0,0.03125
1421,8,2,4096,0.0,0.109375
1422,4,2,4096,0.0,0.0625
1423,4,1,2048,0.0,0.03125
1424,2,-1,2048,0.0,0.015625
1425,8,2,2048,0.0,0.0625
1426,4,2,4096,0.0,0.03125
1427,8,1,1024,0.0,0.03125
1428,2,1,2048,0.0,0.015625
1429,8,-2,2048,0.0,0.0546875
1430,2,-1,4096,0.0,0.03125
1431,1,-2,1024,0.0,0.00390625
1432,1,1,1024,0.0,0.00390625
1433,4,2,2048,0.0,0.03125
1434,2,-2,2048,0.0,0.015625
1435,1,2,4096,0.0,0.015625
1436,2,-2,1024,0.0,0.0078125
1437,4,-2,1024,0.0,0.015625
1438,2,2,2048,0.0,0.015625
1439,8,-2,2048,0.0,0.0625
1440,8,1,1024,0.0,0.03125
1441,4,2,1024,0.0,0.015625
1442,8,-1,2048,0.0,0.0625
1443,2,-2,1024,0.0,0.0078125
1444,1,-1,4096,0.0,0.0
1445,1,-2,1024,0.0,0.00390625
1446,8,1,4096,0.0,0.125
1447,8,2,1024,0.0,0.03125
1448,4,2,2048,0.0,0.03125
1449,1,2,4096,0.0,0.015625
1450,2,2,2048,0.0,0.015625
1451,1,2,4096,0.0,0.015625
1452,1,2,1024,0.0,0.00390625
1453,1,1,4096,0.0,0.015625
1454,4,2,1024,0.0,0.01171875
1455,1,-1,2048,0.0,0.0078125
1456,8,-1,1024,0.0,0.03125
1457,2,2,4096,0.0,0.015625
1458,2,-1,1024,0.0,0.0078125
1459,4,-1,4096,0.0,0.0625
1460,8,-2,2048,0.0,0.0625
1461,2,-1,2048,0.0,0.015625
1462,1,1,2048,0.0,0.0078125
1463,1,2,1024,0.0,0.00390625
1464,8,-2,1024,0.0,0.03125
1465,1,1,4096,0.96875,0.015625
1466,4,2,4096,0.0,0.0625
1467,2,2,4096,0.0,0.03125
1468,8,2,2048,0.25735294117647056,0.0546875
1469,1,-2,1024,0.0,0.00390625
1470,8,-1,2048,0.0,0.0546875
1471,4,2,2048,0.0,0.03125
1472,2,2,2048,0.0,0.015625
1473,1,1,2048,0.0,0.0078125
1474,8,2,4096,0.6017156862745098,0.09375
1475,2,1,2048,0.0,0.015625
1476,2,-2,1024,0.0,0.0078125
1477,2,2,4096,0.0,0.03125
1478,1,-2,2048,0.0,0.0078125
1479,2,-1,2048,0.0,0.015625
1480,1,-2,2048,0.0,0.0078125
1481,1,1,4096,0.0,0.015625
1482,2,-2,4096,0.0,0.015625
1483,1,1,4096,0.0,0.015625
1484,2,2,2048,0.0,0.0078125
1485,8,2,1024,0.0,0.03125
1486,1,-1,2048,0.0,0.0078125
1487,1,2,4096,0.0,0.015625
1488,1,-1,4096,0.0,0.0
1489,4,1,4096,0.0,0.046875
1490,2,1,4096,0.0,0.03125
1491,2,-2,2048,0.0,0.015625
1492,1,-2,1024,0.0,0.00390625
1493,2,-2,2048,0.0,0.015625
1494,2,2,1024,0.0,0.0
1495,2,2,4096,0.0,0.03125
1496,4,-1,4096,0.0,0.0625
1497,8,2,2048,0.0,0.0625
1498,2,-2,2048,0.0,0.015625
1499,8,2,1024,0.0,0.03125
1500,4,-2,1024,0.0,0.015625
1501,2,-2,1024,0.0,0.0078125
1502,1,2,1024,0.0,0.00390625
1503,2,-1,1024,0.0,0.0078125
1504,4,-1,4096,0.0,0.0625
1505,1,2,4096,0.0,0.015625
1506,8,-1,2048,0.0,0.0625
1507,2,2,1024,0.0,0.0078125
1508,8,-2,4096,1.0,0.09375
1509,4,-2,2048,0.0,0.03125
1510,2,-1,2048,0.0,0.015625
1511,1,1,2048,0.0,0.0078125
1512,4,-2,2048,0.0,0.03125
1513,2,-2,4096,0.0,0.03125
1514,1,1,4096,0.0,0.015625
1515,8,-1,2048,0.0,0.0625
1516,2,-1,4096,0.0,0.03125
1517,1,-2,4096,0.0,0.015625
1518,2,-2,1024,0.0,0.0078125
1519,2,-2,4096,0.0,0.03125
1520,8,1,2048,0.0,0.0546875
1521,4,-2,1024,0.0,0.015625
1522,1,-2,4096,0.0,0.015625
1523,1,2,4096,0.0,0.015625
1524,4,-1,2048,0.0,0.03125
1525,1,1,1024,0.0,0.00390625
1526,2,-1,4096,0.0,0.03125
1527,1,2,4096,0.0,0.015625
1528,1,2,1024,0.0,0.00390625
1529,8,-1,2048,0.0,0.0625
1530,1,1,1024,0.0,0.00390625
1531,1,-1,1024,0.0,0.00390625
1532,8,2,2048,0.0,0.0625
1533,1,-1,1024,0.0,0.00390625
1534,8,2,2048,0.0,0.0625
1535,1,1,2048,0.0,0.0078125
1536,1,1,2048,0.0,0.0078125
1537,1,-1,4096,0.0,0.015625
1538,4,2,1024,0.0,0.015625
1539,4,1,4096,0.4025735294117647,0.0625
1540,2,2,1024,0.0,0.00390625
1541,1,2,1024,0.0,0.00390625
1542,1,-2,2048,0.0,0.0078125
1543,4,2,1024,0.0,0.015625
1544,1,2,1024,0.0,0.00390625
1545,4,-2,2048,0.5716911764705882,0.03125
1546,4,2,4096,0.0,0.046875
1547,8,1,2048,0.0,0.0625
1548,2,-1,4096,0.0,0.03125
1549,1,-2,1024,0.0,0.00390625
1550,2,-1,1024,0.0,0.0078125
1551,8,-2,2048,0.0,0.0625
1552,4,1,4096,0.0,0.0625
1553,4,1,4096,0.25674019607843135,0.0625
1554,2,1,1024,0.0,0.0078125
1555,1,1,2048,0.0,0.0078125
1556,8,-1,2048,0.0,0.0546875
1557,8,1,4096,0.0,0.09375
1558,8,2,1024,0.0,0.03125
1559,8,-2,2048,0.0,0.0625
1560,2,-1,4096,0.0,0.03125
1561,2,2,2048,0.0,0.015625
1562,1,2,4096,0.0,0.015625
1563,8,2,2048,0.0,0.0625
1564,4,-2,2048,0.0,0.03125
1565,2,-1,1024,0.0,0.0078125
1566,8,-2,4096,0.0,0.109375
1567,4,2,1024,0.0,0.015625
1568,8,1,4096,1.0,0.125
1569,8,-2,4096,0.0,0.109375
1570,1,-2,2048,0.0,0.0078125
1571,2,1,4096,0.0,0.03125
1572,4,2,4096,0.0,0.0625
1573,8,2,4096,0.0,0.125
1574,1,2,1024,0.0,0.00390625
1575,2,2,1024,0.0,0.0078125
1576,4,2,1024,0.0,0.01171875
1577,8,2,1024,0.0,0.02734375
1578,1,2,4096,0.0,0.015625
1579,4,-1,1024,0.0,0.015625
1580,2,2,1024,0.0,0.0078125
1581,1,2,4096,0.0,0.015625
1582,4,-2,1024,0.0,0.015625
1583,2,1,4096,0.0,0.03125
1584,4,-1,4096,0.0,0.0625
1585,2,-2,2048,0.0,0.015625
1586,8,-2,4096,0.0,0.109375
1587,1,-2,4096,0.0,0.015625
1588,8,2,1024,0.0,0.03125
1589,1,2,1024,0.0,0.00390625
1590,4,-2,2048,0.0,0.03125
1591,2,1,2048,0.0,0.015625
1592,2,1,4096,0.0,0.03125
1593,1,1,1024,0.0,0.00390625
1594,4,1,1024,0.0,0.015625
1595,1,2,1024,0.0,0.00390625
1596,4,1,1024,0.0,0.015625
1597,4,1,4096,0.0,0.0625
1598,8,1,2048,0.0,0.0625
1599,4,-1,4096,0.0,0.0625
1600,2,2,1024,0.0,0.0078125
1601,4,-1,1024,0.0,0.015625
1602,8,2,4096,1.0,0.125
1603,2,1,1024,0.0,0.0078125
1604,1,1,1024,0.0,0.00390625
1605,8,2,2048,0.0,0.0625
1606,1,1,1024,0.0,0.00390625
1607,4,1,1024,0.0,0.015625
1608,1,1,2048,0.0,0.0078125
1609,1,1,2048,0.0,0.0078125
1610,8,-1,2048,0.0,0.0625
1611,1,1,2048,0.0,0.0078125
1612,4,2,1024,0.0,0.015625
1613,4,1,1024,0.0,0.015625
1614,1,2,2048,0.0,0.0078125
1615,1,2,1024,0.3590686274509804,0.00390625
1616,8,-1,2048,0.0,0.0546875
1617,4,-2,1024,0.0,0.015625
1618,1,-1,2048,0.0,0.0078125
1619,8,2,4096,0.0,0.125
1620,2,2,2048,0.0,0.015625
1621,1,1,2048,0.0,0.0078125
1622,8,2,2048,0.0,0.0546875
1623,1,-2,2048,0.0,0.0
1624,4,1,4096,0.0,0.0625
1625,8,1,1024,0.0,0.03125
1626,4,1,1024,0.0,0.015625
1627,4,1,4096,0.0,0.0625
1628,2,-1,2048,0.0,0.015625
1629,1,1,1024,0.0,0.00390625
1630,4,1,2048,0.0,0.03125
1631,8,2,1024,0.0,0.03125
1632,1,-2,2048,0.0,0.0078125
1633,8,-1,4096,0.0,0.125
1634,2,-1,1024,0.0,0.0078125
1635,4,-2,4096,0.0,0.046875
1636,1,-1,1024,0.0,0.00390625
1637,4,-1,1024,0.0,0.015625
1638,1,-1,4096,0.0,0.015625
1639,2,-1,2048,0.0,0.015625
1640,4,1,4096,0.0,0.0625
1641,1,1,4096,0.0,0.015625
1642,2,-1,4096,0.0,0.03125
1643,4,2,1024,0.0,0.015625
1644,1,-1,1024,0.0,0.00390625
1645,2,1,1024,0.0,0.0078125
1646,2,-2,2048,0.0,0.015625
1647,4,-2,2048,0.0,0.03125
1648,8,-1,4096,0.0,0.125
1649,8,-1,1024,0.0,0.03125
1650,1,-1,1024,0.0,0.00390625
1651,1,-2,2048,0.0,0.0078125
1652,1,-1,2048,0.0,0.0078125
1653,4,1,4096,0.0,0.046875
1654,1,1,1024,0.0,0.00390625
1655,1,-2,2048,0.0,0.0078125
1656,8,-1,4096,0.0,0.109375
1657,8,1,2048,0.0,0.0625
1658,8,1,4096,0.0,0.125
1659,2,2,2048,0.0,0.015625
1660,4,-1,1024,0.1795343137254902,0.015625
1661,4,1,4096,0.0,0.0625
1662,1,2,2048,0.0,0.0078125
1663,4,-1,1024,0.0,0.015625
1664,4,2,1024,0.0,0.015625
1665,2,-1,1024,0.0,0.0078125
1666,8,-1,1024,0.0,0.03125
1667,4,1,4096,0.0,0.0625
1668,4,1,2048,0.0,0.03125
1669,4,1,1024,0.0,0.015625
1670,8,-2,1024,0.0,0.02734375
1671,4,-2,1024,0.0,0.015625
1672,2,2,4096,0.0,0.03125
1673,8,2,2048,0.0,0.0625
1674,4,2,1024,0.0,0.015625
1675,8,1,4096,0.0,0.125
1676,1,2,4096,0.0,0.015625
1677,2,-1,1024,0.0,0.0078125
1678,8,-2,4096,0.0,0.109375
1679,4,-2,4096,0.0,0.0625
1680,8,-1,1024,0.0,0.03125
1681,1,-1,4096,1.0,0.015625
1682,1,2,2048,0.0,0.0078125
1683,8,-1,2048,0.0,0.0546875
1684,2,1,1024,0.0,0.0078125
1685,4,-1,1024,0.0,0.015625
1686,2,1,4096,0.0,0.03125
1687,2,1,4096,0.0,0.015625
1688,8,-2,1024,0.0,0.03125
1689,1,-1,1024,0.0,0.00390625
1690,8,-2,2048,0.0,0.0625
1691,8,2,4096,0.0,0.109375
1692,4,1,4096,0.0,0.0625
1693,2,2,4096,0.0,0.03125
1694,1,2,2048,0.0,0.0078125
1695,4,-2,1024,0.0,0.01171875
1696,2,1,4096,0.0,0.03125
1697,1,-2,4096,0.0,0.015625
1698,2,2,2048,0.0,0.015625
1699,8,2,2048,0.0,0.0625
1700,2,1,1024,0.0,0.0078125
1701,1,2,2048,0.0,0.0078125
1702,4,2,1024,0.0,0.015625
1703,1,2,2048,0.0,0.0078125
1704,8,-2,1024,0.0,0.03125
1705,8,-2,2048,0.0,0.0546875
1706,8,2,1024,0.0,0.03125
1707,8,-1,4096,0.0,0.109375
1708,1,-1,2048,0.0,0.0078125
1709,1,-2,4096,0.0,0.015625
1710,2,1,1024,0.0,0.0078125
1711,2,2,1024,0.0,0.0078125
1712,8,2,1024,0.0,0.03125
1713,4,1,2048,0.0,0.03125
1714,4,1,1024,0.0,0.015625
1715,8,1,4096,0.0,0.125
1716,4,-1,4096,0.0,0.0625
1717,2,1,4096,0.36764705882352944,0.03125
1718,2,2,1024,0.0,0.0078125
1719,4,-1,2048,0.0,0.03125
1720,1,-1,2048,0.0,0.0078125
1721,4,1,2048,0.0,0.03125
1722,4,1,2048,0.0,0.03125
1723,4,-2,4096,0.0,0.0625
1724,4,-1,4096,0.0,0.0625
1725,8,1,1024,0.0,0.03125
1726,8,1,1024,0.14583333333333334,0.02734375
1727,4,1,1024,0.0,0.015625
1728,2,2,2048,0.0,0.015625
1729,1,1,2048,0.0,0.0078125
1730,8,1,4096,0.0,0.125
1731,8,-1,1024,0.0,0.03125
1732,4,-1,1024,0.6274509803921569,0.015625
1733,8,2,1024,0.25735294117647056,0.02734375
1734,8,-1,1024,0.0,0.03125
1735,8,1,1024,0.0,0.03125
1736,4,-2,1024,0.12438725490196079,0.015625
1737,1,-2,4096,0.0,0.015625
1738,1,-2,4096,0.0,0.015625
1739,1,-2,4096,0.0,0.015625
1740,2,1,2048,0.0,0.015625
1741,4,1,2048,0.0,0.03125
1742,2,1,4096,0.0,0.03125
1743,1,-1,1024,0.0,0.00390625
1744,1,1,2048,0.0,0.0078125
1745,8,-2,4096,0.0,0.125
1746,8,-1,2048,0.0,0.0625
1747,2,-2,1024,0.0,0.0078125
1748,8,-2,2048,0.0,0.0625
1749,4,-2,4096,0.0,0.0625
1750,8,-2,1024,0.0,0.03125
1751,8,-1,2048,0.0,0.0546875
1752,4,1,1024,0.0,0.015625
1753,2,1,1024,0.0,0.0078125
1754,4,-1,4096,0.0,0.0625
1755,2,-2,2048,0.0,0.015625
1756,2,-2,1024,0.0,0.0078125
1757,4,1,2048,0.0,0.03125
1758,4,2,1024,0.0,0.015625
1759,4,-1,4096,0.0,0.0625
1760,2,-2,4096,0.0,0.015625
1761,2,-1,1024,0.0,0.0078125
1762,1,-2,1024,0.0,0.00390625
1763,4,-2,4096,0.0,0.0625
1764,4,-1,4096,0.0,0.0625
1765,8,2,4096,1.0,0.109375
1766,4,1,4096,0.0,0.0625
1767,2,2,4096,0.0,0.03125
1768,1,-1,2048,0.0,0.0078125
1769,1,-1,4096,0.0,0.015625
1770,2,-1,4096,0.0,0.03125
1771,2,-2,1024,0.0,0.0078125
1772,2,-1,1024,0.0,0.0078125
1773,2,-1,2048,0.0,0.015625
1774,8,-1,4096,0.0,0.09375
1775,1,-2,4096,0.0,0.015625
1776,2,1,1024,0.0,0.0078125
1777,1,2,2048,0.0,0.0078125
1778,2,2,4096,0.0,0.03125
1779,4,-2,1024,0.0,0.015625
1780,1,-2,4096,0.0,0.015625
1781,2,2,1024,0.0,0.0078125
1782,1,2,1024,0.0,0.00390625
1783,8,1,1024,0.0,0.03125
1784,4,-1,4096,0.0,0.0625
1785,1,1,4096,0.0,0.015625
1786,1,1,1024,0.0,0.00390625
1787,1,2,2048,0.0,0.0078125
1788,2,1,1024,0.0,0.0078125
1789,8,-2,4096,0.0,0.09375
1790,4,1,4096,0.0,0.0625
1791,8,2,4096,0.0,0.125
1792,2,-1,2048,0.0,0.015625
1793,2,-2,1024,0.0,0.0078125
1794,2,-2,1024,0.0,0.0078125
1795,1,2,4096,0.0,0.015625
1796,8,-1,2048,0.3014705882352941,0.0625
1797,1,1,1024,0.0,0.00390625
1798,2,2,4096,0.0,0.03125
1799,4,-2,1024,0.0,0.015625
1800,1,-2,4096,0.0,0.015625
1801,2,2,1024,0.0,0.0078125
1802,2,1,2048,0.0,0.015625
1803,2,-2,1024,0.0,0.0078125
1804,1,1,4096,0.0,0.015625
1805,1,-2,2048,0.0,0.0078125
1806,1,2,2048,0.0,0.0078125
1807,2,2,2048,0.0,0.015625
1808,1,2,4096,0.0,0.015625
1809,8,-1,1024,0.0,0.03125
1810,1,-1,1024,0.0,0.00390625
1811,4,2,1024,0.0,0.015625
1812,4,1,4096,0.0,0.0625
1813,2,1,4096,0.0,0.03125
1814,8,-2,2048,0.0,0.0546875
1815,1,1,1024,0.0,0.00390625
1816,1,1,4096,0.0,0.015625
1817,2,-1,4096,0.0,0.03125
1818,1,2,4096,0.0,0.015625
1819,2,-2,4096,0.0,0.03125
1820,2,1,1024,0.0,0.0078125
1821,8,2,4096,0.0,0.109375
1822,2,1,2048,0.0,0.015625
1823,8,-2,2048,0.0,0.0625
1824,8,1,1024,0.0,0.03125
1825,8,1,2048,0.0,0.0625
1826,1,1,4096,0.0,0.015625
1827,8,-1,2048,0.0,0.046875
1828,4,1,4096,0.0,0.0625
1829,8,-1,4096,0.0,0.125
1830,2,1,1024,0.0,0.0078125
1831,8,1,4096,0.0,0.125
1832,4,1,4096,0.0,0.0625
1833,1,2,2048,0.0,0.0078125
1834,2,2,2048,0.0,0.015625
1835,1,2,2048,0.0,0.0078125
1836,8,2,4096,0.0,0.125
1837,2,2,4096,0.0,0.03125
1838,1,-2,1024,0.0,0.00390625
1839,4,-1,1024,0.0,0.01171875
1840,2,1,1024,0.0,0.0078125
1841,1,-1,2048,0.7763480392156863,0.0078125
1842,8,1,4096,0.8805147058823529,0.09375
1843,8,-2,2048,0.0,0.0625
1844,4,-2,1024,0.0,0.015625
1845,4,1,4096,0.0,0.046875
1846,2,2,2048,0.0,0.015625
1847,4,-1,2048,0.7095588235294118,0.03125
1848,4,-1,4096,1.0,0.0625
1849,1,1,1024,0.0,0.00390625
1850,1,-1,2048,0.0,0.0
1851,2,-2,1024,0.0,0.0078125
1852,2,1,2048,0.0,0.015625
1853,1,2,2048,0.0,0.0078125
1854,1,1,2048,0.0,0.0078125
1855,8,2,4096,0.0,0.125
1856,2,1,1024,0.0,0.0078125
1857,4,2,4096,0.0,0.0625
1858,4,-2,4096,0.0,0.0625
1859,4,-2,2048,0.0,0.03125
1860,4,-2,1024,0.0,0.015625
1861,2,2,1024,0.0,0.0078125
1862,8,1,2048,0.0,0.0625
1863,2,-2,4096,0.0,0.03125
1864,8,2,2048,0.0,0.0625
1865,2,-1,4096,0.0,0.03125
1866,1,1,1024,0.0,0.00390625
1867,8,-2,2048,0.0,0.0625
1868,1,-2,4096,0.0,0.015625
1869,8,-1,2048,0.0,0.0625
1870,1,-2,4096,0.0,0.015625
1871,1,1,1024,0.0,0.00390625
1872,4,-2,4096,0.0,0.0625
1873,8,-2,4096,0.9454656862745098,0.109375
1874,2,1,2048,0.0,0.015625
1875,1,-1,2048,0.0,0.0078125
1876,1,1,4096,0.0,0.015625
1877,8,1,2048,0.0,0.0625
1878,4,2,1024,0.0,0.015625
1879,1,2,4096,0.0,0.015625
1880,2,-2,1024,0.0,0.0078125
1881,2,1,2048,0.0,0.015625
1882,1,1,1024,0.0,0.00390625
1883,8,1,4096,0.0,0.125
1884,4,2,4096,0.0,0.0625
1885,1,-2,2048,0.0,0.0078125
1886,4,-1,2048,1.0,0.03125
1887,2,2,2048,0.0,0.015625
1888,1,2,2048,0.0,0.0078125
1889,2,-2,4096,0.0,0.03125
1890,1,-1,1024,0.0,0.00390625
1891,1,-1,4096,0.0,0.015625
1892,8,-2,2048,0.2506127450980392,0.0625
1893,4,-2,4096,0.0,0.0625
1894,1,1,2048,0.0,0.0078125
1895,8,1,4096,0.0,0.109375
1896,4,1,2048,0.0,0.03125
1897,8,-1,2048,0.0,0.0546875
1898,4,2,1024,0.0,0.015625
1899,2,1,1024,0.0,0.0078125
1900,4,2,1024,0.0,0.015625
1901,4,-1,2048,0.0,0.03125
1902,4,-2,4096,0.0,0.0625
1903,1,-1,4096,0.0,0.015625
1904,2,1,4096,0.0,0.03125
1905,1,-1,2048,0.0,0.0078125
1906,2,2,2048,0.0,0.015625
1907,1,-2,4096,0.0,0.015625
1908,1,1,1024,0.0,0.00390625
1909,8,-1,4096,0.0,0.125
1910,1,-2,4096,0.0,0.015625
1911,8,1,4096,0.49693627450980393,0.109375
1912,1,2,1024,0.0,0.00390625
1913,8,1,4096,0.0,0.109375
1914,2,-2,2048,0.0,0.015625
1915,4,-2,2048,0.789828431372549,0.0234375
1916,2,-1,1024,0.0,0.0078125
1917,2,1,2048,0.0,0.015625
1918,2,-1,2048,0.0,0.015625
1919,4,-1,4096,0.0,0.046875
1920,2,2,2048,0.0,0.015625
1921,4,-2,1024,0.0,0.015625
1922,8,-2,4096,0.6145833333333334,0.09375
1923,2,-2,1024,0.0,0.0078125
1924,2,2,4096,0.0,0.03125
1925,1,-1,4096,0.0,0.015625
1926,2,-2,1024,0.0,0.0078125
1927,1,-1,4096,0.0,0.015625
1928,1,2,4096,0.0,0.015625
1929,8,1,2048,0.0,0.0625
1930,1,-2,4096,0.0,0.015625
1931,2,-2,1024,0.0,0.0078125
1932,8,-2,2048,0.0,0.0625
1933,8,2,2048,0.3952205882352941,0.0546875
1934,1,-2,2048,0.0,0.0078125
1935,1,-1,4096,0.0,0.015625
1936,2,-1,4096,0.0,0.03125
1937,4,1,2048,0.0,0.03125
1938,8,1,2048,0.0,0.0625
1939,1,2,2048,0.0,0.0078125
1940,1,-1,1024,0.0,0.00390625
1941,2,-1,2048,0.0,0.015625
1942,8,-1,1024,0.0,0.03125
1943,1,-2,4096,0.0,0.015625
1944,2,1,4096,0.0,0.03125
1945,1,1,4096,0.0,0.015625
1946,1,-1,4096,0.0,0.015625
1947,8,2,2048,0.0,0.0625
1948,1,-2,2048,0.0,0.0
1949,2,2,2048,0.0,0.015625
1950,8,1,2048,0.0,0.0546875
1951,4,-2,1024,0.0,0.015625
1952,1,1,4096,0.0,0.015625
1953,2,2,2048,0.0,0.015625
1954,8,-1,4096,0.0,0.125
1955,2,-1,1024,0.0,0.0078125
1956,4,2,2048,0.0,0.0234375
1957,4,-2,2048,0.0,0.03125
1958,4,-2,4096,0.0,0.0625
1959,1,1,2048,0.0,0.0078125
1960,8,2,1024,0.0,0.03125
1961,8,1,2048,0.11519607843137254,0.0625
1962,1,-2,4096,0.0,0.015625
1963,8,1,1024,0.0,0.03125
1964,8,-1,2048,0.0,0.0625
1965,4,2,1024,0.0,0.015625
1966,2,1,4096,0.0,0.015625
1967,2,-1,1024,0.0,0.0078125
1968,8,1,2048,0.0,0.0625
1969,1,1,4096,0.0,0.015625
1970,8,1,4096,0.0,0.125
1971,8,-1,1024,0.0,0.03125
1972,4,1,1024,0.0,0.015625
1973,2,-2,1024,0.0,0.0078125
1974,4,-1,2048,0.0,0.03125
1975,1,-1,4096,0.0,0.015625
1976,8,1,1024,0.0,0.03125
1977,2,2,1024,0.0,0.0078125
1978,1,2,2048,0.0,0.0078125
1979,8,-1,4096,0.7132352941176471,0.125
1980,4,1,2048,0.0,0.03125
1981,4,-2,2048,0.0,0.0234375
1982,1,-1,4096,0.0,0.015625
1983,8,1,4096,0.0,0.125
1984,4,1,2048,0.0,0.03125
1985,8,2,2048,0.0,0.0625
1986,8,-1,2048,0.0,0.0625
1987,1,2,1024,0.0,0.00390625
1988,1,2,2048,0.0,0.0078125
1989,8,1,4096,0.0,0.078125
1990,4,-2,1024,0.0,0.015625
1991,2,-1,4096,0.0,0.03125
1992,2,2,2048,0.4681372549019608,0.015625
1993,4,1,2048,0.0,0.03125
1994,8,2,1024,0.0,0.03125
1995,1,2,4096,0.0,0.015625
1996,4,-2,1024,0.0,0.015625
1997,8,2,2048,0.0,0.0625
1998,2,-1,1024,0.0,0.0078125
1999,2,2,4096,0.0,0.015625
2000,8,1,1024,1.0,0.03125
2001,1,-1,4096,0.0,0.015625
2002,2,-2,2048,0.0,0.015625
2003,2,-2,1024,0.0,0.0078125
2004,8,1,4096,0.0,0.125
2005,1,1,4096,0.0,0.015625
2006,2,1,1024,0.0,0.0078125
2007,1,-2,4096,0.0,0.015625
2008,8,1,4096,0.0,0.109375
2009,4,-2,4096,0.0,0.0625
2010,2,-2,2048,0.0,0.015625
2011,2,-1,1024,0.0,0.0078125
2012,1,1,2048,0.0,0.0078125
2013,8,1,4096,0.0,0.125
2014,4,2,2048,0.0,0.0234375
2015,2,2,2048,0.7236519607843137,0.0078125
2016,2,-1,4096,0.0,0.03125
2017,4,2,2048,0.0,0.0234375
2018,4,-2,1024,0.0,0.015625
2019,2,2,4096,0.0,0.03125
2020,2,-1,2048,0.0,0.015625
2021,4,2,2048,0.0,0.03125
2022,4,2,2048,0.0,0.03125
2023,4,1,4096,0.0,0.0625
2024,1,2,4096,0.0,0.015625
2025,2,-2,4096,0.0,0.03125
2026,4,-2,4096,0.0,0.0625
2027,8,1,1024,0.0,0.03125
2028,4,1,4096,0.0,0.0625
2029,2,-2,4096,0.0,0.03125
2030,4,1,1024,0.0,0.015625
2031,1,-2,2048,0.0,0.0078125
2032,1,2,4096,0.0,0.015625
2033,4,-2,2048,0.0,0.03125
2034,8,-1,4096,0.0,0.125
2035,8,2,2048,0.0,0.0546875
2036,4,1,1024,0.0,0.015625
2037,1,1,1024,0.0,0.00390625
2038,8,1,4096,0.0,0.078125
2039,2,2,4096,0.0,0.03125
2040,2,-1,2048,0.0,0.015625
2041,8,2,2048,0.0,0.0625
2042,4,1,2048,0.0,0.03125
2043,4,2,4096,0.0,0.0625
2044,2,1,4096,0.0,0.03125
2045,8,-2,4096,0.0,0.109375
2046,2,1,4096,0.0,0.03125
2047,4,2,4096,0.0,0.0625
2048,8,-2,2048,0.0,0.0546875
2049,4,2,1024,0.0,0.015625
2050,1,-2,2048,0.0,0.0078125
2051,2,2,4096,1.0,0.03125
2052,2,2,2048,1.0,0.015625
2053,8,-2,1024,0.0,0.03125
2054,4,1,4096,0.13480392156862744,0.0625
2055,2,-2,4096,0.0,0.03125
2056,4,1,2048,0.0,0.03125
2057,4,2,2048,0.0,0.03125
2058,2,-2,1024,0.0,0.0078125
2059,2,-2,4096,1.0,0.03125
2060,8,-1,1024,0.0,0.03125
2061,4,-1,2048,0.0,0.03125
2062,1,-2,2048,0.0,0.0078125
2063,4,-1,1024,0.0,0.015625
2064,4,-1,2048,0.0,0.03125
2065,4,-2,4096,0.0,0.046875
2066,4,-1,4096,0.0,0.0625
2067,8,-2,2048,0.0,0.0546875
2068,2,2,1024,0.0,0.0078125
2069,2,2,4096,0.0,0.03125
2070,1,-1,1024,0.0,0.00390625
2071,4,2,4096,0.0,0.046875
2072,2,-1,2048,0.0,0.015625
2073,2,2,2048,0.0,0.015625
2074,4,-2,2048,0.0,0.03125
2075,2,-1,2048,0.0,0.015625
2076,2,1,1024,0.0,0.0078125
2077,2,-2,2048,0.0,0.015625
2078,2,2,2048,0.0,0.0078125
2079,1,-1,4096,0.0,0.015625
2080,8,-1,2048,0.009191176470588236,0.0625
2081,1,-1,4096,0.0,0.015625
2082,2,2,1024,0.0,0.0078125
2083,4,-2,1024,0.0,0.015625
2084,1,2,1024,0.0,0.00390625
2085,4,2,4096,0.0,0.046875
2086,4,2,1024,0.0,0.015625
2087,4,2,1024,0.0,0.015625
2088,2,2,4096,0.0,0.03125
2089,1,1,2048,0.0,0.0078125
2090,8,-1,2048,0.19056372549019607,0.0625
2091,2,-1,4096,0.0,0.03125
2092,8,2,4096,1.0,0.09375
2093,1,-1,4096,0.0,0.015625
2094,1,1,2048,0.0,0.0078125
2095,8,-2,2048,0.0,0.0546875
2096,8,-1,1024,0.0,0.02734375
2097,8,-1,2048,0.5575980392156863,0.0625
2098,8,-1,4096,0.0,0.125
2099,1,1,1024,0.0,0.00390625
2100,8,1,4096,0.26409313725490197,0.125
2101,4,-1,1024,0.0,0.015625
2102,1,-2,1024,0.0,0.00390625
2103,1,1,2048,0.0,0.0078125
2104,8,-2,1024,0.0,0.03125
2105,2,2,4096,1.0,0.03125
2106,8,2,2048,0.0,0.0625
2107,1,-2,2048,0.0,0.0078125
2108,2,-1,2048,0.0,0.015625
2109,2,-2,1024,0.0,0.0078125
2110,2,-1,4096,0.0,0.015625
2111,4,-2,4096,0.0,0.0625
2112,8,2,1024,0.0,0.03125
2113,8,-2,1024,0.0,0.03125
2114,4,1,1024,0.0,0.015625
2115,1,1,1024,0.0,0.00390625
2116,8,-2,2048,0.0,0.0625
2117,4,2,4096,0.0,0.046875
2118,4,-2,2048,0.0,0.03125
2119,4,2,1024,0.0,0.015625
2120,8,1,1024,0.0,0.02734375
2121,8,1,2048,0.0,0.0625
2122,4,2,1024,0.0,0.015625
2123,4,-1,2048,0.0,0.03125
2124,4,-1,1024,0.0,0.01171875
2125,2,-2,1024,0.0,0.0078125
2126,2,2,2048,0.0,0.015625
2127,4,-1,1024,0.0,0.015625
2128,1,2,2048,0.0,0.0078125
2129,2,-1,1024,0.0,0.0078125
2130,4,2,1024,0.0,0.01171875
2131,8,2,2048,0.0,0.0546875
2132,4,-1,1024,0.0,0.015625
2133,2,-1,4096,0.0,0.03125
2134,2,2,4096,0.0,0.03125
2135,4,-2,2048,0.0,0.03125
2136,4,-2,1024,0.0,0.015625
2137,1,-1,2048,0.0,0.0078125
2138,4,1,2048,0.0,0.03125
2139,2,-2,2048,0.0,0.0078125
2140,4,-1,4096,0.0,0.046875
2141,8,2,4096,0.0,0.109375
2142,8,-2,2048,0.0,0.0625
2143,4,-2,1024,0.0,0.015625
2144,2,-1,1024,0.07965686274509803,0.0078125
2145,2,-2,4096,0.0,0.015625
2146,1,-2,2048,0.0,0.0078125
2147,8,-2,1024,0.6274509803921569,0.03125
2148,8,-2,2048,0.0,0.0625
2149,8,2,4096,0.0,0.125
2150,2,-2,2048,0.0,0.015625
2151,2,1,1024,0.0,0.0078125
2152,8,1,4096,0.0,0.125
2153,4,1,1024,0.0,0.015625
2154,4,1,4096,1.0,0.046875
2155,2,-1,2048,0.0,0.015625
2156,2,2,1024,0.0,0.0078125
2157,4,-2,1024,0.0,0.01171875
2158,8,-2,4096,0.0,0.125
2159,2,2,4096,0.0,0.03125
2160,8,-2,1024,0.0,0.03125
2161,1,-2,2048,0.0,0.0078125
2162,2,-2,4096,0.0,0.03125
2163,8,-2,4096,0.0,0.125
2164,8,-2,4096,1.0,0.109375
2165,8,1,1024,0.0,0.03125
2166,2,1,2048,0.0,0.015625
2167,8,-2,4096,0.0,0.109375
2168,8,2,1024,0.0,0.02734375
2169,8,-2,1024,0.0,0.03125
2170,1,1,4096,0.0,0.015625
2171,4,2,4096,0.0,0.0625
2172,8,1,1024,0.0,0.03125
2173,8,-1,4096,0.0,0.109375
2174,1,-2,2048,0.0,0.0078125
2175,8,-2,2048,0.0,0.0625
2176,1,2,2048,0.0,0.0078125
2177,2,-1,4096,0.0,0.03125
2178,4,-2,2048,0.928921568627451,0.03125
2179,2,1,2048,0.0,0.015625
2180,4,1,4096,0.0,0.0625
2181,1,-2,2048,0.0,0.0078125
2182,4,-2,4096,0.0,0.0625
2183,4,-2,1024,0.0,0.015625
2184,4,-2,4096,0.0,0.0625
2185,2,1,4096,0.0,0.03125
2186,2,-2,4096,0.0,0.03125
2187,2,1,2048,0.0,0.015625
2188,2,-2,2048,0.0,0.015625
2189,4,2,1024,0.0,0.015625
2190,2,1,4096,0.0,0.03125
2191,2,-1,4096,0.0,0.03125
2192,2,-1,1024,0.0,0.0078125
2193,1,-2,1024,0.0,0.00390625
2194,4,-2,4096,0.0,0.0625
2195,8,1,4096,0.0,0.109375
2196,2,-2,2048,0.0,0.015625
2197,8,1,1024,0.0,0.03125
2198,4,-1,4096,0.0,0.0625
2199,1,-2,2048,0.0,0.0078125
2200,2,1,4096,0.0,0.03125
2201,1,1,4096,0.0,0.015625
2202,1,1,2048,0.0,0.0078125
2203,2,-2,1024,0.0,0.00390625
2204,2,1,4096,0.0,0.03125
2205,8,2,4096,0.22855392156862744,0.109375
2206,1,-1,4096,0.0,0.015625
2207,8,2,2048,0.0,0.0546875
2208,1,1,4096,0.0,0.015625
2209,1,-1,4096,0.0,0.015625
2210,4,2,1024,0.0,0.015625
2211,8,2,1024,0.0,0.02734375
2212,4,-2,1024,0.0,0.015625
2213,1,2,4096,0.0,0.015625
2214,1,-2,1024,0.0,0.00390625
2215,2,-2,2048,0.0,0.015625
2216,2,-2,4096,0.0,0.015625
2217,8,-1,2048,0.0,0.0625
2218,2,2,1024,0.0,0.0078125
2219,1,1,2048,0.0,0.0078125
2220,8,1,1024,0.0,0.03125
2221,1,-2,2048,0.0,0.0078125
2222,1,1,4096,0.0,0.015625
2223,2,-1,2048,0.0,0.015625
2224,2,-1,4096,0.0,0.03125
2225,4,-1,1024,0.0,0.015625
2226,8,-2,4096,0.0,0.125
2227,8,2,2048,0.0,0.0625
2228,2,1,1024,0.0,0.0078125
2229,8,-1,2048,0.0,0.0625
2230,4,-2,1024,0.0,0.015625
2231,1,2,2048,0.0,0.0078125
2232,8,-1,2048,0.0,0.0546875
2233,1,-1,1024,0.0,0.00390625
2234,4,1,4096,0.0,0.0625
2235,8,-2,2048,0.65625,0.0625
2236,1,1,1024,0.0,0.00390625
2237,2,2,2048,0.0,0.015625
2238,2,-1,4096,0.0,0.03125
2239,8,-2,4096,0.0,0.125
2240,1,-2,2048,0.0,0.0078125
2241,4,-2,4096,0.0,0.0625
2242,2,1,1024,0.0,0.0078125
2243,1,-1,2048,0.0,0.0078125
2244,4,-2,1024,0.11090686274509803,0.015625
2245,8,1,4096,0.0,0.109375
2246,4,-2,4096,0.0,0.0625
2247,1,-1,1024,0.0,0.00390625
2248,1,2,1024,0.0,0.00390625
2249,2,-2,4096,0.0,0.015625
2250,4,-2,2048,0.0,0.0234375
2251,4,-1,1024,0.0,0.015625
2252,1,1,1024,0.0,0.00390625
2253,4,-2,2048,0.0,0.03125
2254,2,2,1024,0.0,0.0078125
2255,4,-2,1024,0.0,0.015625
2256,8,2,1024,0.0,0.03125
2257,4,1,1024,0.0,0.015625
2258,1,-2,4096,0.0,0.015625
2259,8,-2,4096,0.0,0.109375
2260,1,-2,4096,0.0,0.015625
2261,8,-1,1024,0.0,0.03125
2262,1,-1,1024,0.0,0.00390625
2263,4,1,1024,0.0,0.015625
2264,1,-1,2048,0.0,0.0078125
2265,1,1,1024,0.0,0.00390625
2266,4,-1,1024,0.0,0.015625
2267,4,-1,4096,0.0,0.046875
2268,1,-1,2048,0.0,0.0078125
2269,8,-1,4096,0.0,0.09375
2270,2,2,1024,0.0,0.0078125
2271,2,-2,4096,0.0,0.03125
2272,2,-1,4096,0.0,0.03125
2273,2,2,4096,0.0,0.03125
2274,1,1,2048,0.0,0.0078125
2275,2,-2,4096,0.0,0.03125
2276,1,2,2048,0.0,0.0078125
2277,1,-2,2048,0.0,0.0078125
2278,2,-2,1024,0.0,0.0078125
2279,4,-1,1024,0.0,0.015625
2280,8,1,4096,0.0,0.109375
2281,2,-2,1024,0.0,0.0078125
2282,2,2,1024,0.0,0.0078125
2283,8,-2,1024,0.0,0.03125
2284,4,2,2048,0.0,0.03125
2285,8,-2,4096,0.34620098039215685,0.109375
2286,8,-1,1024,0.0,0.03125
2287,8,1,1024,0.0,0.03125
2288,8,-1,4096,0.0,0.125
2289,2,1,1024,0.0,0.0078125
2290,2,1,2048,0.0,0.015625
2291,2,1,4096,0.0,0.03125
2292,1,-1,2048,0.0,0.0078125
2293,4,2,1024,0.0,0.015625
2294,4,1,4096,0.0,0.0625
2295,8,-1,1024,0.0,0.03125
2296,1,1,1024,0.0,0.00390625
2297,2,2,1024,0.0,0.0078125
2298,1,2,2048,0.0,0.0078125
2299,8,1,4096,0.0,0.125
2300,2,2,2048,0.0,0.015625
2301,1,2,1024,0.0,0.00390625
2302,4,-1,2048,0.0,0.03125
2303,8,1,1024,0.0,0.03125
2304,8,-2,2048,0.0,0.0546875
2305,1,-1,1024,0.0,0.00390625
2306,2,2,4096,0.0,0.03125
2307,1,-1,4096,0.0,0.015625
2308,2,2,4096,0.0,0.015625
2309,4,-1,1024,0.0,0.015625
2310,2,-2,1024,0.0,0.0078125
2311,1,-2,1024,0.0,0.00390625
2312,4,1,4096,0.0,0.0625
2313,1,-1,4096,0.0,0.015625
2314,1,1,1024,0.0,0.00390625
2315,1,-2,4096,0.0,0.015625
2316,1,-1,2048,0.0,0.0078125
2317,2,-2,1024,0.0,0.0078125
2318,8,-1,1024,0.0,0.03125
2319,8,2,1024,0.0,0.03125
2320,1,-2,4096,0.0,0.015625
2321,1,1,1024,0.0,0.00390625
2322,2,-2,1024,0.0,0.0078125
2323,4,1,4096,0.0,0.0625
2324,4,2,1024,0.0,0.015625
2325,8,-1,1024,0.0,0.03125
2326,2,-2,4096,0.0,0.03125
2327,1,1,4096,0.0,0.015625
2328,1,-1,2048,0.0,0.0078125
2329,1,2,4096,0.0,0.015625
2330,1,2,4096,0.0,0.015625
2331,8,1,2048,0.0,0.0625
2332,2,1,4096,0.0,0.03125
2333,8,1,1024,0.0,0.03125
2334,4,1,1024,0.0,0.01171875
2335,4,-1,4096,0.0,0.0625
2336,2,2,1024,0.0,0.0078125
2337,8,-1,4096,0.0,0.125
2338,1,-2,2048,0.0,0.0078125
2339,1,1,4096,0.0,0.015625
2340,2,1,2048,0.0,0.015625
2341,2,2,1024,0.0,0.0078125
2342,4,-1,2048,0.0,0.03125
2343,4,-1,4096,0.0,0.046875
2344,4,1,4096,0.0,0.0625
2345,2,-1,4096,0.0,0.03125
2346,2,2,4096,0.0,0.03125
2347,8,-1,4096,0.2113970588235294,0.125
2348,1,2,4096,0.0,0.015625
2349,4,-1,2048,0.0,0.03125
2350,4,-2,2048,0.0,0.03125
2351,8,2,2048,0.0,0.0625
2352,4,1,4096,0.0,0.0625
2353,2,1,2048,0.0,0.015625
2354,2,1,4096,0.0,0.015625
2355,2,-1,4096,0.0,0.03125
2356,2,2,1024,0.0,0.0078125
2357,1,-1,4096,0.0,0.015625
2358,4,2,4096,0.8020833333333334,0.0625
2359,1,-1,2048,0.0,0.0078125
2360,4,-2,1024,0.0,0.01171875
2361,8,-2,1024,0.0,0.03125
2362,8,2,4096,0.0,0.109375
2363,1,1,1024,0.0,0.00390625
2364,8,-1,2048,0.0,0.0625
2365,1,2,2048,0.0,0.0078125
2366,2,1,1024,0.0,0.0078125
2367,1,1,4096,0.0,0.015625
2368,1,1,2048,0.0,0.0078125
2369,1,-2,1024,0.0,0.00390625
2370,1,-2,1024,0.0,0.00390625
2371,8,1,2048,0.2512254901960784,0.0546875
2372,1,-2,1024,0.0,0.00390625
2373,2,1,4096,0.0,0.03125
2374,4,-2,2048,0.0,0.03125
2375,8,-1,2048,0.0,0.0625
2376,8,1,2048,0.0,0.0546875
2377,1,1,1024,0.0,0.00390625
2378,8,2,2048,0.0,0.0546875
2379,4,1,2048,0.0,0.03125
2380,1,-2,1024,0.0,0.00390625
2381,2,2,2048,0.0,0.015625
2382,8,-2,2048,0.0,0.0625
2383,2,-2,1024,0.0,0.0078125
2384,1,2,4096,0.0,0.015625
2385,8,-2,2048,0.0,0.0625
2386,8,1,1024,0.0,0.03125
2387,8,-1,2048,0.0,0.0625
2388,8,2,1024,0.0,0.03125
2389,8,-2,2048,0.0,0.0625
2390,2,-2,1024,0.0,0.0078125
2391,1,-1,2048,0.0,0.0078125
2392,4,-1,1024,0.0,0.015625
2393,1,2,1024,0.0,0.00390625
2394,2,1,1024,0.0,0.0078125
2395,4,-2,1024,0.0,0.015625
2396,8,2,2048,0.0,0.0625
2397,2,-1,1024,0.0,0.0078125
2398,2,2,1024,0.0,0.0078125
2399,4,2,1024,0.42034313725490197,0.015625
2400,1,-2,4096,0.0,0.015625
2401,4,1,4096,0.0,0.0625
2402,4,-1,1024,0.0,0.015625
2403,4,-1,1024,0.0,0.015625
2404,2,-1,4096,0.0,0.03125
2405,8,1,4096,0.04779411764705882,0.109375
2406,2,-1,4096,0.0,0.015625
2407,4,-2,1024,0.0,0.015625
2408,2,-1,2048,0.0,0.015625
2409,1,-2,1024,0.0,0.00390625
2410,4,2,2048,0.0,0.03125
2411,1,1,1024,0.0,0.00390625
2412,8,-1,1024,0.0,0.03125
2413,4,-1,2048,0.0,0.03125
2414,2,-2,4096,0.7193627450980392,0.03125
2415,2,-1,2048,0.0,0.015625
2416,4,2,4096,0.0,0.0625
2417,2,-2,4096,0.0,0.03125
2418,2,-2,4096,0.0,0.03125
2419,2,2,1024,0.0,0.0078125
2420,2,1,1024,0.0,0.0078125
2421,8,-2,2048,0.0,0.0625
2422,1,-1,4096,0.0,0.015625
2423,8,1,4096,0.0,0.125
2424,2,-1,4096,0.0,0.03125
2425,4,-1,1024,0.0,0.015625
2426,1,1,2048,0.0,0.0078125
2427,2,1,1024,0.0,0.0078125
2428,8,2,1024,0.0,0.03125
2429,2,-2,1024,0.0,0.0078125
2430,1,-1,4096,0.0,0.015625
2431,4,-2,1024,0.0,0.015625
2432,1,1,2048,0.0,0.0078125
2433,2,1,4096,0.0,0.03125
2434,2,-1,4096,0.0,0.03125
2435,4,1,2048,0.9797794117647058,0.03125
2436,4,-1,2048,0.0,0.03125
2437,4,-2,2048,0.0,0.03125
2438,8,1,4096,0.0,0.125
2439,1,-1,4096,0.0,0.015625
2440,2,-1,2048,0.0,0.015625
2441,1,-1,2048,0.0,0.0078125
2442,1,2,2048,0.0,0.0078125
2443,1,-2,2048,0.0,0.0078125
2444,4,-1,4096,0.0,0.0625
2445,8,1,1024,0.0,0.03125
2446,8,-2,4096,0.0,0.125
2447,4,-2,2048,0.0,0.03125
2448,8,1,1024,0.0,0.03125
2449,1,1,1024,0.0,0.00390625
2450,8,1,2048,0.0,0.046875
2451,8,-2,1024,0.0,0.03125
2452,1,2,1024,0.0,0.00390625
2453,2,-1,1024,0.41360294117647056,0.0078125
2454,8,-2,4096,0.0,0.109375
2455,2,-1,4096,0.0,0.03125
2456,8,-2,1024,0.0,0.03125
2457,8,-1,4096,0.3872549019607843,0.125
2458,2,-1,2048,0.0,0.015625
2459,1,-1,4096,0.0,0.015625
2460,2,-1,1024,0.0,0.0078125
2461,1,2,1024,0.0,0.00390625
2462,2,2,1024,0.0,0.0078125
2463,4,-1,4096,0.0,0.0625
2464,2,2,2048,0.0,0.015625
2465,1,2,1024,0.0,0.00390625
2466,2,2,4096,0.0,0.03125
2467,4,-2,4096,1.0,0.0625
2468,1,-1,2048,0.0,0.0078125
2469,1,-1,4096,0.0,0.015625
2470,8,-2,1024,0.0,0.03125
2471,1,-2,2048,0.0,0.0078125
2472,2,1,4096,0.0,0.03125
2473,1,-1,2048,0.0,0.0078125
2474,1,2,1024,0.0,0.00390625
2475,2,1,4096,0.0,0.03125
2476,4,-2,4096,0.0,0.0625
2477,1,2,4096,0.0,0.015625
2478,1,-1,2048,0.0,0.0078125
2479,1,1,1024,0.0,0.00390625
2480,4,2,1024,0.0,0.015625
2481,8,1,4096,0.0,0.125
2482,1,-2,4096,0.0,0.015625
2483,2,-2,1024,0.0,0.0078125
2484,2,-1,2048,0.0,0.015625
2485,2,-2,2048,0.0,0.015625
2486,1,-2,2048,0.0,0.0078125
2487,1,2,2048,0.0,0.0078125
2488,4,-2,4096,0.0,0.0625
2489,2,-2,4096,0.0,0.03125
2490,2,1,1024,0.0,0.0078125
2491,2,-2,2048,0.12683823529411764,0.015625
2492,8,-1,4096,1.0,0.109375
2493,4,2,1024,0.0,0.015625
2494,2,1,4096,0.0,0.03125
2495,1,2,2048,0.0,0.0078125
2496,8,-1,2048,0.0,0.0625
2497,8,1,1024,0.0,0.03125
2498,1,-2,4096,0.0,0.015625
2499,8,-1,2048,0.0,0.0625
2500,4,-2,2048,0.0,0.0234375
2501,1,2,2048,0.0,0.0078125
2502,8,-2,1024,0.0,0.03125
2503,1,-2,4096,0.0,0.015625
2504,1,-1,1024,0.0,0.00390625
2505,1,-1,1024,0.0,0.00390625
2506,2,-1,4096,0.0,0.03125
2507,4,-1,1024,0.0,0.015625
2508,2,-1,4096,0.0,0.03125
2509,1,2,2048,0.0,0.0078125
2510,1,1,4096,0.0,0.015625
2511,8,2,1024,0.0,0.02734375
2512,8,2,4096,0.0,0.125
2513,8,1,1024,0.0,0.03125
2514,1,2,4096,0.0,0.015625
2515,8,-2,2048,0.0,0.0625
2516,4,2,1024,0.0,0.015625
2517,4,-1,2048,0.0,0.03125
2518,1,1,1024,0.0,0.00390625
2519,8,-2,1024,0.0,0.02734375
2520,2,-2,4096,0.0,0.03125
2521,1,2,2048,0.0,0.0078125
2522,1,-1,4096,0.0,0.015625
2523,2,-2,4096,0.0,0.03125
2524,1,1,2048,0.0,0.0078125
2525,2,-2,2048,0.0,0.015625
2526,2,-1,1024,0.0,0.0078125
2527,8,1,1024,0.0,0.02734375
2528,1,1,4096,0.0,0.015625
2529,4,-1,1024,0.0,0.015625
2530,8,-1,2048,0.0,0.0625
2531,8,2,1024,0.0,0.03125
2532,8,-2,4096,0.0,0.125
2533,1,-2,2048,0.0,0.0078125
2534,8,-2,2048,0.0,0.0625
2535,8,2,4096,0.0,0.109375
2536,2,-1,1024,0.0,0.0078125
2537,2,-2,1024,0.0,0.0078125
2538,4,-2,2048,0.0,0.0234375
2539,2,-2,1024,0.0,0.0078125
2540,2,2,1024,0.0,0.0078125
2541,8,-1,1024,0.0,0.03125
2542,8,-2,4096,0.0,0.109375
2543,2,-2,1024,0.0,0.0078125
2544,8,1,1024,0.0,0.03125
2545,2,1,4096,0.0,0.03125
2546,8,2,1024,0.0,0.03125
2547,4,-2,1024,0.0,0.015625
2548,2,-2,2048,0.0,0.015625
2549,1,-2,1024,0.0,0.00390625
2550,4,-1,4096,0.0,0.0625
2551,2,1,2048,0.0,0.015625
2552,1,1,4096,0.0,0.015625
2553,1,-2,1024,0.0,0.00390625
2554,8,1,2048,0.0,0.0625
2555,1,1,1024,0.0,0.00390625
2556,8,-2,1024,0.0,0.03125
2557,8,1,2048,0.5643382352941176,0.0625
2558,1,-1,4096,0.0,0.015625
2559,4,-2,1024,0.0,0.015625
2560,4,-1,4096,0.0,0.0625
2561,2,2,1024,0.0,0.0078125
2562,4,1,1024,0.0,0.015625
2563,2,-1,2048,0.0,0.015625
2564,2,2,2048,0.0,0.0078125
2565,2,-1,2048,0.0,0.015625
2566,8,-1,4096,0.0,0.125
2567,4,-2,1024,0.0,0.015625
2568,2,2,4096,0.0,0.03125
2569,8,2,4096,0.0,0.109375
2570,8,-2,4096,0.0,0.125
2571,8,1,1024,0.0,0.03125
2572,4,2,2048,0.0,0.0234375
2573,2,1,4096,0.0,0.03125
2574,8,-2,4096,0.0,0.109375
2575,2,2,4096,0.0,0.03125
2576,2,-1,4096,0.0,0.03125
2577,2,-1,2048,0.0,0.015625
2578,8,-1,1024,0.0,0.03125
2579,4,2,1024,0.0,0.015625
2580,2,1,1024,0.0,0.0078125
2581,2,1,4096,0.0,0.03125
2582,2,2,1024,0.0,0.0078125
2583,4,2,2048,0.0,0.03125
2584,2,2,4096,0.0,0.015625
2585,4,2,1024,0.0,0.015625
2586,2,2,2048,0.0,0.015625
2587,2,2,2048,0.0,0.015625
2588,8,1,4096,0.0,0.109375
2589,2,-2,2048,0.0,0.015625
2590,1,-2,2048,0.0,0.0078125
2591,2,2,4096,0.0,0.03125
2592,4,-1,4096,0.0,0.0625
2593,1,2,4096,0.0,0.015625
2594,2,2,4096,0.0,0.03125
2595,1,1,4096,0.0,0.015625
2596,4,2,4096,0.0,0.0625
2597,4,-1,4096,0.0,0.0625
2598,8,-1,1024,0.0,0.0234375
2599,2,2,2048,0.0,0.0078125
2600,8,2,1024,0.6231617647058824,0.03125
2601,1,-2,2048,0.0,0.0078125
2602,8,2,2048,0.0,0.0625
2603,4,-1,4096,0.0,0.0625
2604,8,2,2048,0.0,0.0625
2605,8,1,4096,0.07904411764705882,0.125
2606,4,1,4096,0.0,0.0625
2607,2,-2,4096,0.0,0.03125
2608,4,-1,1024,0.0,0.015625
2609,8,1,4096,0.9571078431372549,0.125
2610,8,2,1024,0.0,0.03125
2611,8,-2,2048,0.7591911764705882,0.0625
2612,1,-2,2048,0.0,0.0078125
2613,4,1,1024,0.0,0.015625
2614,1,-1,4096,0.0,0.015625
2615,4,2,4096,0.0,0.0625
2616,8,-2,2048,0.0,0.0546875
2617,1,-1,1024,0.0,0.00390625
2618,4,-2,1024,0.0,0.015625
2619,8,1,1024,0.0,0.02734375
2620,8,2,4096,0.0,0.109375
2621,2,-2,2048,0.0,0.015625
2622,1,-1,1024,0.0,0.00390625
2623,8,2,2048,0.0778186274509804,0.0625
2624,8,-2,4096,0.0,0.109375
2625,4,2,2048,0.0,0.03125
2626,8,2,2048,0.0,0.0625
2627,1,-2,1024,0.0,0.00390625
2628,4,-2,4096,0.41299019607843135,0.0625
2629,1,1,1024,0.0,0.00390625
2630,8,-2,4096,0.0,0.109375
2631,4,1,1024,0.0,0.015625
2632,8,-2,1024,0.0,0.03125
2633,4,1,2048,0.0,0.03125
2634,1,-1,1024,0.0,0.00390625
2635,1,1,1024,0.0,0.00390625
2636,2,2,1024,0.0,0.0078125
2637,4,-1,4096,0.0,0.0625
2638,1,1,4096,0.5735294117647058,0.015625
2639,8,1,1024,0.4883578431372549,0.03125
2640,1,2,2048,0.0,0.0078125
2641,2,-2,2048,0.0,0.015625
2642,1,-2,2048,0.0,0.0078125
2643,2,-1,2048,0.0,0.015625
2644,2,1,4096,0.0,0.03125
2645,1,2,2048,0.0,0.0078125
2646,4,-1,2048,0.0,0.03125
2647,8,-2,4096,0.0,0.078125
2648,8,1,2048,0.0,0.0625
2649,2,1,1024,0.0,0.0078125
2650,8,-1,1024,0.0,0.03125
2651,8,-2,2048,0.0,0.0625
2652,8,2,1024,0.0,0.03125
2653,2,2,4096,0.0,0.03125
2654,8,1,2048,0.0,0.0625
2655,4,1,1024,0.0,0.015625
2656,1,-1,2048,0.0,0.0078125
2657,2,-1,4096,0.0,0.03125
2658,4,-2,4096,0.0,0.046875
2659,1,-2,4096,0.0,0.015625
2660,2,-1,4096,0.0,0.03125
2661,8,-1,2048,0.0,0.0625
2662,1,-2,4096,0.46262254901960786,0.015625
2663,2,2,4096,0.0,0.03125
2664,1,-1,2048,0.0,0.0078125
2665,4,1,2048,0.0,0.03125
2666,1,-1,4096,0.0,0.015625
2667,8,-1,2048,0.9816176470588235,0.0625
2668,1,2,1024,0.0,0.00390625
2669,8,1,1024,0.0,0.02734375
2670,8,2,2048,0.0,0.0625
2671,8,-1,1024,0.0,0.03125
2672,8,-1,1024,0.0,0.03125
2673,1,-1,1024,0.0,0.00390625
2674,8,1,2048,0.0,0.0625
2675,4,-1,2048,0.9558823529411765,0.03125
2676,8,-1,2048,0.0,0.0625
2677,8,-2,2048,0.0,0.0625
2678,4,1,4096,0.0,0.046875
2679,2,1,1024,0.0,0.0078125
2680,1,1,2048,0.0,0.0078125
2681,1,2,2048,0.0,0.0078125
2682,2,2,1024,0.0,0.0078125
2683,8,2,1024,0.001838235294117647,0.03125
2684,4,-2,1024,0.0,0.015625
2685,2,2,1024,0.0,0.0078125
2686,1,-1,1024,0.19362745098039216,0.00390625
2687,4,-1,1024,0.0,0.015625
2688,4,-1,1024,0.0,0.015625
2689,8,-1,4096,0.0,0.125
2690,4,2,4096,0.48223039215686275,0.046875
2691,4,1,2048,0.0,0.03125
2692,8,2,1024,0.0,0.03125
2693,2,2,4096,0.0,0.03125
2694,8,-1,1024,0.0,0.03125
2695,2,1,1024,0.0,0.0078125
2696,1,1,2048,0.0,0.0078125
2697,2,-1,2048,0.0,0.015625
2698,1,1,1024,0.0,0.00390625
2699,1,1,4096,0.0,0.015625
2700,8,2,1024,0.0,0.03125
2701,8,2,1024,0.0,0.03125
2702,1,1,2048,0.0,0.0078125
2703,8,2,2048,0.0,0.0625
2704,1,-2,4096,0.0,0.015625
2705,2,2,1024,0.0,0.0078125
2706,4,-1,2048,0.0,0.03125
2707,2,-1,1024,0.6274509803921569,0.0078125
2708,4,2,1024,0.0,0.015625
2709,8,-1,2048,0.0,0.0546875
2710,1,2,4096,0.0,0.015625
2711,1,-1,1024,0.0,0.00390625
2712,8,-1,4096,0.0,0.109375
2713,4,-1,2048,0.0,0.03125
2714,4,-1,2048,0.0,0.03125
2715,2,2,4096,0.0,0.03125
2716,2,-2,1024,0.0,0.0078125
2717,4,1,1024,0.0,0.015625
2718,4,2,4096,0.0,0.0625
2719,1,-1,1024,0.0,0.00390625
2720,4,1,4096,0.0,0.0625
2721,4,-1,4096,0.0,0.0625
2722,1,-2,4096,0.0,0.015625
2723,2,1,2048,0.0,0.0078125
2724,8,2,2048,1.0,0.0625
2725,4,1,4096,0.0,0.0625
2726,1,-1,1024,0.0,0.00390625
2727,1,-2,1024,0.0,0.00390625
2728,4,2,2048,0.0,0.03125
2729,2,2,2048,0.0,0.015625
2730,8,2,4096,0.0,0.109375
2731,4,-1,4096,0.0,0.0625
2732,8,1,2048,1.0,0.0625
2733,1,-1,1024,0.0,0.00390625
2734,2,-2,1024,0.0,0.0078125
2735,1,-2,4096,0.0,0.015625
2736,4,-1,2048,0.0,0.03125
2737,1,1,2048,0.0,0.0078125
2738,2,-2,2048,0.0,0.015625
2739,2,1,4096,0.0,0.03125
2740,1,-1,1024,0.0,0.00390625
2741,1,2,1024,0.0,0.00390625
2742,4,-1,4096,0.0,0.046875
2743,8,-2,2048,0.0,0.0625
2744,1,-1,4096,0.0,0.015625
2745,2,2,1024,0.0,0.0078125
2746,1,-1,1024,0.0,0.00390625
2747,8,1,4096,0.0,0.125
2748,2,2,4096,0.0,0.03125
2749,8,-1,1024,0.0,0.03125
2750,1,1,4096,0.0,0.015625
2751,1,-2,1024,0.0,0.00390625
2752,4,-1,1024,0.0,0.015625
2753,4,-1,4096,0.0,0.0625
2754,8,1,1024,0.0,0.03125
2755,8,2,1024,0.0,0.03125
2756,8,-1,1024,0.0,0.03125
2757,4,-1,2048,0.0,0.03125
2758,2,2,1024,0.0,0.0078125
2759,2,-1,1024,0.0,0.0078125
2760,1,1,1024,0.0,0.00390625
2761,2,1,2048,0.0,0.015625
2762,2,-2,2048,0.0,0.015625
2763,1,2,1024,0.0,0.00390625
2764,1,-1,2048,0.0,0.0078125
2765,4,1,2048,0.0,0.03125
2766,2,-1,2048,0.0,0.015625
2767,8,2,2048,0.0,0.0625
2768,2,1,1024,0.0,0.0078125
2769,8,-2,2048,0.0,0.0625
2770,4,-2,4096,1.0,0.0625
2771,1,2,1024,0.0,0.00390625
2772,1,1,1024,0.0,0.00390625
2773,4,-1,1024,0.0,0.015625
2774,4,-2,4096,1.0,0.0625
2775,2,-2,4096,0.0,0.03125
2776,4,2,4096,0.0,0.046875
2777,8,2,1024,0.0,0.03125
2778,2,-1,2048,0.0,0.015625
2779,1,-2,1024,0.0,0.00390625
2780,2,-1,4096,0.0,0.03125
2781,8,-2,2048,0.0,0.0625
2782,8,1,2048,0.0,0.0625
2783,8,1,2048,1.0,0.0625
2784,8,2,4096,0.0,0.125
2785,1,-1,4096,0.0,0.015625
2786,2,-2,4096,0.0,0.03125
2787,1,-2,2048,0.0,0.0078125
2788,1,-1,4096,0.0,0.015625
2789,8,1,4096,0.0,0.09375
2790,8,-2,2048,0.0,0.0625
2791,1,2,4096,0.0,0.015625
2792,4,-1,4096,0.0,0.0625
2793,4,2,4096,0.0,0.0625
2794,1,-1,1024,0.0,0.00390625
2795,8,-2,4096,0.35171568627450983,0.125
2796,8,-2,2048,0.0,0.0625
2797,4,1,1024,0.0,0.015625
2798,4,1,2048,0.6231617647058824,0.03125
2799,2,2,4096,0.0,0.03125
2800,8,2,4096,0.0,0.109375
2801,2,-2,4096,1.0,0.03125
2802,8,-1,4096,1.0,0.109375
2803,1,-2,2048,0.0,0.0078125
2804,1,-2,4096,0.0,0.015625
2805,8,-2,1024,0.0,0.03125
2806,2,-2,1024,0.0,0.0078125
2807,2,1,1024,0.0,0.0078125
2808,8,-2,4096,0.0,0.109375
2809,1,-2,2048,0.0,0.0078125
2810,4,-2,4096,0.7028186274509803,0.0625
2811,2,1,2048,0.0,0.015625
2812,1,1,2048,0.0,0.0078125
2813,8,2,4096,0.0,0.125
2814,1,-2,2048,0.0,0.0078125
2815,1,-2,2048,0.0,0.0078125
2816,4,-1,1024,0.6053921568627451,0.015625
2817,8,1,2048,0.0,0.0625
2818,1,-2,1024,0.0,0.00390625
2819,4,-2,1024,0.0,0.015625
2820,4,-1,1024,0.0,0.015625
2821,8,-2,1024,0.522671568627451,0.03125
2822,1,-1,1024,0.0,0.00390625
2823,8,2,1024,0.0,0.03125
2824,4,1,1024,0.0,0.015625
2825,8,-1,4096,0.0,0.109375
2826,2,-1,1024,0.0,0.0078125
2827,8,2,2048,0.0,0.0625
2828,4,1,1024,0.0,0.015625
2829,1,1,4096,0.0,0.015625
2830,8,2,1024,0.0,0.03125
2831,8,-2,4096,0.0,0.09375
2832,2,-2,2048,0.0,0.015625
2833,4,-1,4096,1.0,0.0625
2834,2,-1,2048,0.0,0.015625
2835,4,-2,2048,0.0,0.0234375
2836,8,-2,4096,0.6096813725490197,0.125
2837,8,2,4096,0.0,0.125
2838,1,1,2048,0.0,0.0078125
2839,8,1,4096,0.0,0.125
2840,2,-2,4096,0.0,0.03125
2841,4,-1,4096,1.0,0.0625
2842,8,1,4096,0.0,0.125
2843,2,1,1024,0.0,0.0078125
2844,2,1,2048,0.0,0.015625
2845,2,1,2048,0.0,0.015625
2846,8,-1,4096,0.0,0.109375
2847,2,2,1024,0.0,0.0078125
2848,2,-1,4096,0.0,0.03125
2849,2,-2,1024,0.0,0.0078125
2850,1,2,2048,0.0,0.0078125
2851,2,-2,4096,0.0,0.03125
2852,1,-1,1024,0.0,0.00390625
2853,1,-2,4096,0.0,0.015625
2854,4,-2,4096,0.0,0.0625
2855,1,-1,1024,0.0,0.00390625
2856,4,-2,1024,0.0,0.015625
2857,8,-1,1024,0.0,0.03125
2858,4,2,4096,0.0,0.0625
2859,2,-2,4096,0.0,0.03125
2860,1,2,2048,0.0,0.0078125
2861,8,-1,1024,0.0,0.03125
2862,8,1,1024,0.0,0.03125
2863,4,-1,1024,0.0,0.015625
2864,1,-1,2048,0.0,0.0078125
2865,1,-2,4096,0.0,0.015625
2866,2,1,1024,0.0,0.0078125
2867,1,2,4096,0.0,0.015625
2868,8,1,1024,0.0,0.03125
2869,1,1,2048,0.0,0.0078125
2870,2,1,4096,0.7481617647058824,0.03125
2871,8,-1,2048,0.0,0.0625
2872,8,-2,2048,0.36825980392156865,0.0625
2873,1,1,2048,0.0,0.0078125
2874,2,2,2048,0.0,0.015625
2875,4,-1,1024,0.0,0.015625
2876,4,2,1024,0.0,0.015625
2877,8,2,4096,0.0,0.125
2878,8,-2,4096,0.0,0.125
2879,8,1,4096,0.0,0.125
2880,1,1,1024,0.0,0.00390625
2881,1,-1,1024,0.0,0.00390625
2882,4,1,1024,0.0,0.015625
2883,1,2,1024,0.0,0.00390625
2884,2,1,2048,0.0,0.015625
2885,1,2,1024,0.0,0.00390625
2886,8,2,4096,0.0,0.125
2887,1,2,1024,0.0,0.00390625
2888,1,2,2048,0.0,0.0078125
2889,1,-2,1024,0.0,0.00390625
2890,1,-2,2048,0.0,0.0078125
2891,4,-2,1024,0.49142156862745096,0.015625
2892,2,-2,2048,0.0,0.0078125
2893,8,1,4096,0.0,0.125
2894,2,1,4096,0.0,0.03125
2895,4,-1,1024,0.0,0.015625
2896,4,-2,2048,0.0,0.03125
2897,4,1,4096,0.0,0.0625
2898,8,-1,2048,0.0,0.0625
2899,1,2,2048,0.0,0.0078125
2900,4,-2,2048,0.0,0.03125
2901,8,-1,4096,0.0,0.109375
2902,8,-2,2048,0.0,0.0625
2903,4,-1,4096,0.0,0.046875
2904,4,2,4096,0.0,0.0625
2905,8,-1,2048,0.0,0.046875
2906,4,-1,1024,0.0,0.015625
2907,8,-1,1024,0.0,0.03125
2908,1,-1,2048,0.0,0.0078125
2909,2,1,4096,0.0,0.03125
2910,1,2,2048,0.0,0.0078125
2911,1,1,1024,0.0,0.00390625
2912,2,1,4096,0.0,0.03125
2913,1,-1,1024,0.0,0.00390625
2914,2,-2,2048,0.0,0.015625
2915,2,1,1024,0.0,0.0078125
2916,4,2,1024,0.0,0.015625
2917,8,1,4096,0.0,0.109375
2918,8,-2,4096,0.0,0.109375
2919,2,1,1024,0.0,0.0078125
2920,2,2,1024,0.0,0.0078125
2921,8,-2,2048,0.0,0.0625
2922,1,-2,4096,0.0,0.015625
2923,4,1,2048,0.0,0.03125
2924,2,-1,4096,0.0,0.03125
2925,1,1,2048,0.0,0.0078125
2926,4,1,2048,0.0,0.03125
2927,2,-1,1024,0.0,0.0078125
2928,1,-2,4096,0.0,0.015625
2929,4,1,4096,0.0,0.0625
2930,1,-1,1024,0.0,0.00390625
2931,4,2,4096,0.0,0.0625
2932,1,-1,4096,0.0,0.015625
2933,2,-2,2048,0.0,0.015625
2934,8,2,4096,0.0,0.125
2935,1,1,2048,0.0,0.0078125
2936,8,1,1024,0.0,0.03125
2937,4,2,4096,0.0,0.0625
2938,8,2,1024,0.0,0.03125
2939,1,2,4096,0.0,0.015625
2940,4,2,1024,0.0,0.015625
2941,8,-1,2048,0.0,0.0625
2942,8,-2,4096,0.0,0.09375
2943,1,1,2048,0.0,0.0078125
2944,8,2,4096,1.0,0.125
2945,1,2,1024,0.0,0.00390625
2946,4,1,1024,0.0,0.015625
2947,2,1,1024,0.0,0.0078125
2948,4,1,1024,0.0,0.015625
2949,4,-2,1024,0.0,0.015625
2950,1,-2,2048,0.0,0.0078125
2951,4,-2,1024,0.0,0.015625
2952,8,2,4096,0.0,0.125
2953,2,2,1024,0.0,0.0078125
2954,2,-1,4096,0.0,0.03125
2955,8,-1,4096,0.04718137254901961,0.125
2956,1,-1,4096,0.0,0.015625
2957,2,-2,4096,0.0,0.03125
2958,4,-1,4096,0.2689950980392157,0.0625
2959,2,-1,4096,0.0,0.03125
2960,8,1,2048,0.0,0.0625
2961,2,2,2048,0.0,0.015625
2962,8,-2,2048,0.0,0.0625
2963,1,-1,2048,0.0,0.0078125
2964,4,2,2048,0.0,0.03125
2965,4,2,1024,0.0,0.015625
2966,1,2,4096,0.0,0.015625
2967,1,1,4096,0.0,0.015625
2968,4,-2,4096,0.0,0.0625
2969,4,2,1024,0.0,0.015625
2970,4,1,4096,0.0,0.0625
2971,1,2,2048,0.0,0.0078125
2972,4,2,1024,0.0,0.015625
2973,8,-1,4096,0.0,0.125
2974,1,-2,4096,0.0,0.015625
2975,2,1,4096,0.0,0.03125
2976,2,-1,2048,0.0,0.015625
2977,8,-2,1024,0.0,0.02734375
2978,2,-1,1024,0.0,0.0078125
2979,2,2,4096,0.0,0.03125
2980,4,-1,4096,0.0,0.046875
2981,1,-1,1024,0.0,0.00390625
2982,8,1,4096,1.0,0.109375
2983,8,1,1024,0.0,0.03125
2984,4,-1,4096,0.0,0.0625
2985,4,2,1024,0.0,0.015625
2986,4,1,4096,0.9001225490196079,0.0625
2987,8,-2,1024,0.0,0.03125
2988,8,-1,2048,0.0,0.0625
2989,2,2,4096,0.0,0.03125
2990,2,-2,4096,0.0,0.03125
2991,4,-2,2048,0.0,0.03125
2992,1,1,4096,0.0,0.015625
2993,8,-1,1024,0.15747549019607843,0.03125
2994,8,-1,2048,0.0,0.0546875
2995,4,-1,4096,0.0,0.0625
2996,2,-2,1024,0.0,0.0078125
2997,2,-1,2048,0.0,0.015625
2998,2,-2,2048,0.0,0.0078125
2999,4,1,2048,0.0,0.03125
3000,8,1,4096,0.0,0.125
3001,4,2,2048,0.0,0.03125
3002,8,-2,4096,0.0,0.109375
3003,8,-1,2048,0.0,0.0546875
3004,4,-1,4096,0.0,0.0625
3005,2,1,2048,0.0,0.015625
3006,4,1,4096,0.0,0.0625
3007,2,2,2048,0.0,0.015625
3008,4,2,4096,0.0,0.0625
3009,8,2,4096,0.0,0.125
3010,2,-2,1024,0.0,0.0078125
3011,4,-2,1024,0.6274509803921569,0.015625
3012,1,2,1024,0.0,0.00390625
3013,4,2,2048,0.0,0.03125
3014,2,-1,2048,0.0,0.015625
3015,2,-2,1024,0.0,0.0078125
3016,4,1,4096,0.0,0.0625
3017,1,1,4096,0.0,0.015625
3018,4,2,2048,0.0,0.03125
3019,4,1,1024,0.0,0.015625
3020,2,2,4096,0.0,0.03125
3021,1,2,1024,0.0,0.00390625
3022,2,-2,1024,0.0,0.0078125
3023,1,-2,4096,0.0,0.015625
3024,2,2,4096,0.0,0.03125
3025,4,-2,2048,0.0,0.03125
3026,1,-2,1024,0.0,0.00390625
3027,4,2,1024,0.06066176470588235,0.015625
3028,1,-2,4096,0.0,0.015625
3029,8,-2,1024,0.0,0.03125
3030,4,-2,4096,0.0,0.046875
3031,2,-1,2048,0.0,0.015625
3032,4,1,2048,0.0,0.03125
3033,1,1,4096,0.0,0.015625
3034,1,2,2048,0.0,0.0078125
3035,8,1,2048,0.0,0.046875
3036,8,2,2048,0.0,0.0625
3037,1,-2,1024,0.0,0.00390625
3038,2,-1,2048,0.0,0.015625
3039,1,-1,2048,0.0,0.0078125
3040,2,-2,1024,0.0,0.0078125
3041,2,2,2048,0.0,0.015625
3042,2,-2,2048,0.0,0.015625
3043,4,-1,1024,0.0,0.015625
3044,1,-1,4096,0.0,0.015625
3045,8,-2,4096,1.0,0.125
3046,4,2,2048,0.0,0.03125
3047,8,-2,1024,0.0,0.03125
3048,1,-2,2048,0.0,0.0078125
3049,4,-1,4096,0.0,0.0625
3050,8,-2,1024,0.0,0.03125
3051,1,2,4096,0.0,0.0
3052,8,-2,4096,0.0,0.109375
3053,2,-1,1024,0.0,0.0078125
3054,8,-1,1024,0.0,0.03125
3055,2,-2,4096,0.0,0.03125
3056,8,-2,4096,0.0,0.125
3057,1,1,4096,0.0,0.015625
3058,2,-2,2048,0.0,0.015625
3059,2,-2,2048,0.0,0.015625
3060,1,-1,2048,0.0,0.0078125
3061,2,-1,2048,0.0,0.015625
3062,2,-1,4096,0.0,0.03125
3063,1,2,1024,0.0,0.00390625
3064,4,-1,1024,0.0,0.015625
3065,4,1,1024,0.0,0.015625
3066,8,2,4096,0.0,0.125
3067,4,-2,4096,0.0,0.0625
3068,1,1,1024,0.0,0.00390625
3069,1,-1,1024,0.0,0.00390625
3070,2,1,1024,0.0,0.0078125
3071,2,-2,1024,0.0,0.0078125
3072,1,-1,2048,0.0,0.0078125
3073,8,-2,2048,0.0,0.0546875
3074,4,2,2048,0.0,0.03125
3075,4,1,1024,0.0,0.015625
3076,1,-2,2048,0.0,0.0078125
3077,8,1,4096,0.0,0.125
3078,1,2,2048,0.0,0.0078125
3079,2,1,4096,0.0,0.03125
3080,2,-1,4096,0.0,0.03125
3081,8,2,4096,0.0,0.109375
3082,2,-2,2048,0.0,0.015625
3083,1,-2,1024,0.0,0.00390625
3084,2,-2,2048,0.0,0.015625
3085,2,2,2048,0.0,0.015625
3086,1,1,4096,0.0,0.015625
3087,1,1,4096,0.0,0.015625
3088,1,1,2048,0.0,0.0078125
3089,2,-1,2048,0.0,0.015625
3090,2,-2,4096,0.0,0.03125
3091,2,2,4096,0.0,0.03125
3092,4,2,4096,0.0,0.0625
3093,1,-2,2048,0.0,0.0078125
3094,8,-2,2048,0.41237745098039214,0.0625
3095,8,1,2048,0.8872549019607843,0.0546875
3096,1,-2,2048,0.0,0.0078125
3097,2,1,1024,0.0,0.0078125
3098,1,2,1024,0.0,0.00390625
3099,2,-1,2048,0.0,0.015625
3100,2,-1,2048,0.0,0.015625
3101,1,2,1024,0.0,0.00390625
3102,1,-1,1024,0.0,0.00390625
3103,2,-2,4096,0.0,0.03125
3104,4,-2,2048,0.0,0.03125
3105,2,2,2048,0.0,0.015625
3106,8,2,4096,0.0,0.125
3107,2,-2,1024,0.0,0.0078125
3108,8,2,4096,0.0,0.125
3109,1,-2,4096,0.0,0.015625
3110,4,-2,2048,0.0,0.03125
3111,8,-1,2048,0.05698529411764706,0.0625
3112,1,-1,4096,0.0,0.015625
3113,8,2,1024,0.0,0.03125
3114,2,1,1024,0.0,0.0078125
3115,2,-2,4096,0.0,0.03125
3116,4,1,1024,0.0,0.015625
3117,4,2,4096,0.0,0.0625
3118,1,1,4096,0.0,0.015625
3119,8,-2,2048,0.0,0.0625
3120,4,-2,1024,0.0,0.015625
3121,8,-1,4096,0.0,0.109375
3122,2,-1,4096,0.0,0.03125
3123,4,-1,2048,0.0,0.03125
3124,2,-2,1024,0.0,0.0078125
3125,8,-2,2048,0.0,0.0625
3126,8,1,2048,0.0,0.0625
3127,8,2,1024,0.0,0.03125
3128,4,1,2048,0.0,0.03125
3129,8,-1,1024,0.0,0.03125
3130,2,2,4096,0.0,0.03125
3131,2,1,2048,0.0,0.015625
3132,8,1,4096,0.9767156862745098,0.109375
3133,1,1,2048,0.0,0.0078125
3134,4,2,4096,0.0,0.0625
3135,1,1,4096,0.0,0.015625
3136,4,1,1024,0.0,0.015625
3137,2,1,2048,0.0,0.015625
3138,2,2,4096,0.0,0.03125
3139,2,2,2048,0.0,0.015625
3140,2,-1,1024,0.0,0.0078125
3141,2,1,4096,0.0,0.015625
3142,2,-2,1024,0.0,0.0078125
3143,4,1,4096,0.0,0.0625
3144,8,2,4096,0.0,0.09375
3145,4,1,1024,0.0,0.015625
3146,4,-1,1024,0.0,0.015625
3147,8,1,4096,0.0,0.109375
3148,8,-1,2048,0.7512254901960784,0.0625
3149,1,-1,4096,0.0,0.015625
3150,4,-2,4096,0.0,0.0625
3151,1,1,1024,0.0,0.00390625
3152,1,-2,4096,0.0,0.015625
3153,8,-1,2048,0.0,0.046875
3154,1,2,4096,0.0,0.015625
3155,8,2,1024,0.0,0.03125
3156,8,-1,1024,0.0,0.03125
3157,8,2,2048,0.0,0.0625
3158,4,-2,2048,0.0,0.03125
3159,8,2,2048,0.0,0.0625
3160,1,-1,1024,0.0,0.00390625
3161,8,2,2048,0.0,0.0546875
3162,1,2,4096,0.0,0.0
3163,2,1,4096,0.0,0.03125
3164,1,1,4096,0.0,0.015625
3165,2,1,1024,0.6274509803921569,0.0078125
3166,4,-2,4096,0.0,0.0625
3167,2,-2,2048,0.0,0.015625
3168,8,-1,4096,0.0,0.078125
3169,4,-1,4096,0.0,0.0625
3170,4,1,1024,0.0,0.015625
3171,8,-1,4096,0.22426470588235295,0.125
3172,2,1,2048,0.0,0.015625
3173,2,-2,4096,0.0,0.03125
3174,8,-2,2048,0.0,0.0625
3175,4,2,1024,0.0,0.015625
3176,4,2,4096,0.0,0.0625
3177,2,2,1024,0.0,0.0078125
3178,1,-1,4096,0.0,0.015625
3179,1,1,1024,0.0,0.00390625
3180,1,1,4096,0.0,0.015625
3181,1,-1,2048,0.0,0.0078125
3182,4,1,1024,0.0,0.015625
3183,1,1,1024,0.0,0.00390625
3184,4,-1,1024,0.0,0.015625
3185,8,-1,4096,1.0,0.125
3186,8,-1,4096,0.0,0.125
3187,2,2,4096,0.0,0.03125
3188,1,2,2048,0.0,0.0078125
3189,8,2,2048,0.0,0.0546875
3190,1,2,4096,0.0,0.015625
3191,4,-1,1024,0.0,0.015625
3192,4,2,4096,0.0,0.0625
3193,1,-2,2048,0.0,0.0078125
3194,4,2,2048,0.0,0.03125
3195,1,-1,2048,0.0,0.0078125
3196,1,-1,4096,0.0,0.015625
3197,8,-2,4096,0.0,0.109375
3198,8,-2,4096,0.0,0.109375
3199,2,-1,1024,0.0,0.0078125
3200,8,1,1024,0.0,0.03125
3201,8,-2,4096,0.3737745098039216,0.125
3202,8,2,4096,0.0,0.125
3203,1,-2,1024,0.0,0.00390625
3204,2,2,4096,0.0,0.03125
3205,4,-1,1024,0.5876225490196079,0.015625
3206,8,-1,4096,0.0,0.109375
3207,8,-2,4096,0.0,0.125
3208,2,2,2048,0.0,0.015625
3209,1,1,1024,0.0,0.00390625
3210,8,-2,4096,0.6660539215686274,0.109375
3211,2,-2,1024,0.0,0.0078125
3212,2,1,2048,0.0,0.015625
3213,8,2,2048,0.0,0.046875
3214,4,-2,1024,0.4883578431372549,0.015625
3215,2,-2,2048,0.0,0.015625
3216,1,1,4096,0.0,0.015625
3217,2,-2,1024,0.0,0.0078125
3218,8,-1,2048,0.0,0.0546875
3219,2,-2,1024,0.0,0.0078125
3220,4,-1,2048,0.0,0.03125
3221,2,1,1024,0.0,0.0078125
3222,8,-1,1024,0.0,0.03125
3223,8,-1,2048,0.15870098039215685,0.0625
3224,4,-1,1024,0.0,0.015625
3225,8,1,1024,0.0,0.03125
3226,4,-2,4096,0.0,0.0625
3227,2,-2,4096,0.0,0.03125
3228,4,-2,1024,0.0,0.015625
3229,8,2,4096,0.0,0.125
3230,8,1,2048,0.0,0.0625
3231,1,-2,1024,0.0,0.00390625
3232,4,-1,4096,0.0,0.0625
3233,1,-1,2048,0.0,0.0078125
3234,4,-2,1024,0.0,0.015625
3235,4,2,1024,0.0,0.015625
3236,2,2,4096,0.0,0.03125
3237,8,-2,1024,0.0,0.03125
3238,8,-2,2048,0.0,0.0625
3239,1,-1,1024,0.0,0.00390625
3240,1,1,4096,0.0,0.015625
3241,1,2,4096,0.0,0.015625
3242,8,-1,2048,0.0,0.0625
3243,4,-1,2048,0.0,0.03125
3244,4,-2,2048,0.0,0.03125
3245,8,-2,2048,0.0,0.0625
3246,8,-2,4096,0.0,0.109375
3247,1,-1,4096,0.0,0.0
3248,1,1,1024,0.0,0.00390625
3249,2,-2,4096,0.0,0.03125
3250,2,-2,1024,0.0,0.0078125
3251,4,2,1024,0.0,0.015625
3252,1,2,2048,0.0,0.0078125
3253,2,1,1024,0.0,0.0078125
3254,1,1,4096,0.0,0.015625
3255,1,1,4096,0.0,0.015625
3256,1,-1,1024,0.0,0.00390625
3257,1,-2,1024,0.0,0.00390625
3258,4,-1,2048,0.0,0.03125
3259,2,1,4096,0.0,0.03125
3260,2,1,2048,0.0,0.015625
3261,2,1,4096,0.0,0.03125
3262,4,1,1024,0.0,0.015625
3263,8,-2,2048,0.0,0.0546875
3264,4,1,1024,0.0,0.015625
3265,4,2,1024,0.0,0.015625
3266,4,1,4096,1.0,0.0625
3267,4,1,1024,0.0,0.015625
3268,1,-2,1024,0.0,0.00390625
3269,8,2,2048,0.0,0.0546875
3270,1,-1,4096,0.0,0.015625
3271,2,-1,2048,0.0,0.015625
3272,4,-1,1024,0.0,0.015625
3273,2,-2,4096,0.0,0.015625
3274,1,2,2048,0.0,0.0078125
3275,8,1,4096,0.0,0.125
3276,1,-1,1024,0.0,0.00390625
3277,1,2,4096,0.0,0.015625
3278,8,-2,1024,0.0,0.03125
3279,4,-1,4096,0.0,0.0625
3280,1,1,2048,0.0,0.0078125
3281,8,-2,4096,0.0,0.109375
3282,8,1,2048,0.0,0.0546875
3283,1,2,1024,0.0,0.00390625
3284,2,1,1024,0.0,0.0078125
3285,2,-2,2048,0.0,0.015625
3286,1,1,1024,0.0,0.00390625
3287,1,-1,2048,0.0,0.0078125
3288,1,1,1024,0.0,0.00390625
3289,1,1,2048,0.0,0.0078125
3290,2,-2,1024,0.0,0.0078125
3291,2,-2,1024,0.0,0.0078125
3292,1,-2,2048,0.0,0.0078125
3293,2,-2,2048,0.0,0.015625
3294,1,-1,2048,0.0,0.0078125
3295,8,-2,2048,0.0,0.0546875
3296,1,2,2048,0.0,0.0078125
3297,8,2,2048,0.0,0.0546875
3298,4,-2,2048,0.0,0.03125
3299,8,-1,4096,0.0,0.109375
3300,4,1,2048,0.0,0.03125
3301,2,1,2048,0.0,0.015625
3302,4,1,4096,0.0,0.0625
3303,2,2,2048,0.0,0.015625
3304,1,1,4096,0.0,0.015625
3305,2,1,2048,0.0,0.015625
3306,2,1,1024,0.0,0.0078125
3307,1,1,2048,0.0,0.0078125
3308,1,-1,4096,0.0,0.015625
3309,8,1,1024,0.0,0.03125
3310,4,2,1024,0.0,0.015625
3311,2,-1,2048,0.0,0.015625
3312,8,-2,4096,0.0,0.109375
3313,1,1,2048,0.0,0.0078125
3314,2,2,2048,0.0,0.015625
3315,8,2,2048,0.0,0.0546875
3316,4,1,2048,0.0,0.0234375
3317,2,2,1024,0.0,0.0078125
3318,2,-1,2048,0.8057598039215687,0.015625
3319,1,-1,4096,0.0,0.015625
3320,1,-1,4096,0.0,0.015625
3321,1,-1,4096,0.0,0.015625
3322,8,1,1024,0.0,0.02734375
3323,4,2,2048,0.0,0.03125
3324,2,-1,1024,0.0,0.0078125
3325,8,-2,1024,0.0,0.03125
3326,1,2,4096,0.0,0.015625
3327,1,2,2048,0.0,0.0078125
3328,2,2,1024,0.0,0.0078125
3329,8,-1,4096,1.0,0.109375
3330,4,1,4096,0.0,0.0625
3331,8,1,2048,0.0,0.0625
3332,1,2,4096,0.0,0.015625
3333,8,2,4096,0.0,0.125
3334,1,2,2048,0.0,0.0078125
3335,1,-1,4096,0.0,0.015625
3336,4,-2,1024,0.0,0.015625
3337,1,-2,2048,0.0,0.0078125
3338,8,2,2048,0.8988970588235294,0.0625
3339,8,2,4096,0.0,0.109375
3340,4,-2,2048,0.0,0.03125
3341,2,-1,2048,0.0,0.015625
3342,1,-2,1024,0.0,0.00390625
3343,4,-1,2048,0.0,0.0234375
3344,4,1,1024,0.0,0.015625
3345,8,1,2048,0.0,0.0546875
3346,4,-1,2048,0.0,0.03125
3347,1,-1,4096,0.0,0.015625
3348,1,1,2048,0.0,0.0078125
3349,8,1,1024,0.0,0.02734375
3350,1,-2,2048,0.0,0.0078125
3351,8,-2,1024,0.0,0.03125
3352,1,-1,2048,0.0,0.0078125
3353,4,-1,1024,0.0,0.015625
3354,8,2,1024,0.0,0.03125
3355,2,2,4096,0.0,0.03125
3356,1,1,1024,0.0,0.00390625
3357,8,-2,2048,0.0,0.0546875
3358,1,-2,4096,0.0,0.015625
3359,4,-1,2048,0.0,0.03125
3360,8,1,4096,1.0,0.125
3361,4,1,2048,0.0,0.03125
3362,1,-2,4096,0.0,0.015625
3363,8,2,2048,0.0,0.0546875
3364,1,-1,1024,0.0,0.00390625
3365,4,1,4096,0.0,0.0625
3366,4,-2,4096,0.0,0.0625
3367,2,2,4096,0.0,0.03125
3368,2,1,1024,0.0,0.0078125
3369,1,-2,4096,0.0,0.0
3370,8,-1,2048,0.0,0.0625
3371,1,-1,4096,0.0,0.015625
3372,2,-2,4096,0.0,0.03125
3373,4,2,1024,0.0,0.015625
3374,4,2,2048,0.0,0.03125
3375,4,2,1024,0.0,0.015625
3376,4,-1,1024,0.0,0.015625
3377,4,1,2048,0.0,0.03125
3378,8,-1,2048,0.0,0.0625
3379,2,-1,2048,0.0,0.015625
3380,8,1,4096,0.0,0.125
3381,8,-1,1024,0.0,0.02734375
3382,8,2,1024,0.0,0.03125
3383,8,-2,4096,0.0,0.125
3384,8,-2,1024,0.0,0.03125
3385,1,2,1024,0.0,0.00390625
3386,8,2,2048,0.0,0.0625
3387,4,2,1024,0.0,0.015625
3388,2,-1,1024,0.0,0.0078125
3389,4,-1,1024,0.0,0.015625
3390,2,-2,2048,0.0,0.015625
3391,4,-1,4096,0.27205882352941174,0.0625
3392,8,1,4096,0.0,0.109375
3393,1,-1,4096,0.0,0.015625
3394,2,-1,4096,0.0,0.03125
3395,8,-2,2048,0.0,0.0625
3396,2,-1,2048,0.0,0.015625
3397,8,1,4096,0.0,0.125
3398,1,1,1024,0.0,0.00390625
3399,4,1,4096,0.0,0.0625
3400,8,2,4096,0.0,0.125
3401,8,-2,2048,0.0,0.0625
3402,1,-1,2048,0.0,0.0078125
3403,8,1,4096,0.0,0.109375
3404,2,-1,4096,0.0,0.03125
3405,2,2,1024,0.0,0.0078125
3406,2,-2,4096,0.0,0.015625
3407,4,-2,2048,0.0,0.03125
3408,4,-1,1024,0.0,0.015625
3409,2,-1,1024,0.0,0.0078125
3410,1,2,4096,0.0,0.015625
3411,8,-1,2048,0.0,0.0625
3412,1,-1,1024,0.0,0.00390625
3413,1,-2,2048,0.0,0.0078125
3414,4,-1,2048,0.0,0.03125
3415,2,1,1024,0.0,0.0078125
3416,4,1,2048,0.0,0.03125
3417,8,1,2048,0.0,0.0625
3418,1,-1,4096,0.0,0.015625
3419,2,-2,2048,0.0,0.015625
3420,4,-2,1024,0.0,0.015625
3421,8,-2,2048,0.24816176470588236,0.0546875
3422,4,1,4096,0.0,0.0625
3423,2,2,1024,0.0,0.0078125
3424,4,2,4096,0.0,0.0625
3425,8,-1,1024,0.0,0.03125
3426,2,-2,2048,0.0,0.015625
3427,8,1,2048,0.0,0.0625
3428,8,-2,4096,0.0,0.109375
3429,2,1,4096,0.0,0.03125
3430,1,-1,4096,0.0,0.015625
3431,8,2,4096,0.0,0.125
3432,1,1,4096,0.0,0.015625
3433,2,1,1024,0.0,0.0078125
3434,1,-1,2048,0.0,0.0078125
3435,4,2,4096,0.0,0.0625
3436,2,1,1024,0.0,0.0078125
3437,4,1,2048,0.0,0.03125
3438,8,-1,2048,0.0,0.0625
3439,8,-1,4096,0.0,0.109375
3440,8,2,1024,0.0,0.03125
3441,1,-1,1024,0.0,0.00390625
3442,2,-2,1024,0.0,0.0078125
3443,1,-1,2048,0.0,0.0078125
3444,8,-1,2048,0.0,0.0625
3445,4,-1,2048,0.0,0.03125
3446,2,-2,1024,0.0,0.0078125
3447,4,-2,1024,0.0,0.015625
3448,4,-1,2048,0.0,0.03125
3449,2,-1,1024,0.0,0.0078125
3450,2,-2,4096,0.0,0.015625
3451,1,-1,1024,0.0,0.00390625
3452,2,-1,4096,0.0,0.03125
3453,2,-2,2048,0.0,0.015625
3454,8,-1,4096,0.6715686274509803,0.125
3455,8,-1,4096,0.0,0.109375
3456,8,-2,2048,0.0,0.0546875
3457,1,2,4096,0.0,0.0
3458,8,-2,1024,0.0,0.02734375
3459,2,1,1024,0.0,0.0078125
3460,2,1,2048,0.0,0.015625
3461,8,2,4096,0.0,0.109375
3462,8,1,4096,1.0,0.109375
3463,1,1,2048,0.0,0.0078125
3464,2,2,1024,0.0,0.0078125
3465,4,2,4096,0.0,0.046875
3466,4,-2,2048,0.0,0.03125
3467,2,2,1024,0.0,0.0078125
3468,4,-1,1024,0.0,0.015625
3469,8,-2,4096,0.0,0.125
3470,1,1,4096,0.0,0.015625
3471,4,2,4096,0.0,0.0625
3472,4,-2,1024,0.0,0.015625
3473,8,-2,4096,1.0,0.09375
3474,2,2,1024,0.0,0.0078125
3475,1,1,4096,0.0,0.015625
3476,4,-2,4096,0.0,0.046875
3477,4,2,2048,0.6047794117647058,0.03125
3478,2,-1,1024,0.0,0.0078125
3479,8,-1,4096,0.0,0.09375
3480,8,-1,1024,0.0,0.03125
3481,1,1,2048,0.9859068627450981,0.0078125
3482,8,-2,1024,0.0,0.02734375
3483,1,-1,2048,0.0,0.0078125
3484,2,-1,4096,0.0,0.03125
3485,1,-2,4096,0.0,0.015625
3486,2,2,2048,0.0,0.015625
3487,8,-2,1024,0.0,0.03125
3488,2,2,4096,0.0,0.03125
3489,4,-2,2048,0.0,0.03125
3490,1,-1,1024,0.0,0.00390625
3491,4,-2,4096,0.0,0.0625
3492,2,-1,4096,0.0,0.03125
3493,4,1,1024,0.0,0.015625
3494,8,-2,1024,0.0,0.02734375
3495,4,1,1024,0.0,0.01171875
3496,1,2,2048,0.0,0.0078125
3497,2,-1,1024,0.0,0.0078125
3498,1,-2,2048,0.0,0.0078125
3499,2,1,4096,0.0,0.03125
3500,1,-2,1024,0.0,0.00390625
3501,4,-2,4096,0.0,0.046875
3502,2,-1,1024,0.0,0.0078125
3503,1,-1,1024,0.0,0.00390625
3504,1,-2,4096,0.0,0.015625
3505,8,2,2048,0.0,0.0625
3506,8,1,4096,0.0,0.125
3507,8,2,2048,0.0,0.0625
3508,1,-1,2048,0.0,0.0078125
3509,2,-1,4096,0.0,0.03125
3510,8,2,4096,0.0,0.125
3511,4,-2,4096,0.0,0.0625
3512,1,-1,2048,0.0,0.0078125
3513,1,2,4096,0.0,0.015625
3514,2,-1,1024,0.0,0.0078125
3515,8,2,2048,0.0,0.0625
3516,1,-1,1024,0.0,0.00390625
3517,8,-1,1024,0.0,0.03125
3518,4,2,1024,0.0,0.015625
3519,8,-2,2048,0.0,0.0625
3520,8,2,4096,0.0,0.125
3521,2,-2,2048,0.0,0.015625
3522,8,-1,4096,0.0,0.109375
3523,1,1,2048,0.0,0.0078125
3524,2,1,2048,0.0,0.015625
3525,1,2,1024,0.0,0.00390625
3526,1,2,4096,0.0,0.015625
3527,1,1,1024,0.1323529411764706,0.00390625
3528,1,1,1024,0.0,0.00390625
3529,1,-1,4096,0.0,0.015625
3530,2,2,2048,0.0,0.015625
3531,1,1,1024,0.0,0.00390625
3532,1,-2,2048,0.0,0.0078125
3533,8,2,2048,0.0,0.0625
3534,1,-1,1024,0.0,0.00390625
3535,1,-1,4096,0.0,0.015625
3536,1,-1,4096,0.0,0.015625
3537,1,2,1024,0.0,0.0
3538,4,-1,2048,0.0,0.03125
3539,8,-1,1024,0.26348039215686275,0.03125
3540,4,-2,4096,0.0,0.046875
3541,4,-1,2048,0.0,0.03125
3542,1,-2,1024,0.0,0.0
3543,8,1,2048,0.3480392156862745,0.0625
3544,1,2,2048,0.0,0.0078125
3545,4,-1,2048,0.0,0.03125
3546,2,2,4096,0.0,0.03125
3547,8,2,2048,0.0,0.0625
3548,2,-2,2048,0.0,0.015625
3549,4,1,1024,0.0,0.015625
3550,2,1,2048,0.0,0.015625
3551,4,-1,1024,0.0,0.015625
3552,8,2,4096,0.0,0.109375
3553,4,-1,1024,0.6274509803921569,0.015625
3554,2,-2,4096,0.0,0.03125
3555,2,1,2048,0.0,0.015625
3556,4,-2,4096,0.0,0.0625
3557,2,-1,2048,0.0,0.015625
3558,1,1,1024,0.0,0.00390625
3559,2,1,4096,0.0,0.03125
3560,1,-1,4096,0.0,0.015625
3561,1,-1,1024,0.0,0.00390625
3562,2,-2,1024,0.0,0.0078125
3563,8,-1,2048,0.0,0.0625
3564,8,1,4096,1.0,0.109375
3565,2,1,2048,0.0,0.015625
3566,2,-1,1024,0.0,0.0078125
3567,1,-2,4096,0.0,0.015625
3568,8,1,2048,0.0,0.0625
3569,1,1,2048,0.0,0.0078125
3570,8,-2,2048,0.0,0.0625
3571,8,1,1024,0.0,0.03125
3572,4,-2,1024,0.0,0.015625
3573,2,-1,2048,0.0,0.015625
3574,8,1,2048,0.0,0.0625
3575,4,1,1024,0.0,0.015625
3576,4,1,1024,0.0,0.015625
3577,8,2,4096,1.0,0.109375
3578,8,-2,1024,0.0,0.02734375
3579,1,2,1024,0.0,0.00390625
3580,8,-1,2048,0.0,0.046875
3581,8,-1,4096,0.0,0.125
3582,1,2,4096,0.0,0.015625
3583,2,-1,2048,0.0,0.015625
3584,8,-2,4096,0.0,0.109375
3585,1,1,2048,0.0,0.0078125
3586,2,1,4096,0.0,0.03125
3587,4,1,1024,0.0,0.015625
3588,4,-2,1024,0.0,0.015625
3589,8,1,4096,0.0,0.125
3590,1,-2,4096,0.0,0.015625
3591,2,1,4096,0.0,0.03125
3592,8,1,2048,0.0,0.0625
3593,4,2,2048,0.0,0.03125
3594,1,2,1024,0.0,0.00390625
3595,2,-2,2048,0.0,0.015625
3596,2,-2,4096,0.0,0.03125
3597,4,1,1024,0.0,0.015625
3598,2,2,2048,0.0,0.015625
3599,4,-2,1024,0.0,0.015625
3600,2,-1,2048,0.0,0.015625
3601,4,-1,4096,0.0,0.0625
3602,1,-1,4096,0.0,0.015625
3603,4,1,2048,0.0,0.03125
3604,8,-1,4096,0.0,0.125
3605,1,-1,4096,0.0,0.015625
3606,2,2,4096,0.0,0.03125
3607,4,-1,4096,0.0,0.0625
3608,4,-2,2048,0.0,0.0234375
3609,4,2,4096,0.0,0.0625
3610,4,-1,1024,0.0,0.015625
3611,4,2,4096,0.0,0.0625
3612,4,2,4096,0.0,0.0625
3613,1,1,2048,0.0,0.0078125
3614,8,-2,1024,0.16544117647058823,0.03125
3615,2,2,2048,0.0,0.015625
3616,1,1,4096,0.0,0.015625
3617,2,-1,1024,0.0,0.0078125
3618,2,2,4096,0.0,0.03125
3619,1,2,4096,0.0,0.015625
3620,8,2,2048,0.9552696078431373,0.0625
3621,1,-2,4096,0.0,0.015625
3622,2,1,4096,0.0,0.03125
3623,2,-1,2048,0.0,0.015625
3624,8,-2,4096,0.0,0.09375
3625,4,-1,4096,0.0,0.0625
3626,8,-2,1024,0.0,0.03125
3627,1,-2,4096,0.0,0.015625
3628,8,1,1024,0.0,0.02734375
3629,8,1,2048,0.0,0.0546875
3630,2,-1,4096,0.0,0.03125
3631,4,-2,4096,0.0,0.0625
3632,1,2,1024,0.0,0.00390625
3633,8,1,2048,0.0,0.0546875
3634,8,1,1024,0.0,0.03125
3635,2,-2,1024,0.0,0.0078125
3636,4,-2,4096,1.0,0.0625
3637,2,-2,1024,0.0,0.0078125
3638,1,-2,4096,0.0,0.015625
3639,4,2,2048,0.0,0.03125
3640,4,-1,1024,0.0,0.015625
3641,8,1,4096,0.0,0.09375
3642,8,2,1024,0.0,0.03125
3643,2,2,1024,0.0,0.0078125
3644,8,-1,1024,0.0,0.03125
3645,4,-1,4096,1.0,0.046875
3646,4,-1,2048,0.0,0.03125
3647,4,-2,2048,0.0,0.03125
3648,8,2,1024,0.0,0.03125
3649,4,1,4096,0.0,0.0625
3650,1,-1,4096,0.0,0.015625
3651,1,1,1024,0.0,0.00390625
3652,2,1,4096,1.0,0.03125
3653,4,-2,2048,0.0,0.03125
3654,4,1,4096,0.0,0.0625
3655,2,2,1024,0.0,0.0078125
3656,4,1,4096,0.0,0.046875
3657,8,1,1024,0.0,0.03125
3658,2,-2,2048,0.0,0.015625
3659,2,1,1024,0.0,0.0078125
3660,4,2,1024,0.0,0.015625
3661,2,-1,1024,0.0,0.0078125
3662,8,1,4096,0.0,0.125
3663,8,1,1024,0.0,0.03125
3664,4,-2,4096,0.0,0.0625
3665,2,-1,2048,0.0,0.015625
3666,4,2,1024,0.0,0.015625
3667,1,2,2048,0.0,0.0078125
3668,2,-1,2048,0.0,0.015625
3669,1,-1,1024,0.0,0.00390625
3670,1,2,2048,0.0,0.0078125
3671,1,-2,4096,0.0,0.015625
3672,4,-1,4096,0.0,0.0625
3673,1,-2,2048,0.0,0.0078125
3674,4,-2,4096,0.49203431372549017,0.0625
3675,2,1,4096,0.0,0.03125
3676,2,-1,1024,0.0,0.0078125
3677,8,2,2048,0.0,0.0625
3678,4,2,4096,0.0,0.0625
3679,4,2,1024,0.0,0.01171875
3680,4,1,2048,0.0,0.03125
3681,1,1,4096,0.0,0.015625
3682,1,1,1024,0.0,0.00390625
3683,4,2,4096,0.0,0.0625
3684,8,-2,4096,0.0,0.125
3685,1,1,2048,0.0,0.0078125
3686,1,-2,2048,0.0,0.0078125
3687,8,-1,2048,0.0,0.0546875
3688,8,-1,2048,0.0,0.0625
3689,1,1,2048,0.0,0.0078125
3690,2,2,2048,0.0,0.015625
3691,4,-2,2048,0.0,0.03125
3692,1,1,4096,0.0,0.015625
3693,2,-2,4096,0.0,0.03125
3694,2,-2,2048,0.0,0.015625
3695,4,-1,2048,0.0,0.03125
3696,2,1,1024,0.0,0.0078125
3697,2,-2,1024,0.0,0.0078125
3698,2,-1,2048,0.0,0.015625
3699,8,2,1024,0.0,0.03125
3700,1,-1,4096,0.0,0.015625
3701,1,2,1024,0.0,0.00390625
3702,1,2,1024,0.0,0.00390625
3703,8,-1,1024,0.0,0.03125
3704,8,1,1024,0.0,0.03125
3705,4,1,2048,0.0,0.03125
3706,1,-1,4096,0.0,0.015625
3707,8,-1,4096,1.0,0.125
3708,2,-1,1024,0.0,0.0078125
3709,8,-2,1024,0.0,0.03125
3710,2,-2,2048,0.0,0.015625
3711,8,-1,1024,0.0,0.03125
3712,8,2,4096,0.0,0.109375
3713,1,-2,1024,0.0,0.00390625
3714,4,-2,2048,0.0,0.03125
3715,2,-1,2048,0.0,0.015625
3716,2,1,2048,0.0,0.015625
3717,2,-2,2048,0.0,0.015625
3718,4,-2,4096,0.0,0.0625
3719,2,-2,2048,0.0,0.015625
3720,4,-1,2048,0.0,0.03125
3721,4,-2,4096,0.0,0.0625
3722,8,2,4096,0.0,0.109375
3723,8,2,4096,0.9044117647058824,0.109375
3724,1,-1,1024,0.0,0.00390625
3725,8,-2,4096,0.0,0.09375
3726,1,-2,4096,0.0,0.015625
3727,4,-1,4096,0.0,0.046875
3728,2,-1,4096,0.0,0.03125
3729,4,1,2048,0.0,0.03125
3730,4,-1,4096,0.0,0.0625
3731,8,-1,2048,0.0,0.0625
3732,2,-1,4096,0.0,0.03125
3733,8,1,2048,0.0,0.0625
3734,2,1,4096,0.0,0.03125
3735,1,-2,4096,0.0,0.0
3736,2,-1,4096,0.0,0.03125
3737,4,1,1024,0.0,0.015625
3738,4,1,4096,0.0,0.0625
3739,8,1,1024,0.1213235294117647,0.03125
3740,1,1,4096,0.0,0.015625
3741,2,1,1024,0.0,0.0078125
3742,8,-1,1024,0.0,0.02734375
3743,2,1,2048,0.0,0.015625
3744,1,-1,2048,0.0,0.0078125
3745,8,-1,4096,0.0,0.109375
3746,2,-2,2048,0.0,0.015625
3747,8,-1,1024,0.0,0.03125
3748,8,-2,2048,0.0,0.0546875
3749,8,-2,2048,0.0,0.0625
3750,4,-1,2048,0.0,0.03125
3751,8,1,2048,0.0,0.0625
3752,8,2,4096,1.0,0.125
3753,2,-2,4096,0.0,0.015625
3754,1,2,1024,0.0,0.00390625
3755,2,-1,1024,0.0,0.0078125
3756,4,1,1024,0.0,0.015625
3757,4,1,1024,0.0,0.015625
3758,1,2,4096,0.0,0.015625
3759,4,-2,2048,0.0,0.03125
3760,1,2,2048,0.0,0.0078125
3761,4,-2,2048,0.0,0.03125
3762,4,2,4096,0.0,0.0625
3763,4,1,4096,0.0,0.0625
3764,2,-1,2048,0.0,0.015625
3765,2,-1,2048,0.0,0.015625
3766,4,-2,2048,0.0,0.03125
3767,4,2,4096,0.0,0.0625
3768,8,1,4096,0.3860294117647059,0.125
3769,2,2,1024,0.0,0.0078125
3770,2,1,4096,0.0,0.03125
3771,2,2,2048,0.0,0.015625
3772,4,2,4096,0.0,0.0625
3773,1,-1,4096,0.0,0.015625
3774,2,1,4096,0.0,0.03125
3775,1,-1,1024,0.0,0.00390625
3776,4,2,1024,0.0,0.015625
3777,8,1,4096,0.0,0.109375
3778,8,-1,1024,0.0,0.03125
3779,2,1,1024,0.0,0.0078125
3780,1,-1,1024,0.0,0.00390625
3781,1,1,2048,0.0,0.0078125
3782,1,-1,1024,0.0,0.00390625
3783,8,-1,1024,0.0,0.02734375
3784,8,2,2048,0.0,0.0546875
3785,4,-2,2048,0.0,0.03125
3786,1,2,2048,0.0,0.0078125
3787,1,-2,4096,0.0,0.015625
3788,8,-2,4096,0.0,0.109375
3789,2,-2,1024,0.0,0.0078125
3790,1,-2,4096,0.0,0.015625
3791,1,-2,1024,0.6274509803921569,0.00390625
3792,2,2,2048,0.0,0.015625
3793,4,2,2048,0.0,0.03125
3794,8,1,4096,0.0,0.109375
3795,2,-2,1024,0.0,0.0078125
3796,4,2,4096,0.0,0.046875
3797,1,1,2048,0.0,0.0078125
3798,1,1,4096,0.0,0.015625
3799,1,2,4096,0.0,0.015625
3800,8,-1,2048,0.0,0.0625
3801,4,-1,1024,0.0,0.015625
3802,8,2,4096,0.0,0.109375
3803,1,1,2048,0.0,0.0078125
3804,1,1,2048,0.0,0.0078125
3805,8,1,2048,0.0,0.0625
3806,1,2,1024,0.0,0.00390625
3807,1,-1,1024,0.0,0.00390625
3808,4,-2,4096,1.0,0.046875
3809,4,-1,1024,0.0,0.015625
3810,1,1,2048,0.0,0.0078125
3811,2,2,4096,0.0,0.03125
3812,4,-1,1024,0.0,0.015625
3813,2,1,2048,0.0,0.015625
3814,2,2,4096,0.0,0.03125
3815,1,2,4096,0.0,0.015625
3816,2,2,1024,0.0,0.0078125
3817,8,2,2048,0.0,0.0625
3818,4,1,1024,0.0,0.015625
3819,8,-1,2048,0.0,0.0625
3820,1,-1,1024,0.0,0.00390625
3821,1,1,4096,0.0,0.015625
3822,4,-2,1024,0.0,0.015625
3823,1,1,4096,0.0,0.015625
3824,4,1,2048,0.0,0.03125
3825,8,1,4096,0.0,0.125
3826,2,-1,1024,0.0,0.0078125
3827,4,1,1024,0.0,0.015625
3828,4,-2,2048,0.0,0.03125
3829,1,1,4096,0.0,0.015625
3830,8,2,4096,0.0,0.125
3831,1,2,4096,0.0,0.015625
3832,8,2,2048,0.0,0.0625
3833,4,-1,4096,0.53125,0.0625
3834,1,-2,2048,0.0,0.0078125
3835,4,1,4096,0.0,0.0625
3836,1,-2,4096,0.0,0.015625
3837,4,-1,4096,0.0,0.0625
3838,8,1,2048,0.0,0.046875
3839,8,1,2048,0.0,0.0625
3840,8,1,2048,0.0,0.0625
3841,2,2,4096,0.0,0.015625
3842,4,-2,4096,0.0,0.0625
3843,2,2,4096,0.0,0.03125
3844,8,1,4096,0.0,0.09375
3845,2,-1,4096,0.0,0.03125
3846,8,-1,4096,0.0,0.125
3847,2,1,4096,0.0,0.03125
3848,4,1,4096,0.0,0.0625
3849,1,-1,1024,0.0,0.00390625
3850,4,-2,4096,0.0,0.0625
3851,1,-2,2048,0.0,0.0078125
3852,1,-1,4096,0.0,0.015625
3853,2,-1,2048,0.0,0.015625
3854,2,1,2048,0.2775735294117647,0.015625
3855,4,2,4096,0.0,0.0625
3856,2,-2,2048,0.0,0.015625
3857,1,-1,4096,0.0,0.015625
3858,2,-2,1024,0.0,0.0078125
3859,2,2,4096,0.0,0.03125
3860,4,1,2048,0.0,0.03125
3861,4,-2,4096,0.0,0.0625
3862,1,-1,1024,0.0,0.00390625
3863,4,1,2048,0.0,0.0234375
3864,4,2,2048,0.0,0.03125
3865,8,1,1024,0.0,0.03125
3866,4,-1,2048,0.0,0.03125
3867,8,1,2048,0.8100490196078431,0.0625
3868,1,1,4096,0.0,0.015625
3869,4,1,4096,0.0,0.0625
3870,1,-2,2048,0.0,0.0078125
3871,1,1,2048,0.0,0.0078125
3872,8,-2,1024,0.0,0.03125
3873,2,2,4096,0.0,0.03125
3874,4,2,4096,0.0,0.0625
3875,4,1,4096,0.0,0.0625
3876,4,1,2048,0.0,0.03125
3877,1,-2,2048,0.0,0.0078125
3878,1,2,4096,0.0,0.015625
3879,1,-1,4096,0.0,0.015625
3880,8,-1,1024,0.0,0.02734375
3881,1,1,2048,0.0,0.0078125
3882,4,2,2048,0.0,0.03125
3883,2,-1,2048,0.0,0.015625
3884,1,1,2048,0.0,0.0078125
3885,2,1,1024,0.0,0.0078125
3886,1,-1,2048,0.0,0.0078125
3887,1,1,1024,0.0,0.00390625
3888,1,2,1024,0.0,0.00390625
3889,8,-1,1024,0.0,0.03125
3890,4,2,2048,0.0,0.0234375
3891,8,2,2048,0.0,0.0625
3892,2,2,2048,0.0,0.015625
3893,1,1,1024,0.0,0.00390625
3894,4,2,4096,0.0,0.046875
3895,8,1,2048,0.0,0.0625
3896,4,2,2048,0.0,0.03125
3897,1,1,2048,0.0,0.0
3898,2,2,2048,0.0,0.015625
3899,8,2,2048,0.0,0.0625
3900,4,2,4096,0.0,0.0625
3901,8,1,4096,0.0,0.125
3902,4,1,4096,0.0,0.0625
3903,1,2,2048,0.0,0.0078125
3904,8,-1,2048,0.0,0.0625
3905,8,-2,1024,0.0,0.02734375
3906,4,2,2048,0.0,0.03125
3907,8,1,4096,0.0,0.125
3908,1,-1,1024,0.0,0.00390625
3909,8,1,4096,0.0,0.109375
3910,1,-2,4096,0.0,0.015625
3911,8,-1,2048,0.0,0.0625
3912,1,-1,2048,0.0,0.0078125
3913,4,-1,4096,0.0,0.0625
3914,8,2,1024,0.0,0.03125
3915,1,1,1024,0.0,0.0
3916,1,-2,1024,0.0,0.00390625
3917,8,-1,4096,0.0,0.125
3918,1,-2,2048,0.0,0.0078125
3919,4,2,1024,0.0,0.015625
3920,8,-1,1024,0.0,0.03125
3921,4,-1,2048,0.0,0.03125
3922,2,-1,2048,0.0,0.015625
3923,2,-2,1024,0.0,0.0078125
3924,4,2,1024,0.0,0.015625
3925,4,1,4096,0.0,0.0625
3926,4,-1,4096,0.0,0.0625
3927,1,-1,1024,0.0,0.00390625
3928,4,1,2048,0.3167892156862745,0.03125
3929,4,-2,1024,0.0,0.015625
3930,4,2,2048,0.0,0.03125
3931,1,1,1024,0.0,0.00390625
3932,4,-2,4096,0.0,0.0625
3933,4,1,4096,0.0,0.0625
3934,1,2,4096,0.0,0.015625
3935,8,-2,1024,0.0,0.03125
3936,4,1,4096,0.0,0.0625
3937,2,1,2048,0.0,0.015625
3938,4,2,1024,0.0,0.015625
3939,4,1,1024,0.0,0.015625
3940,4,1,4096,0.0,0.0625
3941,2,2,4096,0.0,0.03125
3942,8,2,4096,0.0,0.125
3943,8,-1,1024,0.0,0.02734375
3944,1,1,2048,0.0,0.0078125
3945,4,-2,4096,0.0,0.0625
3946,1,2,1024,0.0,0.00390625
3947,2,2,1024,0.0,0.0078125
3948,8,-1,1024,0.0,0.03125
3949,1,1,1024,0.0,0.00390625
3950,2,2,4096,0.0,0.03125
3951,1,-2,1024,0.0,0.00390625
3952,4,1,1024,0.0,0.015625
3953,2,2,1024,0.0,0.0078125
3954,4,2,4096,0.36519607843137253,0.046875
3955,8,-2,2048,0.0,0.0625
3956,4,2,4096,0.0,0.046875
3957,4,2,1024,0.0,0.015625
3958,1,-2,2048,0.0,0.0078125
3959,1,1,4096,0.0,0.015625
3960,8,1,4096,0.0,0.109375
3961,8,2,2048,0.0,0.0625
3962,4,-2,1024,0.0,0.015625
3963,2,2,1024,0.5606617647058824,0.0078125
3964,1,1,2048,0.49816176470588236,0.0078125
3965,8,-1,2048,0.0,0.0625
3966,8,-1,1024,0.0,0.03125
3967,1,2,1024,0.0,0.00390625
3968,4,2,2048,0.0,0.03125
3969,4,-1,1024,0.0,0.015625
3970,2,2,2048,0.0,0.015625
3971,8,1,1024,0.0,0.03125
3972,1,-2,1024,0.38357843137254904,0.00390625
3973,2,1,1024,0.0,0.0078125
3974,1,2,2048,0.0,0.0078125
3975,4,-2,1024,0.0,0.015625
3976,4,-2,2048,0.0,0.03125
3977,8,-2,4096,0.0,0.109375
3978,4,1,4096,0.0,0.0625
3979,1,-2,4096,0.0,0.015625
3980,2,2,4096,0.0,0.03125
3981,1,-2,4096,0.0,0.015625
3982,4,-2,4096,1.0,0.0625
3983,4,-1,1024,0.0,0.015625
3984,8,2,2048,0.0,0.0625
3985,2,2,4096,0.044730392156862746,0.015625
3986,2,-1,4096,0.0,0.03125
3987,1,1,2048,0.0,0.0078125
3988,2,2,1024,0.0,0.0078125
3989,2,2,1024,0.0,0.0078125
3990,8,-2,2048,0.0,0.0625
3991,8,2,4096,0.22242647058823528,0.125
3992,1,2,2048,0.6825980392156863,0.0078125
3993,2,1,1024,0.0,0.0078125
3994,4,1,4096,0.0,0.046875
3995,2,-1,2048,0.0,0.015625
3996,1,2,2048,0.0,0.0078125
3997,8,2,4096,0.0,0.109375
3998,4,1,2048,0.0,0.03125
3999,4,1,2048,0.0,0.03125
4000,2,-1,4096,0.0,0.03125
4001,8,1,2048,0.9950980392156863,0.0625
4002,1,-2,2048,0.0,0.0078125
4003,2,2,2048,0.0,0.015625
4004,8,1,4096,0.0,0.125
4005,8,1,1024,0.0,0.03125
4006,2,-2,1024,0.0,0.0078125
4007,4,1,4096,0.0,0.046875
4008,1,-2,2048,0.0,0.0078125
4009,1,2,1024,0.0,0.00390625
4010,2,1,2048,0.0,0.015625
4011,8,-1,1024,0.0,0.02734375
4012,4,2,2048,0.0,0.03125
4013,2,2,1024,0.0,0.0078125
4014,2,-2,2048,0.0,0.015625
4015,1,-2,4096,0.0,0.015625
4016,2,-1,1024,0.0,0.0078125
4017,1,-2,4096,0.0,0.015625
4018,1,1,1024,0.0,0.00390625
4019,4,1,2048,0.0,0.03125
4020,1,1,4096,0.0,0.015625
4021,1,-2,4096,0.0,0.015625
4022,4,2,1024,0.6274509803921569,0.015625
4023,2,2,1024,0.0,0.0078125
4024,2,1,4096,0.0,0.03125
4025,1,-2,4096,0.0,0.015625
4026,1,-1,2048,0.0,0.0078125
4027,2,1,1024,0.0,0.0078125
4028,4,1,2048,0.0,0.03125
4029,2,-2,2048,0.0,0.015625
4030,4,2,2048,0.0,0.03125
4031,4,2,1024,0.0,0.015625
4032,2,1,1024,0.0,0.0078125
4033,2,-1,4096,0.0,0.03125
4034,2,1,1024,0.0,0.0078125
4035,1,-2,4096,0.0,0.015625
4036,4,1,2048,0.0,0.03125
4037,4,-2,2048,0.0,0.03125
4038,2,-2,4096,0.0,0.03125
4039,2,1,1024,0.0,0.0078125
4040,2,1,4096,0.0,0.015625
4041,4,2,1024,0.0,0.015625
4042,8,1,2048,0.0,0.0625
4043,1,2,2048,0.0,0.0078125
4044,2,2,2048,0.0,0.015625
4045,1,-1,1024,0.0,0.00390625
4046,2,2,4096,0.0,0.03125
4047,1,-1,1024,0.0,0.00390625
4048,2,1,2048,0.0,0.015625
4049,2,-2,2048,0.0,0.015625
4050,2,-2,2048,0.0,0.015625
4051,2,1,2048,0.0,0.015625
4052,8,-1,4096,0.0,0.125
4053,8,1,4096,0.0,0.125
4054,1,-2,1024,0.5876225490196079,0.00390625
4055,2,-1,2048,0.0,0.015625
4056,8,1,2048,0.0,0.0625
4057,4,1,2048,0.0,0.0234375
4058,1,2,4096,0.0,0.015625
4059,4,2,2048,0.0,0.03125
4060,1,2,2048,0.0,0.0078125
4061,1,-2,1024,0.0,0.00390625
4062,4,1,2048,0.0,0.03125
4063,4,-2,2048,0.0,0.03125
4064,8,-1,2048,0.0,0.0625
4065,2,-2,4096,0.0,0.03125
4066,8,-1,1024,0.0,0.03125
4067,2,-2,1024,0.0,0.0078125
4068,4,1,2048,0.0,0.03125
4069,1,-2,1024,0.0,0.00390625
4070,1,1,4096,0.0,0.015625
4071,8,1,4096,0.0,0.109375
4072,8,-2,2048,0.0,0.0625
4073,8,-2,2048,0.0,0.0625
4074,2,2,1024,0.0,0.0078125
4075,1,1,2048,0.0,0.0078125
4076,8,-1,4096,0.0,0.125
4077,4,2,4096,0.0,0.0625
4078,1,-2,4096,0.0,0.015625
4079,8,2,2048,0.0,0.0546875
4080,8,-2,2048,0.0,0.0625
4081,2,1,1024,0.0,0.0078125
4082,8,-2,4096,0.0,0.125
4083,8,-2,4096,1.0,0.109375
4084,4,-1,2048,0.0,0.03125
4085,4,-2,4096,0.0,0.046875
4086,2,-1,1024,0.0,0.0078125
4087,8,-2,1024,0.0,0.03125
4088,8,-2,2048,0.42892156862745096,0.0625
4089,8,2,1024,0.0,0.03125
4090,4,2,1024,0.0,0.015625
4091,1,2,4096,0.0,0.015625
4092,2,-2,2048,0.0,0.015625
4093,2,-1,2048,0.0,0.015625
4094,8,-1,4096,0.0,0.09375
4095,4,-1,2048,0.0,0.03125
4096,4,-1,2048,0.0,0.03125
4097,1,1,2048,0.0,0.0078125
4098,8,-1,2048,0.0,0.0625
4099,2,-1,4096,0.0,0.03125
4100,1,2,2048,0.0,0.0078125
4101,8,2,2048,0.0,0.0546875
4102,1,-1,2048,0.0,0.0078125
4103,1,-2,1024,0.0,0.0
4104,1,1,1024,0.0,0.00390625
4105,2,-1,1024,0.0,0.0078125
4106,1,2,1024,0.0,0.00390625
4107,8,-1,2048,0.0,0.0625
4108,4,-2,4096,0.0,0.0625
4109,2,-2,4096,0.0,0.03125
4110,1,-2,4096,0.0,0.015625
4111,2,-1,2048,0.0,0.015625
4112,1,-1,1024,0.0,0.00390625
4113,8,2,2048,0.0,0.046875
4114,2,2,4096,0.0,0.03125
4115,2,-2,4096,0.0,0.03125
4116,1,2,4096,0.0,0.015625
4117,1,1,2048,0.0,0.0078125
4118,1,-1,2048,0.0,0.0078125
4119,1,-1,2048,0.0,0.0078125
4120,4,-1,1024,0.0,0.015625
4121,8,-2,1024,0.0,0.03125
4122,8,2,1024,0.0,0.03125
4123,2,-2,4096,0.0,0.03125
4124,8,-2,1024,0.0,0.03125
4125,4,-1,4096,0.0,0.0625
4126,1,-2,2048,0.0,0.0078125
4127,1,-2,4096,0.0,0.015625
4128,4,-1,1024,0.0,0.015625
4129,2,-1,1024,0.0,0.0078125
4130,1,-2,1024,0.0,0.00390625
4131,8,2,2048,0.0,0.0625
4132,4,2,2048,0.0,0.03125
4133,4,1,1024,0.0,0.015625
4134,8,1,4096,0.0,0.109375
4135,8,2,4096,0.0,0.09375
4136,8,-1,1024,0.0,0.03125
4137,2,-1,1024,0.0,0.0078125
4138,8,-2,4096,0.0,0.109375
4139,4,1,2048,0.0,0.03125
4140,4,-2,4096,0.0,0.0625
4141,8,1,4096,0.0,0.125
4142,1,2,4096,0.0,0.015625
4143,2,-2,1024,0.0,0.0078125
4144,1,1,2048,0.0,0.0078125
4145,2,-1,2048,0.0,0.015625
4146,2,-1,4096,0.0,0.03125
4147,8,1,1024,0.0,0.03125
4148,8,-2,1024,0.0,0.02734375
4149,2,2,2048,0.0,0.015625
4150,2,-1,4096,0.0,0.03125
4151,4,-1,4096,0.0,0.0625
4152,8,2,2048,0.0,0.0625
4153,8,-2,2048,0.0,0.0625
4154,1,-1,1024,0.0,0.00390625
4155,1,2,4096,0.0,0.015625
4156,4,-1,1024,0.0,0.015625
4157,2,-2,1024,0.0,0.0078125
4158,1,-1,2048,0.0,0.0078125
4159,1,2,2048,0.0,0.0
4160,2,2,2048,0.0,0.015625
4161,2,2,4096,0.0,0.03125
4162,4,-1,1024,0.0,0.015625
4163,1,2,4096,0.0,0.015625
4164,4,-1,1024,0.6274509803921569,0.015625
4165,4,2,1024,0.0,0.015625
4166,2,2,1024,0.0,0.0078125
4167,1,-2,4096,0.0,0.015625
4168,4,2,4096,0.0,0.0625
4169,4,1,4096,0.0,0.0625
4170,2,1,1024,0.0,0.0078125
4171,2,2,4096,1.0,0.03125
4172,4,-2,1024,0.0,0.015625
4173,2,1,2048,0.0,0.015625
4174,2,-2,4096,0.0,0.03125
4175,2,-1,1024,0.0,0.0078125
4176,2,-2,1024,0.0,0.0078125
4177,4,-2,1024,0.0,0.015625
4178,2,2,4096,0.0,0.03125
4179,2,-1,2048,0.0,0.015625
4180,4,-1,1024,0.0,0.015625
4181,2,-1,2048,0.0,0.015625
4182,1,1,4096,0.0,0.015625
4183,8,1,1024,0.0,0.03125
4184,1,1,2048,0.0,0.0078125
4185,4,2,1024,0.0,0.015625
4186,2,-1,1024,0.0,0.0078125
4187,1,2,2048,0.0,0.0078125
4188,1,2,2048,0.0,0.0078125
4189,8,1,2048,0.0,0.0546875
4190,2,-2,1024,0.0,0.0078125
4191,2,-1,2048,0.0,0.015625
4192,4,1,2048,0.0,0.03125
4193,1,-1,2048,0.0,0.0078125
4194,4,-1,2048,0.3125,0.03125
4195,2,-1,1024,0.0,0.0078125
4196,4,-2,1024,0.0,0.01171875
4197,1,-2,4096,0.0,0.015625
4198,8,2,2048,0.0,0.0625
4199,1,-2,2048,0.0,0.0078125
4200,4,2,4096,0.0,0.0625
4201,4,-1,1024,0.0,0.015625
4202,2,2,4096,0.0,0.03125
4203,1,-1,2048,0.0,0.0078125
4204,2,2,4096,0.0,0.03125
4205,8,1,2048,0.0,0.0625
4206,8,2,2048,0.10294117647058823,0.0625
4207,8,-2,2048,0.0,0.0625
4208,1,2,1024,0.0,0.00390625
4209,4,-1,2048,0.0,0.03125
4210,1,-1,4096,0.0,0.015625
4211,4,-2,2048,0.0,0.03125
4212,2,2,1024,0.0,0.0078125
4213,4,1,4096,0.0,0.03125
4214,4,2,1024,0.0,0.015625
4215,8,1,1024,0.0,0.03125
4216,2,-2,1024,0.0,0.0078125
4217,2,-1,1024,0.0,0.0078125
4218,4,-1,1024,0.0,0.015625
4219,1,-2,1024,0.0,0.00390625
4220,1,2,4096,0.0,0.015625
4221,4,2,2048,0.0,0.0234375
4222,8,1,1024,0.0,0.03125
4223,4,1,2048,0.0,0.03125
4224,8,1,4096,0.0,0.109375
4225,1,1,4096,0.0,0.015625
4226,2,-2,1024,0.0,0.0078125
4227,4,1,1024,0.0,0.015625
4228,2,2,4096,0.0,0.03125
4229,1,2,2048,0.0,0.0078125
4230,1,1,4096,0.0,0.015625
4231,8,2,1024,0.0,0.03125
4232,4,1,1024,0.0,0.015625
4233,2,-1,2048,0.0,0.015625
4234,2,-1,1024,0.0,0.0078125
4235,1,1,4096,0.0,0.015625
4236,8,2,4096,0.0,0.109375
4237,1,-2,1024,0.0,0.00390625
4238,8,-1,2048,0.0,0.0546875
4239,1,1,2048,0.0,0.0078125
4240,2,2,2048,0.0,0.015625
4241,2,-1,2048,0.0,0.015625
4242,8,1,2048,0.0,0.0625
4243,1,-2,4096,0.0,0.015625
4244,2,-1,1024,0.0,0.0078125
4245,2,2,1024,0.0,0.0078125
4246,2,1,4096,0.0,0.03125
4247,1,2,4096,0.0,0.015625
4248,8,-2,2048,0.0,0.0625
4249,2,-1,4096,0.0,0.03125
4250,2,2,1024,0.0,0.0078125
4251,2,2,4096,0.0,0.03125
4252,8,2,4096,0.0,0.109375
4253,2,-1,1024,0.0,0.0078125
4254,2,2,1024,0.6274509803921569,0.0078125
4255,2,-1,2048,0.0,0.015625
4256,2,2,4096,0.0,0.03125
4257,1,2,1024,0.0,0.00390625
4258,4,-1,2048,0.0,0.03125
4259,1,-1,4096,0.0,0.015625
4260,1,2,1024,0.0,0.00390625
4261,1,-1,2048,0.0,0.0078125
4262,2,-1,1024,0.0,0.0078125
4263,8,1,1024,0.6237745098039216,0.03125
4264,4,2,2048,0.0,0.03125
4265,8,-2,1024,0.0,0.03125
4266,2,2,1024,0.0,0.0078125
4267,8,-1,4096,0.0,0.125
4268,1,-2,1024,0.0,0.00390625
4269,4,-1,4096,1.0,0.0625
4270,8,-1,1024,0.0,0.03125
4271,4,1,2048,0.0,0.03125
4272,8,1,4096,0.0,0.125
4273,2,-2,2048,0.0,0.015625
4274,1,-1,2048,0.0,0.0078125
4275,8,-2,4096,0.0,0.109375
4276,1,-1,1024,0.0,0.00390625
4277,8,1,4096,0.0,0.125
4278,4,2,4096,0.0,0.046875
4279,8,-2,4096,0.0,0.125
4280,2,1,2048,0.0,0.015625
4281,8,-1,2048,0.0,0.0546875
4282,1,-1,2048,0.0,0.0078125
4283,2,1,2048,0.0,0.015625
4284,1,-2,4096,0.0,0.015625
4285,8,2,4096,0.7175245098039216,0.109375
4286,4,-1,1024,0.0,0.015625
4287,8,-2,1024,0.0,0.02734375
4288,8,2,4096,0.0,0.125
4289,2,2,2048,0.0,0.015625
4290,1,1,2048,0.0,0.0078125
4291,8,1,1024,0.0,0.03125
4292,2,-2,1024,0.0,0.0078125
4293,1,-1,2048,0.0,0.0078125
4294,8,-1,4096,0.0,0.109375
4295,8,2,4096,0.0,0.109375
4296,2,-1,4096,0.38112745098039214,0.03125
4297,8,1,1024,0.0,0.03125
4298,1,-1,1024,0.0,0.00390625
4299,1,1,2048,0.0,0.0078125
4300,2,-2,2048,0.0,0.015625
4301,4,1,1024,0.0,0.015625
4302,1,-2,2048,0.0,0.0078125
4303,1,1,4096,0.0,0.015625
4304,4,-2,1024,0.0,0.015625
4305,8,2,4096,0.2542892156862745,0.125
4306,4,2,2048,0.0,0.03125
4307,8,1,2048,0.0,0.0625
4308,8,2,2048,0.0,0.0625
4309,4,2,4096,0.0,0.046875
4310,4,-2,2048,0.2647058823529412,0.03125
4311,8,1,1024,0.0,0.03125
4312,2,-1,1024,0.0,0.0078125
4313,1,2,4096,0.0,0.0
4314,8,2,1024,0.0,0.03125
4315,2,2,4096,0.0,0.03125
4316,8,-1,2048,0.0,0.0546875
4317,2,-2,1024,0.0,0.0078125
4318,8,-2,1024,0.5594362745098039,0.03125
4319,1,-2,4096,0.0,0.015625
4320,4,2,1024,0.0,0.015625
4321,2,1,1024,0.0,0.0078125
4322,2,-1,1024,0.0,0.0078125
4323,2,-1,2048,0.0,0.015625
4324,8,-2,4096,0.0,0.125
4325,2,1,1024,0.0,0.0078125
4326,8,-1,4096,1.0,0.125
4327,2,2,4096,0.0,0.03125
4328,1,-2,1024,0.0,0.00390625
4329,8,2,1024,0.0,0.03125
4330,1,-2,2048,0.0,0.0078125
4331,2,-1,1024,0.0,0.0078125
4332,8,-1,1024,0.0,0.03125
4333,8,1,2048,0.0,0.0546875
4334,8,1,4096,0.0,0.125
4335,2,-2,4096,0.0,0.03125
4336,8,-1,2048,0.0,0.0546875
4337,2,1,1024,0.0,0.0078125
4338,4,-1,1024,0.0,0.015625
4339,4,-2,2048,0.0,0.03125
4340,1,-2,1024,0.0,0.00390625
4341,2,1,2048,0.0,0.015625
4342,2,-1,4096,0.0,0.03125
4343,2,1,4096,0.0,0.03125
4344,2,-2,1024,0.0,0.0078125
4345,4,1,1024,0.0,0.015625
4346,1,-2,1024,0.0,0.00390625
4347,1,1,2048,0.0,0.0078125
4348,8,2,1024,0.0,0.03125
4349,2,-1,4096,0.0,0.015625
4350,4,-2,4096,0.0,0.0625
4351,4,-2,1024,0.0,0.015625
4352,4,-1,2048,0.0,0.03125
4353,2,-2,2048,0.0,0.015625
4354,2,2,1024,0.0,0.0078125
4355,8,2,4096,0.0,0.125
4356,8,2,4096,0.0,0.125
4357,2,2,1024,0.0,0.0078125
4358,4,1,2048,0.0,0.03125
4359,8,-1,2048,0.0,0.0625
4360,1,-1,1024,0.0,0.00390625
4361,8,-1,1024,0.0,0.03125
4362,2,2,1024,0.0,0.0078125
4363,8,-1,4096,0.0,0.125
4364,4,-1,2048,0.0,0.03125
4365,8,1,4096,0.0,0.109375
4366,1,-1,1024,0.0,0.00390625
4367,1,-1,2048,0.0,0.0078125
4368,8,-2,2048,0.0,0.0625
4369,4,-2,2048,0.0,0.03125
4370,4,-2,4096,0.0,0.03125
4371,1,-1,2048,0.0,0.0078125
4372,1,2,1024,0.0,0.00390625
4373,8,-1,1024,0.0,0.03125
4374,2,1,2048,0.0,0.015625
4375,4,-1,1024,0.0,0.015625
4376,2,-1,1024,0.6274509803921569,0.0078125
4377,2,-2,1024,0.0,0.0078125
4378,1,1,1024,0.0,0.00390625
4379,8,1,1024,0.0,0.03125
4380,8,-1,2048,0.0,0.0625
4381,1,1,2048,0.0,0.0078125
4382,2,-1,1024,0.0,0.0078125
4383,4,-1,1024,0.0,0.015625
4384,2,1,2048,0.0,0.015625
4385,4,1,1024,0.0,0.015625
4386,2,-2,4096,0.0,0.03125
4387,1,-1,2048,0.0,0.0078125
4388,2,-1,2048,0.0,0.015625
4389,4,2,1024,0.0,0.015625
4390,1,-1,1024,0.0,0.00390625
4391,8,2,1024,0.0,0.02734375
4392,1,1,2048,0.0,0.0078125
4393,1,-2,1024,0.0,0.00390625
4394,4,-1,4096,0.0,0.0625
4395,4,2,1024,0.0,0.015625
4396,2,-1,2048,0.0,0.015625
4397,2,1,2048,0.0,0.015625
4398,1,2,2048,0.0,0.0078125
4399,4,1,4096,0.0,0.0625
4400,2,-2,2048,0.0,0.015625
4401,1,-1,4096,0.0,0.015625
4402,2,-1,1024,0.27205882352941174,0.0078125
4403,8,-1,4096,0.0,0.109375
4404,2,2,2048,0.0,0.015625
4405,8,-2,2048,0.0,0.0625
4406,2,1,2048,0.0,0.015625
4407,1,2,4096,0.0,0.015625
4408,2,2,1024,0.0,0.0078125
4409,2,1,2048,0.0,0.015625
4410,1,2,1024,0.0,0.00390625
4411,4,-1,2048,0.0,0.03125
4412,2,1,1024,0.0,0.0078125
4413,4,1,2048,0.0,0.03125
4414,2,-2,1024,0.0,0.0078125
4415,2,-2,1024,0.0,0.0078125
4416,2,2,2048,0.0,0.015625
4417,1,-2,1024,0.0,0.00390625
4418,4,-1,2048,0.0,0.0234375
4419,1,1,1024,0.0,0.00390625
4420,4,1,4096,1.0,0.046875
4421,8,1,4096,0.0,0.125
4422,8,2,2048,0.0,0.0625
4423,2,2,1024,0.0,0.0078125
4424,2,2,1024,0.0,0.0078125
4425,8,1,4096,0.0,0.109375
4426,2,2,4096,0.0,0.03125
4427,2,1,4096,0.0,0.03125
4428,8,1,2048,0.0,0.0625
4429,8,2,2048,0.38480392156862747,0.0546875
4430,8,2,1024,0.0,0.03125
4431,1,-2,1024,0.0,0.00390625
4432,8,2,4096,0.0,0.125
4433,1,1,2048,0.0,0.0078125
4434,4,2,2048,0.0,0.03125
4435,8,1,2048,0.0,0.0625
4436,4,2,1024,0.0,0.015625
4437,8,-1,4096,0.0,0.125
4438,2,-2,4096,1.0,0.03125
4439,2,-2,4096,0.0,0.03125
4440,2,-1,2048,0.0,0.015625
4441,2,-2,4096,0.0,0.03125
4442,4,-1,2048,0.0,0.0234375
4443,2,-2,2048,0.0,0.015625
4444,4,-2,1024,0.0,0.015625
4445,2,1,4096,0.0,0.03125
4446,2,2,1024,0.0,0.0078125
4447,1,-2,4096,0.0,0.015625
4448,4,1,2048,0.0,0.03125
4449,8,1,1024,0.0,0.03125
4450,8,1,2048,0.0,0.0625
4451,2,-2,1024,0.4368872549019608,0.0078125
4452,2,1,2048,0.0,0.015625
4453,4,-2,1024,0.0,0.015625
4454,4,-2,4096,0.0,0.0625
4455,1,-1,2048,0.0,0.0078125
4456,4,2,2048,0.0,0.03125
4457,1,-2,4096,0.0,0.015625
4458,1,2,2048,0.0,0.0078125
4459,4,2,2048,0.0,0.03125
4460,1,2,1024,0.0,0.00390625
4461,2,-1,2048,0.0,0.015625
4462,4,-2,4096,0.0,0.0625
4463,4,-2,4096,0.0,0.0625
4464,2,2,2048,0.0,0.015625
4465,1,-2,1024,0.0,0.00390625
4466,8,1,4096,0.0,0.109375
4467,8,-1,1024,0.0,0.03125
4468,8,2,1024,0.0,0.03125
4469,4,1,4096,0.0,0.0625
4470,2,1,4096,0.0,0.03125
4471,8,2,4096,0.0,0.109375
4472,2,2,2048,0.0,0.015625
4473,1,-1,4096,0.0,0.015625
4474,8,1,4096,0.0,0.09375
4475,2,1,1024,0.0,0.0078125
4476,8,2,4096,0.0,0.078125
4477,2,-1,4096,0.0,0.03125
4478,8,-1,1024,0.0,0.03125
4479,4,2,4096,0.0,0.0625
4480,2,2,2048,0.0,0.015625
4481,2,1,4096,0.0,0.03125
4482,8,-2,2048,0.0,0.0625
4483,1,-1,1024,0.0,0.00390625
4484,2,-1,1024,0.0,0.0078125
4485,2,1,2048,0.0,0.015625
4486,4,1,4096,0.0,0.0625
4487,2,2,4096,0.0,0.03125
4488,4,-2,1024,0.0,0.015625
4489,2,-1,4096,0.0,0.03125
4490,1,1,2048,0.0,0.0078125
4491,1,2,2048,0.0,0.0078125
4492,4,-2,1024,0.0,0.015625
4493,2,2,2048,0.0,0.015625
4494,2,-2,2048,0.0,0.015625
4495,4,-2,4096,0.0,0.0625
4496,2,2,2048,0.0,0.015625
4497,2,2,2048,0.0,0.015625
4498,1,2,2048,0.0,0.0078125
4499,2,1,2048,0.0,0.0078125
4500,4,1,2048,0.0,0.03125
4501,4,1,1024,0.0,0.015625
4502,8,1,4096,0.0,0.125
4503,8,1,1024,0.0,0.03125
4504,1,-1,4096,0.0,0.015625
4505,2,2,4096,0.0,0.03125
4506,2,-1,4096,0.0,0.03125
4507,4,1,1024,0.0,0.015625
4508,2,1,1024,0.0,0.0078125
4509,8,1,1024,0.0,0.03125
4510,2,1,2048,0.0,0.015625
4511,4,-2,4096,0.0,0.0625
4512,1,-1,4096,0.0,0.015625
4513,8,-1,4096,0.0,0.125
4514,8,-1,4096,0.0,0.125
4515,8,2,1024,0.0,0.02734375
4516,2,2,4096,0.0,0.03125
4517,1,1,1024,0.0,0.00390625
4518,4,-1,4096,0.0,0.0625
4519,2,-2,4096,0.0,0.03125
4520,8,2,4096,0.0,0.109375
4521,4,2,2048,0.0,0.03125
4522,4,-1,2048,0.0,0.03125
4523,8,2,2048,0.0,0.0625
4524,8,2,2048,0.0,0.0625
4525,2,1,2048,0.0,0.015625
4526,1,-2,2048,0.0,0.0078125
4527,1,-2,1024,0.0,0.00390625
4528,2,2,2048,0.0,0.015625
4529,4,1,4096,0.0,0.0625
4530,1,-2,4096,0.0,0.015625
4531,1,-2,1024,0.0,0.00390625
4532,4,2,1024,0.0,0.015625
4533,8,-1,2048,0.1323529411764706,0.0625
4534,1,-1,4096,0.0,0.015625
4535,4,1,1024,0.0,0.015625
4536,1,-1,1024,0.0,0.00390625
4537,4,2,1024,0.0,0.015625
4538,8,1,1024,0.2965686274509804,0.03125
4539,8,-1,1024,0.0,0.02734375
4540,4,-1,4096,0.0,0.0625
4541,4,2,4096,0.0,0.0625
4542,8,1,2048,0.0,0.046875
4543,4,2,1024,0.0,0.015625
4544,2,-1,4096,0.0,0.03125
4545,8,-2,1024,0.0,0.03125
4546,4,2,1024,0.0,0.015625
4547,8,-2,1024,0.0,0.02734375
4548,4,2,2048,0.0,0.0234375
4549,8,1,4096,0.0,0.109375
4550,1,-2,2048,0.0,0.0078125
4551,1,2,2048,0.0,0.0078125
4552,1,-2,2048,0.0,0.0078125
4553,4,-1,4096,0.0,0.0625
4554,4,-1,4096,0.0,0.0625
4555,1,1,2048,0.0,0.0078125
4556,1,1,2048,0.0,0.0078125
4557,8,1,2048,0.0,0.0625
4558,8,-1,4096,0.0,0.125
4559,4,1,2048,0.0,0.03125
4560,2,-2,4096,0.0,0.03125
4561,2,1,1024,0.0,0.0078125
4562,1,-2,4096,0.0,0.015625
4563,1,-2,4096,0.0,0.015625
4564,8,1,4096,0.0,0.125
4565,2,-2,4096,0.0,0.03125
4566,4,2,2048,0.0,0.03125
4567,4,-2,1024,0.0,0.015625
4568,2,-2,2048,0.0,0.015625
4569,1,2,2048,0.0,0.0078125
4570,4,-2,1024,0.0,0.015625
4571,1,2,1024,0.0,0.00390625
4572,2,-1,1024,0.0,0.0078125
4573,8,2,2048,0.0,0.046875
4574,4,2,1024,0.0,0.015625
4575,8,-2,4096,0.0,0.109375
4576,1,-1,1024,0.0,0.00390625
4577,1,1,4096,0.0,0.015625
4578,2,2,4096,0.0,0.015625
4579,2,-2,2048,0.0,0.015625
4580,1,-2,2048,0.0,0.0078125
4581,8,-1,4096,0.0,0.109375
4582,1,-2,1024,0.0,0.00390625
4583,4,-1,4096,0.0,0.0625
4584,4,-2,2048,0.0,0.03125
4585,4,2,1024,0.0,0.015625
4586,1,2,4096,0.0,0.015625
4587,2,-2,2048,0.0,0.015625
4588,4,1,1024,0.0,0.015625
4589,2,1,2048,0.0,0.015625
4590,4,1,2048,0.0,0.0234375
4591,1,2,4096,0.0,0.015625
4592,1,1,2048,0.0,0.0078125
4593,4,1,4096,0.0,0.046875
4594,4,-2,4096,0.0,0.046875
4595,1,-2,1024,0.0,0.00390625
4596,8,1,2048,0.8468137254901961,0.0625
4597,1,2,1024,0.0,0.00390625
4598,8,-1,2048,0.0,0.0625
4599,4,1,1024,0.46691176470588236,0.015625
4600,8,-2,2048,0.0,0.0625
4601,8,-1,1024,0.0,0.03125
4602,2,2,2048,0.6979166666666666,0.015625
4603,8,1,2048,0.0,0.0625
4604,1,-2,4096,0.0,0.015625
4605,2,2,4096,0.0,0.03125
4606,1,2,2048,0.0,0.0078125
4607,2,-1,2048,0.0,0.015625
4608,8,-1,4096,0.0,0.125
4609,2,1,4096,0.0,0.03125
4610,1,2,1024,0.0,0.00390625
4611,2,-1,2048,0.0,0.015625
4612,8,-2,4096,0.0,0.125
4613,4,-2,1024,0.0,0.015625
4614,4,2,1024,0.0,0.015625
4615,2,2,4096,0.0,0.03125
4616,2,2,4096,0.0,0.03125
4617,4,-2,2048,0.0,0.03125
4618,4,-2,2048,0.0,0.03125
4619,8,-1,2048,0.0,0.0625
4620,4,-2,2048,0.0,0.03125
4621,8,-1,4096,0.0,0.125
4622,8,1,4096,0.0,0.09375
4623,1,-1,2048,0.0,0.0078125
4624,2,-2,1024,0.0,0.0078125
4625,2,-1,1024,0.0,0.0078125
4626,1,1,1024,0.0,0.00390625
4627,1,1,2048,0.0,0.0078125
4628,8,-1,2048,0.0,0.0625
4629,2,-1,4096,0.0,0.015625
4630,1,1,4096,0.0,0.015625
4631,2,-2,2048,0.0,0.0078125
4632,2,2,1024,0.0,0.0078125
4633,1,2,4096,0.0,0.015625
4634,1,-2,4096,0.0,0.015625
4635,8,2,2048,0.5404411764705882,0.0625
4636,8,-2,1024,0.0,0.03125
4637,2,-1,2048,0.0,0.015625
4638,4,1,2048,0.0,0.03125
4639,8,-1,4096,0.0,0.125
4640,8,-2,2048,0.0,0.046875
4641,1,-2,2048,0.0,0.0078125
4642,8,1,2048,0.0,0.0625
4643,1,-2,2048,0.0,0.0078125
4644,1,-1,1024,0.0,0.00390625
4645,2,-1,1024,0.0,0.0078125
4646,4,2,4096,0.0,0.0625
4647,1,2,2048,0.0,0.0078125
4648,2,2,4096,0.0,0.03125
4649,2,1,2048,0.0,0.015625
4650,2,1,4096,0.0,0.03125
4651,8,-1,1024,0.0,0.03125
4652,2,-2,1024,0.0,0.0078125
4653,1,2,2048,0.0,0.0078125
4654,1,-1,4096,0.0,0.015625
4655,1,-1,1024,0.0,0.00390625
4656,1,-2,2048,0.0,0.0078125
4657,4,-1,1024,0.0,0.015625
4658,2,1,4096,0.0,0.03125
4659,2,-1,2048,0.0,0.015625
4660,8,1,2048,0.0,0.0625
4661,4,-2,1024,0.0,0.015625
4662,1,-2,1024,0.0,0.00390625
4663,2,2,2048,0.0,0.015625
4664,2,-1,2048,0.0,0.015625
4665,8,-1,4096,0.0,0.109375
4666,2,-1,1024,0.0,0.0078125
4667,1,1,1024,0.0,0.00390625
4668,4,1,1024,0.0,0.015625
4669,2,-1,1024,0.0,0.0078125
4670,1,2,1024,0.0,0.00390625
4671,4,2,2048,0.0,0.03125
4672,1,-2,1024,0.0,0.00390625
4673,8,1,1024,0.0,0.02734375
4674,8,2,4096,0.0,0.125
4675,2,-1,2048,0.0,0.015625
4676,4,-2,4096,0.0,0.0625
4677,4,-2,4096,0.9381127450980392,0.0625
4678,4,1,1024,0.0,0.015625
4679,1,2,2048,0.0,0.0078125
4680,2,-2,4096,0.0,0.03125
4681,1,1,2048,0.0,0.0078125
4682,4,-1,4096,0.0,0.0625
4683,1,-1,4096,0.0,0.015625
4684,4,1,2048,0.0,0.03125
4685,4,2,1024,0.0,0.015625
4686,8,-2,2048,0.0,0.0625
4687,2,-2,4096,0.0,0.03125
4688,1,-1,2048,0.0,0.0078125
4689,4,-1,4096,0.0,0.0625
4690,1,1,2048,0.0,0.0078125
4691,1,1,2048,0.0,0.0078125
4692,8,-2,4096,0.0,0.09375
4693,8,-1,1024,0.6274509803921569,0.03125
4694,4,1,2048,0.0,0.03125
4695,8,-1,1024,0.0,0.03125
4696,1,1,2048,0.0,0.0078125
4697,1,-1,4096,0.0,0.015625
4698,2,-1,4096,0.0,0.03125
4699,1,-2,1024,0.0,0.00390625
4700,8,-2,4096,0.0,0.109375
4701,1,-2,4096,0.0,0.015625
4702,4,1,4096,0.0,0.0625
4703,8,-2,2048,0.0,0.0546875
4704,4,1,1024,0.0,0.015625
4705,1,2,2048,0.0,0.0078125
4706,2,1,4096,0.0,0.03125
4707,4,1,2048,0.0,0.03125
4708,8,-2,2048,0.0,0.0546875
4709,2,-1,1024,0.0,0.0078125
4710,2,2,2048,0.0,0.015625
4711,8,-1,2048,0.0,0.0546875
4712,8,2,2048,0.0,0.0625
4713,2,1,4096,0.0,0.03125
4714,1,-1,1024,0.0,0.00390625
4715,4,-2,1024,0.0,0.015625
4716,8,-2,4096,0.0,0.125
4717,8,-1,4096,0.5153186274509803,0.125
4718,2,-1,1024,0.0,0.0078125
4719,1,1,4096,0.0,0.015625
4720,4,1,1024,0.0,0.015625
4721,8,-1,1024,0.0,0.03125
4722,8,1,1024,0.0,0.03125
4723,1,2,2048,0.0,0.0078125
4724,2,1,1024,0.0,0.0078125
4725,2,2,1024,0.0,0.0078125
4726,1,-1,4096,0.0,0.015625
4727,8,2,2048,0.7879901960784313,0.0625
4728,1,-1,2048,0.0,0.0078125
4729,4,-2,4096,0.0,0.0625
4730,8,-2,1024,0.0,0.02734375
4731,4,-2,4096,0.0,0.0625
4732,8,2,2048,0.0,0.0625
4733,2,-2,4096,0.0,0.03125
4734,8,2,4096,0.0,0.109375
4735,2,2,1024,0.0,0.0078125
4736,1,-1,1024,0.0,0.00390625
4737,2,2,2048,0.0,0.015625
4738,2,2,2048,0.0,0.015625
4739,4,2,1024,0.0,0.015625
4740,2,-1,1024,0.0,0.0078125
4741,2,-1,4096,0.0,0.03125
4742,2,-2,4096,0.0,0.015625
4743,2,2,1024,0.0,0.0078125
4744,4,2,4096,0.0,0.046875
4745,2,1,1024,0.0,0.0078125
4746,8,-2,2048,0.0,0.0625
4747,2,2,1024,0.0,0.0078125
4748,8,-1,2048,0.0,0.0625
4749,2,1,1024,0.0,0.0078125
4750,1,1,1024,0.0,0.00390625
4751,1,-2,1024,0.0,0.00390625
4752,8,-2,1024,0.0,0.03125
4753,8,-2,1024,0.0,0.02734375
4754,1,2,2048,0.0,0.0078125
4755,4,2,4096,0.0,0.0625
4756,4,-1,1024,0.0,0.015625
4757,1,-1,4096,0.0,0.015625
4758,2,-1,2048,0.0,0.0078125
4759,4,-1,1024,0.1488970588235294,0.015625
4760,8,1,1024,0.0,0.03125
4761,8,-1,4096,0.0,0.125
4762,1,1,1024,0.0,0.00390625
4763,1,-1,2048,0.0,0.0078125
4764,2,1,1024,0.0,0.0078125
4765,1,2,4096,0.0,0.015625
4766,4,-2,4096,0.0,0.0625
4767,1,-2,1024,0.0,0.00390625
4768,1,1,1024,0.0,0.00390625
4769,1,-2,2048,0.0,0.0078125
4770,2,-2,2048,0.0,0.015625
4771,8,2,2048,0.0,0.0546875
4772,1,-1,2048,0.0,0.0078125
4773,8,1,1024,0.0,0.02734375
4774,2,2,1024,0.0,0.0078125
4775,1,-2,2048,0.0,0.0078125
4776,2,-1,4096,0.0,0.03125
4777,4,-2,4096,0.0,0.046875
4778,1,-1,2048,0.0,0.0078125
4779,1,-2,4096,0.0,0.015625
4780,8,2,2048,0.0,0.0625
4781,4,-1,2048,0.0,0.03125
4782,2,-2,2048,0.0,0.015625
4783,8,-2,2048,0.0,0.046875
4784,8,-2,1024,0.0,0.03125
4785,2,-2,4096,0.0,0.03125
4786,4,-2,1024,0.0,0.015625
4787,1,1,1024,0.0,0.00390625
4788,2,2,2048,0.0,0.015625
4789,4,2,1024,0.0,0.015625
4790,1,2,1024,0.0,0.00390625
4791,8,2,2048,0.0,0.0625
4792,8,-1,1024,0.0,0.03125
4793,2,-1,1024,0.0,0.0078125
4794,2,1,2048,0.0,0.015625
4795,1,-1,2048,0.0,0.0078125
4796,4,1,4096,0.0,0.0625
4797,1,2,1024,0.0,0.00390625
4798,2,-2,4096,0.0,0.03125
4799,4,2,2048,0.0,0.0234375
4800,4,2,2048,0.0,0.03125
4801,4,1,4096,0.0,0.046875
4802,1,-1,1024,0.0,0.00390625
4803,8,-1,4096,0.0,0.125
4804,4,-2,1024,0.0,0.015625
4805,8,-1,2048,0.0,0.0546875
4806,2,1,1024,0.0,0.0078125
4807,8,1,2048,0.0,0.0625
4808,2,-2,4096,0.0,0.03125
4809,8,1,4096,0.0,0.109375
4810,1,2,4096,0.0,0.015625
4811,1,-2,4096,0.0,0.015625
4812,4,-2,2048,0.0,0.03125
4813,4,2,2048,0.0,0.03125
4814,4,1,4096,0.0,0.0625
4815,2,1,1024,0.0,0.0078125
4816,8,2,4096,0.0,0.109375
4817,2,1,2048,0.3229166666666667,0.015625
4818,4,1,2048,0.0,0.03125
4819,8,-2,2048,0.0,0.0625
4820,4,2,4096,0.0,0.0625
4821,4,2,4096,0.0,0.046875
4822,8,-1,1024,0.0,0.03125
4823,8,1,4096,0.0,0.109375
4824,2,1,4096,0.0,0.03125
4825,2,-2,4096,0.0,0.03125
4826,1,-2,4096,0.0,0.015625
4827,4,1,4096,0.0,0.0625
4828,8,1,1024,0.0,0.03125
4829,2,1,2048,0.0,0.015625
4830,2,-1,4096,0.0,0.03125
4831,1,2,4096,0.0,0.015625
4832,2,-1,2048,0.0,0.015625
4833,1,-2,4096,0.0,0.015625
4834,8,-2,4096,0.664828431372549,0.125
4835,4,2,1024,0.0,0.01171875
4836,1,1,4096,0.0,0.015625
4837,1,-1,2048,0.0821078431372549,0.0078125
4838,8,-2,2048,0.0,0.0546875
4839,8,-2,1024,0.0,0.02734375
4840,8,-2,4096,0.0,0.109375
4841,1,-2,1024,0.0,0.00390625
4842,1,1,2048,0.0,0.0078125
4843,1,-2,1024,0.0,0.00390625
4844,8,-2,4096,0.0,0.109375
4845,8,-1,2048,0.0,0.0625
4846,8,1,1024,0.0,0.03125
4847,1,-1,1024,0.0,0.00390625
4848,1,-2,4096,0.0,0.015625
4849,8,1,1024,0.0,0.03125
4850,8,-1,4096,0.0,0.109375
4851,4,-2,1024,0.0,0.015625
4852,1,1,4096,0.0,0.015625
4853,1,2,2048,0.0,0.0078125
4854,1,1,1024,0.0,0.00390625
4855,4,-2,4096,0.0,0.0625
4856,8,-1,1024,0.0,0.03125
4857,4,1,4096,0.0,0.0625
4858,2,2,2048,0.0,0.015625
4859,8,2,2048,0.0,0.0546875
4860,1,2,1024,0.0,0.00390625
4861,8,2,1024,0.0,0.03125
4862,8,1,1024,0.0,0.03125
4863,4,1,4096,0.0,0.046875
4864,8,1,1024,0.0,0.03125
4865,4,1,1024,0.0,0.015625
4866,2,1,1024,0.0,0.0078125
4867,2,-2,4096,0.0,0.03125
4868,8,2,4096,0.0,0.125
4869,4,-2,4096,0.0,0.046875
4870,1,-1,1024,0.0,0.00390625
4871,8,-1,2048,0.0,0.0625
4872,1,2,4096,0.0,0.015625
4873,4,-2,1024,0.0,0.015625
4874,1,-1,4096,0.0,0.015625
4875,4,-1,1024,0.0,0.015625
4876,2,-2,4096,0.0,0.03125
4877,2,-2,2048,0.0,0.015625
4878,4,-1,4096,0.0,0.0625
4879,8,2,2048,0.0,0.0625
4880,2,-1,4096,0.0,0.03125
4881,8,2,4096,0.0,0.109375
4882,2,1,1024,0.0,0.0078125
4883,1,2,2048,0.0,0.0078125
4884,1,2,2048,0.0,0.0078125
4885,1,1,2048,0.0,0.0078125
4886,4,1,4096,0.0,0.0625
4887,4,-2,1024,0.0,0.015625
4888,2,1,1024,0.0,0.0078125
4889,2,-2,2048,0.0,0.015625
4890,8,1,4096,0.0,0.109375
4891,4,1,1024,0.0,0.015625
4892,1,2,2048,0.0,0.0078125
4893,1,1,4096,0.0,0.015625
4894,2,-1,2048,0.0,0.015625
4895,2,-1,2048,0.0,0.015625
4896,8,1,2048,0.0,0.0625
4897,4,-1,4096,0.0,0.0625
4898,8,-1,4096,0.11519607843137254,0.109375
4899,4,-1,2048,0.0,0.03125
4900,2,1,2048,0.0,0.015625
4901,4,-2,1024,0.0,0.015625
4902,4,1,2048,0.0,0.03125
4903,4,-1,4096,0.0,0.046875
4904,1,-1,2048,0.0,0.0078125
4905,4,-1,4096,0.0,0.0625
4906,2,-2,2048,0.0,0.015625
4907,8,1,4096,0.0,0.09375
4908,8,1,4096,0.0,0.109375
4909,4,2,2048,0.0,0.03125
4910,8,-1,4096,0.0,0.109375
4911,4,1,4096,0.0,0.0625
4912,1,1,1024,0.0,0.00390625
4913,4,1,1024,0.0,0.015625
4914,8,1,4096,0.0,0.125
4915,1,2,2048,0.0,0.0078125
4916,1,2,1024,0.0,0.00390625
4917,2,-2,4096,0.0,0.03125
4918,8,-1,2048,0.0,0.0546875
4919,4,1,1024,0.0,0.015625
4920,8,1,1024,0.0,0.03125
4921,8,-1,4096,0.0,0.125
4922,4,-2,4096,0.0,0.0625
4923,4,1,2048,1.0,0.03125
4924,2,1,4096,0.5275735294117647,0.03125
4925,1,-2,1024,0.0,0.00390625
4926,2,1,4096,0.0,0.03125
4927,4,2,1024,0.0,0.015625
4928,1,1,2048,0.0,0.0078125
4929,1,2,4096,0.0,0.015625
4930,1,-1,2048,0.0,0.0078125
4931,4,-2,4096,0.0,0.0625
4932,8,1,2048,0.0,0.0625
4933,8,-2,1024,0.0,0.03125
4934,2,-2,1024,0.0,0.0078125
4935,4,-2,1024,0.0,0.01171875
4936,8,2,1024,0.0,0.03125
4937,4,2,1024,0.0,0.015625
4938,2,-1,4096,0.0,0.03125
4939,2,1,1024,0.0,0.0078125
4940,4,-1,1024,0.0,0.015625
4941,2,-2,4096,0.0,0.03125
4942,8,2,2048,0.0,0.0625
4943,8,2,1024,0.0,0.03125
4944,1,-1,4096,0.0,0.0
4945,4,-1,1024,0.0,0.015625
4946,2,2,4096,0.0,0.03125
4947,4,-1,1024,0.0,0.015625
4948,2,-1,2048,0.0,0.015625
4949,2,-1,2048,0.0,0.015625
4950,2,-1,2048,0.0,0.015625
4951,1,1,4096,0.0,0.015625
4952,8,-2,2048,0.0,0.0625
4953,1,-1,2048,0.0,0.0078125
4954,2,-1,1024,0.0,0.0078125
4955,1,-1,2048,0.0,0.0078125
4956,1,-1,4096,0.0,0.015625
4957,2,-1,4096,0.0,0.03125
4958,8,-1,2048,0.0,0.0546875
4959,8,2,2048,0.0,0.0546875
4960,2,1,2048,0.0,0.015625
4961,4,1,4096,0.0,0.0625
4962,8,-1,4096,0.0,0.125
4963,1,2,2048,0.0,0.0078125
4964,8,-2,4096,1.0,0.125
4965,1,1,1024,0.0,0.00390625
4966,1,-2,4096,0.0,0.015625
4967,2,2,4096,0.0,0.03125
4968,1,-1,4096,0.0,0.015625
4969,8,-1,2048,0.0,0.0625
4970,8,-2,4096,0.0,0.125
4971,2,2,2048,0.0,0.015625
4972,8,-1,4096,0.0,0.078125
4973,8,-1,1024,0.0,0.02734375
4974,8,2,2048,0.0,0.0625
4975,8,-2,2048,0.8639705882352942,0.0625
4976,4,-1,4096,0.0,0.0625
4977,1,-2,4096,0.0,0.015625
4978,8,-2,4096,0.0,0.109375
4979,4,-2,1024,0.0,0.015625
4980,8,-2,2048,0.0,0.0625
4981,8,2,1024,0.0,0.03125
4982,1,-1,4096,0.0,0.015625
4983,2,2,1024,0.0,0.0078125
4984,1,-1,2048,0.0,0.0078125
4985,1,2,2048,0.0,0.0078125
4986,8,-2,4096,0.0,0.109375
4987,8,-2,4096,1.0,0.125
4988,8,-2,4096,0.0,0.09375
4989,8,2,2048,0.0,0.0625
4990,4,1,1024,0.0,0.015625
4991,4,1,4096,0.0,0.0625
4992,8,2,1024,0.0,0.03125
4993,4,-1,2048,0.0,0.03125
4994,4,1,2048,0.0,0.03125
4995,1,1,2048,0.0,0.0078125
4996,4,1,4096,1.0,0.0625
4997,8,1,1024,0.0,0.03125
4998,4,-1,2048,0.0,0.03125
4999,2,-2,1024,0.0,0.0078125
5000,1,-2,4096,0.0,0.015625
5001,1,1,4096,0.0,0.015625
5002,4,1,2048,0.0,0.03125
5003,4,1,1024,0.0,0.015625
5004,8,1,1024,0.6133578431372549,0.03125
5005,8,-2,1024,0.0,0.03125
5006,2,-1,2048,0.0,0.015625
5007,8,-1,4096,0.0,0.125
5008,4,2,1024,0.0,0.015625
5009,2,1,2048,0.0,0.015625
5010,8,1,2048,0.0,0.0625
5011,1,1,1024,0.0,0.00390625
5012,4,-1,2048,0.0,0.03125
5013,8,2,4096,1.0,0.09375
5014,4,1,4096,0.0,0.0625
5015,8,2,2048,0.0,0.0546875
5016,1,1,1024,0.0,0.00390625
5017,4,1,4096,0.0,0.0625
5018,8,-2,1024,0.0,0.03125
5019,4,1,4096,0.0,0.046875
5020,8,-2,4096,0.0,0.109375
5021,2,1,1024,0.0,0.0078125
5022,4,1,4096,0.0,0.0625
5023,2,1,1024,0.0,0.0078125
5024,8,-1,2048,0.8762254901960784,0.0625
5025,1,-2,1024,0.0,0.00390625
5026,2,1,1024,0.0,0.0078125
5027,1,1,4096,0.0,0.015625
5028,4,-1,2048,0.0,0.03125
5029,1,1,2048,0.0,0.0078125
5030,2,2,2048,0.0,0.015625
5031,8,1,4096,0.0,0.125
5032,2,-2,4096,0.0,0.03125
5033,1,2,2048,0.0,0.0078125
5034,1,-1,1024,0.0,0.00390625
5035,1,1,1024,0.0,0.00390625
5036,8,2,2048,0.0,0.0625
5037,4,-1,1024,0.0,0.015625
5038,8,1,1024,0.0,0.03125
5039,1,-2,1024,0.0,0.00390625
5040,2,2,4096,0.0,0.03125
5041,1,-2,2048,0.0,0.0078125
5042,2,1,4096,0.0,0.03125
5043,4,-1,2048,0.0,0.03125
5044,8,-2,2048,0.0,0.0625
5045,2,-1,4096,0.0,0.03125
5046,8,2,4096,0.0,0.125
5047,4,-2,1024,0.0,0.015625
5048,2,-1,1024,0.0,0.0078125
5049,8,-2,2048,0.0,0.0546875
5050,2,-2,1024,0.0,0.0078125
5051,1,-2,1024,0.0,0.00390625
5052,8,1,1024,0.0,0.03125
5053,8,2,4096,0.0,0.125
5054,1,1,2048,0.0,0.0078125
5055,8,2,1024,0.0,0.0234375
5056,8,1,4096,0.0,0.109375
5057,8,-1,2048,0.0,0.0546875
5058,2,2,4096,0.0,0.03125
5059,4,-2,1024,0.0,0.015625
5060,4,1,4096,0.0,0.0625
5061,4,-2,1024,0.0,0.015625
5062,4,2,2048,0.0,0.03125
5063,4,-2,2048,0.0,0.03125
5064,4,-2,1024,0.0,0.015625
5065,4,-1,2048,0.0,0.03125
5066,4,1,1024,0.0,0.015625
5067,1,-2,2048,0.0,0.0078125
5068,1,-1,4096,0.0,0.015625
5069,8,-1,1024,0.0,0.03125
5070,8,1,2048,0.0,0.0625
5071,4,2,4096,0.0,0.046875
5072,1,1,1024,0.0,0.00390625
5073,8,1,1024,0.0,0.03125
5074,1,-1,1024,0.0,0.00390625
5075,2,2,2048,0.0,0.015625
5076,2,-2,1024,0.0,0.0078125
5077,1,-2,4096,0.0,0.015625
5078,8,-2,1024,0.0,0.03125
5079,4,-1,2048,0.0,0.03125
5080,2,-1,1024,0.0,0.00390625
5081,4,2,1024,0.0,0.015625
5082,1,1,1024,0.0,0.00390625
5083,2,-1,2048,0.9993872549019608,0.015625
5084,4,-2,1024,0.0,0.01171875
5085,2,1,1024,0.0,0.0078125
5086,8,-1,2048,0.0,0.0625
5087,1,2,2048,0.0,0.0078125
5088,1,-1,1024,0.0,0.00390625
5089,4,1,2048,0.0,0.03125
5090,8,2,2048,0.0,0.0625
5091,2,-1,4096,0.0,0.03125
5092,1,-1,2048,0.0,0.0078125
5093,8,1,4096,0.0,0.09375
5094,2,-1,1024,0.0,0.0078125
5095,1,-2,1024,0.0,0.00390625
5096,4,-1,2048,0.0,0.03125
5097,2,-2,1024,0.0,0.0078125
5098,8,1,4096,0.0,0.125
5099,2,-2,2048,0.0,0.015625
5100,4,-1,2048,0.0,0.03125
5101,4,2,2048,0.0,0.03125
5102,1,1,1024,0.0,0.00390625
5103,2,1,2048,0.0,0.015625
5104,1,1,4096,0.0,0.015625
5105,4,-1,2048,0.0,0.03125
5106,8,1,2048,0.6832107843137255,0.0625
5107,8,-2,2048,0.0,0.0625
5108,2,1,2048,0.0,0.015625
5109,2,1,4096,0.0,0.03125
5110,4,2,4096,0.0,0.046875
5111,4,2,2048,0.0,0.03125
5112,8,-2,4096,0.0,0.109375
5113,1,-1,1024,0.0,0.00390625
5114,1,1,1024,0.0,0.00390625
5115,2,-1,1024,0.0,0.0078125
5116,2,1,4096,0.0,0.03125
5117,2,2,2048,0.0,0.015625
5118,8,-1,2048,0.0,0.0625
5119,1,2,1024,0.0,0.00390625
5120,8,2,2048,0.0,0.0625
5121,4,2,1024,0.0,0.015625
5122,4,-2,2048,0.0,0.03125
5123,4,-1,2048,0.0,0.03125
5124,1,-2,4096,0.0,0.015625
5125,4,-2,4096,0.0,0.0625
5126,1,-2,1024,0.0,0.00390625
5127,4,-1,4096,0.0,0.0625
5128,4,-2,2048,0.0,0.0234375
5129,4,-1,2048,0.0,0.0234375
5130,2,2,2048,0.0,0.015625
5131,2,2,1024,0.0,0.0078125
5132,2,2,1024,0.0,0.0078125
5133,1,-2,2048,0.0,0.0078125
5134,4,1,4096,0.0,0.0625
5135,1,1,2048,0.0,0.0078125
5136,2,-2,2048,0.0,0.015625
5137,4,2,4096,0.0,0.0625
5138,1,-1,4096,0.0,0.015625
5139,8,2,2048,0.0,0.0546875
5140,2,-2,1024,0.0,0.0078125
5141,1,1,4096,0.0,0.015625
5142,4,-2,4096,0.0,0.0625
5143,4,2,4096,0.0,0.03125
5144,4,1,4096,0.0,0.0625
5145,8,-2,2048,0.0,0.0625
5146,2,-2,1024,0.0,0.0078125
5147,8,-1,1024,0.0,0.03125
5148,2,-2,4096,0.0,0.03125
5149,4,-2,2048,0.0,0.0234375
5150,1,2,2048,0.0,0.0078125
5151,4,2,2048,0.0,0.03125
5152,2,1,4096,0.0,0.03125
5153,4,2,2048,0.0,0.03125
5154,8,1,1024,0.16789215686274508,0.02734375
5155,8,-2,4096,0.0,0.09375
5156,8,1,2048,0.0,0.0625
5157,1,-2,1024,0.0,0.00390625
5158,1,2,1024,0.0,0.00390625
5159,8,-1,2048,0.0,0.0625
5160,2,-2,4096,0.0,0.03125
5161,1,-1,1024,0.0,0.00390625
5162,2,1,1024,0.0,0.0078125
5163,8,2,1024,0.0,0.03125
5164,2,1,1024,0.0,0.0078125
5165,1,-2,2048,0.0,0.0078125
5166,4,2,1024,0.0,0.015625
5167,1,2,4096,0.0,0.015625
5168,2,-1,2048,0.0,0.015625
5169,1,1,2048,0.0,0.0078125
5170,4,2,1024,0.0,0.015625
5171,2,-1,1024,0.0,0.0078125
5172,8,-2,2048,0.0,0.0625
5173,2,-2,1024,0.0,0.0078125
5174,1,1,2048,0.0,0.0078125
5175,1,2,2048,0.0,0.0078125
5176,1,1,2048,0.0,0.0078125
5177,2,1,2048,0.0,0.015625
5178,1,-1,4096,0.0,0.015625
5179,2,-1,4096,0.0,0.03125
5180,8,-2,1024,0.0,0.03125
5181,8,-1,2048,0.0,0.0625
5182,4,1,4096,0.0,0.0625
5183,8,2,4096,0.7052696078431373,0.109375
5184,8,2,1024,0.0,0.03125
5185,4,2,4096,0.0,0.0625
5186,8,-2,4096,0.0,0.109375
5187,1,2,2048,0.0,0.0078125
5188,8,-2,4096,0.0,0.109375
5189,2,1,2048,0.0,0.015625
5190,4,2,4096,0.0,0.0625
5191,8,2,4096,0.0,0.078125
5192,2,1,4096,0.0,0.03125
5193,1,-1,4096,0.0,0.015625
5194,2,1,4096,0.0,0.03125
5195,2,1,2048,0.0,0.015625
5196,8,1,2048,0.47058823529411764,0.0625
5197,8,-1,2048,0.0,0.0625
5198,4,-1,4096,0.0,0.0625
5199,8,1,2048,0.0,0.0625
5200,2,-2,1024,0.0,0.0078125
5201,2,2,4096,0.0,0.03125
5202,8,-2,4096,0.0,0.109375
5203,4,2,4096,0.6776960784313726,0.0625
5204,4,-2,1024,0.0,0.015625
5205,2,1,4096,0.0,0.03125
5206,4,-1,4096,0.6446078431372549,0.0625
5207,8,1,1024,0.0,0.03125
5208,2,-1,1024,0.0,0.0078125
5209,1,2,1024,0.0,0.00390625
5210,1,-2,4096,0.0,0.015625
5211,1,2,4096,0.0,0.015625
5212,2,1,2048,0.0,0.015625
5213,4,2,2048,0.0,0.03125
5214,8,-2,2048,0.0,0.0625
5215,1,-2,4096,0.0,0.015625
5216,8,-1,1024,0.0,0.02734375
5217,4,-1,1024,0.0,0.015625
5218,1,2,1024,0.0,0.00390625
5219,2,2,4096,0.0,0.03125
5220,2,-1,2048,0.0,0.015625
5221,8,2,4096,0.0,0.109375
5222,8,-2,4096,0.0,0.125
5223,8,1,1024,0.0,0.02734375
5224,4,-2,4096,0.0,0.0625
5225,2,1,1024,0.0,0.0078125
5226,2,-1,4096,0.0,0.03125
5227,8,-1,4096,0.0,0.109375
5228,1,-1,4096,0.0,0.015625
5229,2,-1,1024,0.0,0.0078125
5230,1,2,4096,0.0,0.015625
5231,2,2,4096,0.0,0.03125
5232,2,-1,1024,0.0,0.0078125
5233,1,-1,2048,0.0,0.0078125
5234,2,1,4096,0.0,0.03125
5235,8,1,2048,0.0,0.0625
5236,4,-2,2048,0.0,0.03125
5237,8,1,1024,0.0,0.03125
5238,8,2,2048,0.0,0.0625
5239,8,2,4096,0.0,0.125
5240,2,1,2048,0.0,0.015625
5241,8,-1,4096,0.0,0.125
5242,8,-1,4096,0.0,0.125
5243,8,1,4096,1.0,0.125
5244,2,-1,2048,0.0,0.015625
5245,1,-2,4096,0.0,0.015625
5246,4,1,1024,0.0,0.015625
5247,8,-2,2048,0.0,0.0625
5248,8,2,1024,0.0,0.03125
5249,4,-1,4096,0.0,0.0625
5250,1,-1,4096,0.0,0.015625
5251,2,-2,2048,0.0,0.015625
5252,4,-2,2048,0.0,0.03125
5253,4,2,2048,0.0,0.03125
5254,2,1,4096,0.0,0.03125
5255,2,2,1024,0.0,0.0078125
5256,1,2,4096,0.0,0.015625
5257,2,-2,1024,0.0,0.0078125
5258,4,-1,1024,0.0,0.015625
5259,1,2,4096,0.0,0.015625
5260,8,-1,4096,0.0,0.125
5261,1,1,2048,0.0,0.0078125
5262,4,1,2048,0.0,0.03125
5263,2,1,4096,0.0,0.03125
5264,8,2,4096,0.0,0.109375
5265,8,2,4096,0.0,0.109375
5266,4,1,4096,0.0,0.0625
5267,4,1,2048,0.0,0.03125
5268,4,-1,1024,0.0,0.015625
5269,4,-2,1024,0.0,0.015625
5270,1,1,2048,0.0,0.0078125
5271,2,-2,2048,0.0,0.015625
5272,1,1,4096,0.0,0.015625
5273,2,-1,1024,0.0,0.0078125
5274,4,2,4096,0.0,0.0625
5275,1,2,4096,0.0,0.015625
5276,1,1,4096,0.0,0.015625
5277,8,1,2048,0.0,0.0546875
5278,2,-1,1024,0.0,0.0078125
5279,1,-1,2048,0.0,0.0078125
5280,4,-2,2048,0.0,0.03125
5281,4,-2,2048,0.0,0.03125
5282,8,1,2048,0.0,0.0625
5283,8,2,2048,0.0,0.0625
5284,8,-2,2048,0.0,0.0625
5285,4,-1,1024,0.0,0.015625
5286,2,1,2048,0.0,0.015625
5287,8,1,1024,0.0,0.03125
5288,2,1,2048,0.0,0.015625
5289,2,1,2048,0.0,0.015625
5290,8,-2,4096,0.0,0.125
5291,8,-1,4096,0.0,0.125
5292,2,-1,2048,0.0,0.015625
5293,4,-2,1024,0.0,0.015625
5294,8,-1,4096,0.0,0.125
5295,8,-1,1024,0.0,0.03125
5296,1,2,1024,0.0,0.00390625
5297,4,-1,1024,0.0,0.015625
5298,1,2,4096,0.0,0.015625
5299,8,1,2048,0.0,0.0625
5300,1,1,1024,0.0,0.00390625
5301,8,2,1024,0.0,0.03125
5302,1,2,2048,0.0,0.0078125
5303,2,-2,4096,0.0,0.03125
5304,1,-1,2048,0.0,0.0078125
5305,8,1,1024,0.0,0.03125
5306,2,2,2048,0.0,0.0078125
5307,4,-2,2048,0.0,0.03125
5308,1,-1,1024,0.0,0.00390625
5309,2,-2,1024,0.0,0.0078125
5310,8,-2,1024,0.0,0.03125
5311,8,2,2048,0.0,0.0625
5312,1,-2,1024,0.0,0.00390625
5313,2,2,1024,0.0,0.0078125
5314,2,2,1024,0.0,0.0078125
5315,4,2,4096,0.0,0.0625
5316,4,-2,2048,0.0,0.03125
5317,1,-2,4096,0.0,0.015625
5318,8,-1,2048,0.0,0.0625
5319,1,1,1024,0.0,0.00390625
5320,2,2,1024,0.0,0.0078125
5321,8,-1,4096,0.0,0.125
5322,4,-2,2048,0.0,0.03125
5323,2,2,1024,0.0,0.0078125
5324,8,2,2048,0.0,0.0625
5325,2,1,2048,0.0,0.015625
5326,4,1,1024,0.0,0.015625
5327,1,2,4096,0.0,0.015625
5328,1,-1,1024,0.0,0.00390625
5329,2,-2,1024,0.0,0.0078125
5330,4,1,4096,1.0,0.0625
5331,8,-1,2048,0.0,0.0625
5332,2,2,1024,0.0,0.0078125
5333,8,2,1024,0.0,0.03125
5334,4,-1,2048,0.0,0.03125
5335,1,-1,4096,0.0,0.015625
5336,4,-1,1024,0.28308823529411764,0.015625
5337,4,1,2048,0.0,0.03125
5338,2,1,2048,0.0,0.015625
5339,2,1,4096,0.0,0.03125
5340,2,1,4096,0.0,0.015625
5341,4,2,1024,0.0,0.015625
5342,4,-1,2048,0.0,0.0234375
5343,2,-2,4096,1.0,0.03125
5344,2,2,2048,0.0,0.015625
5345,2,2,1024,0.0,0.0078125
5346,2,1,1024,0.0,0.0078125
5347,2,-1,2048,0.0,0.015625
5348,2,-1,4096,0.0,0.03125
5349,4,-1,1024,0.0,0.015625
5350,1,-2,1024,0.0,0.00390625
5351,4,1,1024,0.0,0.015625
5352,1,-1,2048,0.0,0.0078125
5353,2,-1,1024,0.0,0.0078125
5354,8,1,1024,0.46875,0.03125
5355,8,2,2048,0.0,0.0546875
5356,4,-2,4096,0.0,0.0625
5357,4,2,1024,0.0,0.015625
5358,1,1,2048,0.0,0.0078125
5359,2,2,2048,0.0,0.015625
5360,4,-1,4096,0.0,0.046875
5361,8,2,4096,0.0,0.125
5362,4,1,4096,0.0,0.0625
5363,8,1,1024,0.0,0.03125
5364,2,1,4096,0.0,0.03125
5365,1,-1,1024,0.0,0.00390625
5366,1,1,4096,0.0,0.015625
5367,4,2,1024,0.0,0.015625
5368,4,2,1024,0.0,0.015625
5369,2,-2,1024,0.0,0.0078125
5370,8,1,1024,0.0,0.03125
5371,4,2,2048,0.0,0.03125
5372,2,1,2048,0.0,0.015625
5373,1,-1,4096,0.0,0.015625
5374,4,-1,1024,0.0,0.015625
5375,4,1,1024,0.0,0.015625
5376,1,1,1024,0.0,0.00390625
5377,2,-1,1024,0.0,0.0078125
5378,2,-1,4096,0.0,0.03125
5379,4,-1,2048,0.0,0.03125
5380,1,-2,1024,0.0,0.00390625
5381,8,-2,1024,0.0,0.03125
5382,2,-2,4096,0.0,0.03125
5383,2,-1,2048,0.0,0.015625
5384,1,1,1024,0.0,0.00390625
5385,8,-1,4096,0.0,0.125
5386,1,2,1024,0.0,0.00390625
5387,8,-2,1024,0.0,0.03125
5388,2,-1,4096,0.0,0.03125
5389,8,-2,2048,0.0,0.0625
5390,1,-1,1024,0.0,0.00390625
5391,1,1,4096,0.0,0.015625
5392,8,-1,1024,0.0,0.03125
5393,8,-1,4096,0.0,0.109375
5394,4,1,2048,0.0,0.03125
5395,1,2,4096,0.0,0.015625
5396,8,-2,4096,0.0,0.09375
5397,2,-2,4096,0.0,0.03125
5398,8,-2,4096,0.0,0.09375
5399,8,1,2048,0.0,0.0546875
5400,8,2,1024,0.0,0.03125
5401,4,-2,2048,0.0,0.0234375
5402,4,-2,2048,0.0,0.03125
5403,4,1,4096,0.0,0.046875
5404,1,2,1024,0.0,0.00390625
5405,2,1,4096,0.0,0.03125
5406,4,2,2048,0.0,0.03125
5407,8,1,4096,0.0,0.109375
5408,4,-2,2048,0.0,0.03125
5409,4,-1,2048,0.0,0.03125
5410,1,2,1024,0.0,0.00390625
5411,2,1,4096,0.0,0.03125
5412,4,-2,1024,0.0,0.015625
5413,8,-2,1024,0.0,0.02734375
5414,2,1,2048,0.0,0.015625
5415,1,-1,1024,0.0,0.00390625
5416,2,1,4096,0.0,0.03125
5417,1,-1,2048,0.0,0.0078125
5418,4,-1,1024,0.0,0.015625
5419,4,1,1024,0.0,0.015625
5420,8,-2,1024,0.0,0.03125
5421,8,-1,2048,0.0,0.0625
5422,1,-1,2048,0.0,0.0078125
5423,1,2,1024,0.0,0.00390625
5424,2,1,4096,0.0,0.015625
5425,1,-1,2048,0.0,0.0078125
5426,8,-1,2048,0.0,0.0625
5427,1,-2,2048,0.0,0.0078125
5428,1,-2,2048,0.0,0.0078125
5429,8,-1,1024,0.0,0.03125
5430,8,2,4096,0.0,0.109375
5431,1,-2,1024,0.0,0.00390625
5432,2,-2,1024,0.0,0.0078125
5433,4,1,2048,0.0,0.03125
5434,4,-2,4096,0.5061274509803921,0.0625
5435,8,2,4096,0.0,0.125
5436,2,2,1024,0.0,0.0078125
5437,1,2,2048,0.0,0.0078125
5438,2,-1,2048,0.0,0.015625
5439,4,-1,1024,0.0,0.015625
5440,4,-1,4096,0.0,0.0625
5441,4,-2,1024,0.0,0.015625
5442,8,1,1024,0.0,0.03125
5443,8,2,1024,0.0,0.03125
5444,2,-1,4096,0.0,0.03125
5445,2,-2,1024,0.0,0.0078125
5446,4,1,4096,0.0,0.0625
5447,2,-1,4096,0.0,0.03125
5448,2,2,1024,0.0,0.0078125
5449,1,2,1024,0.0,0.00390625
5450,2,2,4096,0.0,0.03125
5451,4,-1,1024,0.0,0.015625
5452,8,2,2048,0.0,0.0625
5453,8,-2,4096,0.0,0.125
5454,2,-1,1024,0.0,0.0078125
5455,1,-1,2048,0.0,0.0078125
5456,1,2,2048,0.0,0.0078125
5457,2,1,2048,0.0,0.015625
5458,4,-1,4096,0.0,0.046875
5459,8,-2,2048,0.0,0.0390625
5460,8,2,1024,0.0,0.03125
5461,1,1,4096,0.0,0.015625
5462,4,2,2048,0.0,0.03125
5463,2,-1,1024,0.0,0.0078125
5464,1,-2,2048,0.0,0.0078125
5465,4,-1,1024,0.0,0.015625
5466,1,1,2048,0.0,0.0078125
5467,2,-2,4096,0.0,0.03125
5468,4,-2,1024,0.0,0.015625
5469,2,2,4096,0.0,0.03125
5470,4,1,4096,0.0,0.0625
5471,2,-1,4096,0.0,0.03125
5472,8,1,2048,0.0,0.0625
5473,1,1,1024,0.0,0.00390625
5474,1,-2,1024,0.0,0.00390625
5475,4,-1,4096,0.0,0.0625
5476,2,-1,2048,0.0,0.015625
5477,4,-2,2048,0.0,0.03125
5478,1,-2,4096,0.0,0.015625
5479,4,-1,4096,0.0,0.046875
5480,8,1,4096,0.0,0.125
5481,1,1,4096,0.0,0.015625
5482,2,2,4096,0.0,0.03125
5483,8,-1,1024,0.0,0.03125
5484,4,1,1024,0.0,0.015625
5485,1,2,1024,0.0,0.00390625
5486,1,1,2048,0.0,0.0078125
5487,8,2,2048,0.0,0.0625
5488,8,-2,4096,1.0,0.125
5489,2,2,4096,0.0,0.03125
5490,2,1,4096,0.0,0.03125
5491,8,1,1024,0.0,0.02734375
5492,1,-2,4096,0.0,0.015625
5493,1,1,4096,0.0,0.015625
5494,8,2,4096,0.0,0.125
5495,1,1,2048,0.0,0.0078125
5496,8,-2,4096,0.0,0.109375
5497,2,-1,2048,0.0,0.015625
5498,8,1,1024,0.0,0.0234375
5499,1,2,2048,0.0,0.0078125
5500,8,-1,1024,0.0,0.03125
5501,1,2,4096,0.0,0.015625
5502,1,2,1024,0.0,0.00390625
5503,4,-1,1024,0.0,0.015625
5504,4,-2,2048,0.0,0.03125
5505,8,2,2048,0.0,0.0546875
5506,1,1,2048,0.0,0.0078125
5507,1,2,1024,0.0,0.00390625
5508,4,2,2048,0.0,0.03125
5509,8,-1,4096,0.9859068627450981,0.09375
5510,2,-2,1024,0.0,0.0078125
5511,8,2,4096,0.4571078431372549,0.125
5512,8,1,1024,0.0,0.03125
5513,8,-2,1024,0.0,0.03125
5514,4,1,4096,0.0,0.0625
5515,4,-2,1024,0.0,0.015625
5516,4,-1,2048,0.0,0.03125
5517,4,-1,2048,0.0,0.03125
5518,4,-1,2048,0.21446078431372548,0.03125
5519,4,1,2048,0.0,0.03125
5520,2,2,2048,0.0,0.015625
5521,4,-1,4096,0.0,0.046875
5522,8,1,2048,0.0,0.0625
5523,8,2,2048,0.0,0.0625
5524,4,1,4096,0.0,0.0625
5525,1,-1,2048,0.0,0.0078125
5526,4,1,4096,0.0,0.0625
5527,2,-1,4096,0.0,0.03125
5528,1,-1,4096,0.0,0.015625
5529,1,1,2048,0.0,0.0078125
5530,4,-1,2048,0.0,0.03125
5531,8,-2,1024,0.0,0.03125
5532,4,2,1024,0.0,0.015625
5533,2,1,1024,0.0,0.0078125
5534,1,-2,2048,0.0,0.0078125
5535,4,-1,1024,0.0,0.015625
5536,1,-1,1024,0.0,0.00390625
5537,8,2,2048,0.0,0.0546875
5538,8,2,2048,0.5594362745098039,0.0625
5539,8,1,1024,0.0,0.03125
5540,2,-1,2048,0.0,0.015625
5541,1,-2,2048,0.0,0.0078125
5542,2,-2,1024,0.0,0.0078125
5543,8,-2,1024,0.0,0.03125
5544,1,2,1024,0.0,0.00390625
5545,8,-2,4096,1.0,0.125
5546,1,1,1024,0.0,0.00390625
5547,1,2,1024,0.0,0.00390625
5548,1,-1,1024,0.0,0.00390625
5549,8,1,2048,0.0,0.0625
5550,4,2,4096,0.0,0.0625
5551,2,-1,1024,0.0,0.0078125
5552,4,-1,4096,0.0,0.0625
5553,4,-2,1024,0.0,0.015625
5554,4,-1,2048,0.0,0.03125
5555,4,2,1024,0.0,0.015625
5556,1,1,1024,0.0,0.00390625
5557,2,-2,2048,0.0,0.015625
5558,4,1,2048,0.0,0.03125
5559,1,1,4096,0.0,0.015625
5560,2,-2,2048,0.5104166666666666,0.015625
5561,1,2,1024,0.0,0.00390625
5562,8,-2,2048,0.0,0.0625
5563,1,-1,4096,0.0,0.015625
5564,1,-1,2048,0.0,0.0078125
5565,4,1,2048,0.0,0.03125
5566,1,2,2048,0.0,0.0078125
5567,2,-2,2048,0.0,0.015625
5568,2,-1,4096,0.0,0.03125
5569,1,-1,2048,0.0,0.0078125
5570,8,2,2048,0.0,0.0625
5571,4,2,2048,0.0,0.0234375
5572,1,-1,2048,0.0,0.0078125
5573,4,1,4096,0.0,0.0625
5574,4,2,4096,0.0,0.0625
5575,4,2,4096,0.0,0.0625
5576,4,1,2048,0.0,0.03125
5577,8,1,4096,0.0,0.125
5578,2,2,1024,0.0,0.0078125
5579,2,-2,1024,0.0,0.0078125
5580,4,-1,1024,0.0,0.015625
5581,8,1,2048,0.0,0.0625
5582,4,-2,4096,0.0,0.0625
5583,1,1,1024,0.0,0.00390625
5584,2,2,1024,0.0,0.0078125
5585,4,-2,2048,0.0,0.03125
5586,1,2,4096,0.0,0.015625
5587,8,-1,1024,0.0,0.02734375
5588,8,2,4096,1.0,0.109375
5589,8,1,1024,0.0,0.03125
5590,1,-2,1024,0.0,0.00390625
5591,4,1,2048,0.0,0.03125
5592,4,-2,4096,0.0,0.046875
5593,4,-2,4096,0.0,0.0625
5594,8,2,1024,0.0,0.03125
5595,2,2,1024,0.0,0.0078125
5596,4,-2,2048,0.0,0.03125
5597,4,-1,2048,0.0,0.03125
5598,8,-2,1024,0.0,0.02734375
5599,8,-1,2048,0.0,0.0625
5600,2,2,1024,0.0,0.0078125
5601,8,-2,4096,0.0,0.09375
5602,1,1,1024,0.0,0.00390625
5603,2,2,2048,0.0,0.015625
5604,4,2,2048,0.0,0.03125
5605,1,-1,1024,0.0,0.00390625
5606,2,1,2048,0.0,0.015625
5607,4,-1,1024,0.0,0.015625
5608,4,-2,2048,0.0,0.03125
5609,1,-2,2048,0.0,0.0078125
5610,2,1,1024,0.0,0.0078125
5611,1,1,1024,0.0,0.00390625
5612,4,1,1024,0.0,0.015625
5613,2,2,4096,0.0,0.03125
5614,4,1,1024,0.0,0.015625
5615,4,-1,4096,0.0,0.0625
5616,8,-1,2048,0.0,0.0625
5617,1,2,4096,0.0,0.015625
5618,8,2,4096,0.0,0.109375
5619,1,-2,1024,0.0,0.00390625
5620,1,2,2048,0.0,0.0078125
5621,1,-2,4096,0.0,0.015625
5622,1,2,1024,0.0,0.00390625
5623,8,1,2048,0.0,0.0625
5624,1,1,2048,0.0,0.0078125
5625,4,1,1024,0.0,0.015625
5626,2,1,4096,0.0,0.03125
5627,1,-1,1024,0.0,0.00390625
5628,2,2,4096,0.0,0.03125
5629,1,1,1024,0.0,0.00390625
5630,2,1,2048,0.0,0.015625
5631,4,-1,2048,0.0,0.03125
5632,4,-2,4096,0.0,0.0625
5633,2,1,4096,0.0,0.03125
5634,8,-1,4096,0.0,0.125
5635,4,1,4096,0.0,0.0625
5636,2,-1,4096,1.0,0.03125
5637,2,2,1024,0.0,0.0078125
5638,1,1,4096,0.0,0.015625
5639,8,-1,2048,0.0,0.0625
5640,8,1,2048,0.0,0.046875
5641,2,1,1024,0.0,0.0078125
5642,4,1,4096,0.0,0.0625
5643,4,1,1024,0.0,0.015625
5644,4,2,2048,0.0,0.03125
5645,1,-1,1024,0.0,0.00390625
5646,8,-1,2048,0.0,0.0546875
5647,8,-1,2048,0.0,0.0625
5648,8,1,2048,0.0,0.0625
5649,8,2,2048,0.0,0.0546875
5650,8,1,4096,0.0,0.125
5651,4,-2,4096,0.0,0.0625
5652,1,2,2048,0.0,0.0078125
5653,2,2,4096,0.0,0.03125
5654,1,-1,4096,0.0,0.015625
5655,1,-2,1024,0.0,0.00390625
5656,8,-1,2048,0.0,0.0625
5657,8,2,4096,0.0,0.125
5658,4,1,2048,0.0,0.03125
5659,4,-2,1024,0.24754901960784315,0.015625
5660,1,-2,2048,0.0,0.0078125
5661,1,2,2048,0.0,0.0078125
5662,8,-1,4096,0.0,0.109375
5663,2,1,2048,0.0,0.015625
5664,4,-1,1024,0.0,0.015625
5665,2,-2,1024,0.6274509803921569,0.0078125
5666,1,-1,1024,0.0,0.00390625
5667,8,1,1024,0.0,0.03125
5668,8,-1,4096,0.0,0.125
5669,4,1,1024,0.2536764705882353,0.015625
5670,2,-1,2048,0.0,0.015625
5671,4,-1,1024,0.0,0.015625
5672,8,-1,2048,0.0,0.0625
5673,4,-1,4096,0.0,0.046875
5674,2,-1,2048,0.0,0.015625
5675,2,1,1024,0.0,0.0078125
5676,4,-1,4096,0.0,0.0625
5677,2,1,2048,0.0,0.015625
5678,4,-1,1024,0.0,0.015625
5679,1,-1,4096,0.0,0.015625
5680,1,2,4096,0.0,0.015625
5681,8,2,2048,0.13051470588235295,0.0625
5682,2,-1,1024,0.0,0.0078125
5683,2,-1,2048,0.0,0.015625
5684,4,1,2048,0.0,0.03125
5685,2,-2,4096,0.0,0.03125
5686,8,-1,4096,1.0,0.125
5687,1,1,1024,0.0,0.00390625
5688,8,1,2048,0.0,0.0546875
5689,1,-2,1024,0.0,0.00390625
5690,2,-2,2048,0.0,0.015625
5691,4,-1,2048,0.6709558823529411,0.03125
5692,8,-2,2048,0.0,0.0625
5693,1,1,2048,0.0,0.0078125
5694,4,2,2048,0.0,0.03125
5695,1,-1,4096,0.0,0.015625
5696,1,-1,2048,0.0,0.0078125
5697,8,-2,1024,0.0,0.03125
5698,4,-2,4096,0.0,0.046875
5699,2,1,2048,0.0,0.015625
5700,4,-1,4096,0.0,0.0625
5701,2,1,4096,1.0,0.03125
5702,2,1,1024,0.0,0.0078125
5703,2,2,4096,0.0,0.03125
5704,2,-2,4096,0.0,0.03125
5705,8,1,1024,0.0,0.03125
5706,2,2,1024,0.0,0.0078125
5707,2,-1,1024,0.0,0.0078125
5708,4,-2,4096,0.0,0.0625
5709,8,-1,4096,1.0,0.109375
5710,2,2,1024,0.0,0.0078125
5711,8,2,2048,0.0,0.0625
5712,2,-1,1024,0.6274509803921569,0.0078125
5713,4,-2,1024,0.0,0.015625
5714,8,-1,1024,0.0,0.03125
5715,2,-2,1024,0.0,0.0078125
5716,1,1,4096,0.0,0.015625
5717,4,2,4096,0.0,0.0625
5718,1,-2,1024,0.0,0.00390625
5719,2,1,2048,0.0,0.015625
5720,8,2,1024,0.0,0.03125
5721,2,1,2048,0.0,0.015625
5722,4,2,4096,0.0,0.046875
5723,4,-2,4096,0.0,0.046875
5724,1,1,4096,0.0,0.015625
5725,2,-2,1024,0.0,0.0078125
5726,4,2,1024,0.0,0.015625
5727,1,-1,1024,0.0,0.00390625
5728,2,-2,1024,0.0,0.0078125
5729,2,1,2048,0.0,0.015625
5730,8,1,2048,0.0,0.0625
5731,1,-1,4096,0.0,0.015625
5732,8,-1,1024,0.0,0.02734375
5733,2,-2,1024,0.0,0.0078125
5734,4,2,4096,0.0,0.0625
5735,4,-2,4096,0.0,0.0625
5736,2,2,2048,0.0,0.015625
5737,8,1,1024,0.0,0.03125
5738,1,1,2048,0.0,0.0078125
5739,1,1,1024,0.0,0.00390625
5740,8,2,2048,1.0,0.0625
5741,4,-2,4096,0.0,0.0625
5742,8,2,1024,0.0,0.03125
5743,2,-2,1024,0.0,0.0078125
5744,1,2,4096,0.0,0.015625
5745,1,-1,1024,0.0,0.00390625
5746,2,2,4096,0.0,0.03125
5747,1,-2,4096,0.0,0.015625
5748,8,-1,2048,0.0,0.046875
5749,1,1,2048,0.0,0.0078125
5750,8,2,2048,0.0,0.0625
5751,1,-2,2048,0.0,0.0078125
5752,1,-2,4096,0.0,0.015625
5753,2,1,4096,0.0,0.03125
5754,1,-2,1024,0.0,0.00390625
5755,2,2,1024,0.0,0.0078125
5756,2,-2,2048,0.0,0.015625
5757,4,2,2048,0.0,0.03125
5758,4,1,4096,0.04963235294117647,0.0625
5759,1,2,1024,0.0,0.00390625
5760,1,-2,2048,0.0,0.0078125
5761,1,-1,1024,0.0,0.00390625
5762,1,-1,2048,0.0,0.0078125
5763,1,-2,4096,0.0,0.015625
5764,2,-2,1024,0.0,0.0078125
5765,4,-1,1024,0.0,0.015625
5766,2,1,2048,0.0,0.015625
5767,2,1,4096,0.0,0.03125
5768,2,-2,2048,0.0,0.015625
5769,4,-2,4096,0.0,0.0625
5770,2,1,1024,0.0,0.0078125
5771,1,-1,4096,0.0,0.015625
5772,2,2,1024,0.0,0.0078125
5773,1,-1,1024,0.0,0.00390625
5774,2,-1,2048,0.0,0.015625
5775,8,-2,1024,0.0,0.03125
5776,2,-1,4096,0.0,0.03125
5777,1,1,4096,0.0,0.015625
5778,4,-1,2048,0.0,0.03125
5779,1,1,2048,0.0,0.0078125
5780,1,-2,4096,0.0,0.015625
5781,1,1,4096,0.0,0.015625
5782,8,-1,2048,0.0,0.0625
5783,8,2,4096,0.0,0.109375
5784,4,-1,1024,0.0,0.015625
5785,4,-2,1024,0.49754901960784315,0.01171875
5786,4,1,1024,0.0,0.015625
5787,4,-2,1024,0.0,0.015625
5788,4,2,1024,0.0,0.015625
5789,8,-1,2048,0.0,0.0625
5790,4,2,4096,0.0,0.0625
5791,1,1,2048,0.0,0.0078125
5792,2,-1,2048,0.0,0.015625
5793,8,1,1024,0.0,0.03125
5794,2,-2,1024,0.0,0.0078125
5795,1,-2,2048,0.0,0.0078125
5796,8,2,1024,0.0,0.03125
5797,4,2,4096,0.0,0.0625
5798,4,2,2048,0.0,0.03125
5799,2,-1,2048,0.0,0.015625
5800,1,-1,1024,0.0,0.00390625
5801,2,-1,1024,0.0,0.0078125
5802,2,1,1024,0.0,0.0078125
5803,8,1,4096,0.0,0.125
5804,2,2,2048,0.0,0.015625
5805,1,2,4096,0.0,0.015625
5806,2,-1,2048,0.0,0.015625
5807,8,1,4096,0.0,0.125
5808,2,1,4096,0.0,0.03125
5809,2,2,1024,0.0,0.0078125
5810,4,-1,1024,0.0,0.015625
5811,4,-2,4096,1.0,0.046875
5812,2,-1,1024,0.0,0.0078125
5813,8,1,4096,0.0,0.125
5814,4,2,2048,0.0,0.03125
5815,1,2,4096,0.0,0.015625
5816,2,-2,1024,0.0,0.0078125
5817,8,1,1024,0.0,0.03125
5818,2,-2,2048,0.0,0.015625
5819,4,-1,1024,0.0,0.015625
5820,4,2,1024,0.0,0.015625
5821,4,2,2048,0.0,0.03125
5822,8,-2,1024,0.0,0.03125
5823,1,-2,1024,0.0,0.00390625
5824,4,1,4096,1.0,0.0625
5825,4,-1,1024,0.0,0.015625
5826,1,-1,4096,0.0,0.015625
5827,4,2,4096,0.0,0.046875
5828,1,2,4096,0.0,0.015625
5829,2,2,1024,0.0,0.0078125
5830,2,2,1024,0.0,0.0078125
5831,1,2,4096,0.0,0.015625
5832,8,1,1024,0.0,0.03125
5833,1,2,2048,0.0,0.0078125
5834,2,1,2048,0.0,0.015625
5835,8,-2,4096,0.0,0.125
5836,8,2,4096,0.0,0.09375
5837,1,2,1024,0.0,0.00390625
5838,2,-1,2048,0.0,0.015625
5839,4,-1,2048,0.0,0.03125
5840,8,1,4096,1.0,0.125
5841,8,1,2048,0.0,0.0546875
5842,4,1,1024,0.3002450980392157,0.015625
5843,1,-1,4096,1.0,0.015625
5844,8,2,2048,0.0,0.0546875
5845,1,2,1024,0.0,0.00390625
5846,1,2,1024,0.0,0.00390625
5847,4,1,1024,0.0,0.015625
5848,4,-2,4096,1.0,0.0625
5849,1,2,4096,0.0,0.015625
5850,1,-2,2048,0.0,0.0
5851,4,-2,1024,0.0,0.015625
5852,2,-1,4096,0.0,0.03125
5853,4,-2,2048,0.0,0.0234375
5854,2,1,2048,0.0,0.015625
5855,4,-1,1024,0.0,0.015625
5856,2,-2,4096,0.0,0.03125
5857,2,-2,1024,0.2708333333333333,0.0078125
5858,2,-2,2048,0.0,0.015625
5859,4,1,2048,0.0,0.03125
5860,4,2,2048,0.0,0.03125
5861,4,-1,2048,0.0,0.0234375
5862,4,-2,2048,0.0,0.0234375
5863,1,1,2048,0.0,0.0078125
5864,8,2,2048,0.0,0.0625
5865,4,-2,2048,0.0,0.03125
5866,4,2,4096,0.0,0.0625
5867,8,-2,4096,0.0,0.125
5868,8,-1,1024,0.0,0.03125
5869,4,1,4096,0.0,0.046875
5870,8,-2,1024,0.0,0.03125
5871,2,-1,1024,0.0,0.0078125
5872,4,-2,2048,0.0,0.03125
5873,2,-2,1024,0.0,0.0078125
5874,4,2,2048,0.0,0.03125
5875,1,-2,1024,0.0,0.00390625
5876,8,-2,2048,0.0,0.0625
5877,1,-2,4096,0.0,0.015625
5878,4,-2,4096,1.0,0.046875
5879,1,1,2048,0.0,0.0078125
5880,1,2,1024,0.0,0.00390625
5881,8,-2,4096,0.0,0.125
5882,8,1,1024,0.0,0.02734375
5883,1,-1,2048,0.0,0.0078125
5884,1,-2,1024,0.0,0.00390625
5885,8,1,2048,0.26409313725490197,0.0625
5886,8,-2,1024,0.0,0.03125
5887,1,1,4096,0.0,0.015625
5888,4,1,1024,0.0,0.015625
5889,2,1,2048,0.0,0.015625
5890,4,-2,2048,0.0,0.03125
5891,2,-1,2048,0.0,0.015625
5892,1,1,2048,0.0,0.0078125
5893,2,2,1024,0.0,0.0078125
5894,4,-2,4096,0.0,0.046875
5895,8,-1,2048,0.0,0.0625
5896,1,2,1024,0.0,0.00390625
5897,8,-1,1024,0.0,0.02734375
5898,4,-1,2048,0.0,0.03125
5899,8,2,4096,0.35661764705882354,0.109375
5900,8,2,4096,0.0,0.109375
5901,1,1,2048,0.0,0.0078125
5902,1,1,2048,0.0,0.0078125
5903,8,1,1024,0.0,0.02734375
5904,1,-1,2048,0.0,0.0078125
5905,1,2,1024,0.0,0.00390625
5906,2,-2,4096,0.0,0.03125
5907,8,-2,2048,0.0,0.0625
5908,8,1,1024,0.0,0.03125
5909,4,2,4096,0.0,0.0625
5910,1,2,4096,0.0,0.015625
5911,2,1,1024,0.0,0.0078125
5912,4,-1,1024,0.0,0.015625
5913,1,-1,1024,0.0,0.00390625
5914,4,-1,2048,0.0,0.03125
5915,1,-1,2048,0.0,0.0078125
5916,2,-1,4096,0.0,0.03125
5917,1,-2,4096,0.0,0.015625
5918,4,-1,4096,0.0,0.0625
5919,8,2,4096,0.0,0.109375
5920,1,1,1024,0.0,0.00390625
5921,8,-2,1024,0.0,0.03125
5922,4,-1,4096,0.0,0.0625
5923,8,-1,2048,0.0,0.0625
5924,8,-1,1024,0.0,0.03125
5925,1,1,4096,0.0,0.015625
5926,4,2,1024,0.0,0.015625
5927,4,1,4096,0.0,0.0625
5928,1,-1,4096,0.0,0.015625
5929,2,-2,2048,0.0,0.015625
5930,8,-2,2048,0.16727941176470587,0.0546875
5931,4,2,4096,0.0,0.0625
5932,2,1,4096,0.0,0.03125
5933,2,1,2048,0.0,0.015625
5934,8,1,1024,0.0,0.03125
5935,2,2,1024,0.0,0.0078125
5936,1,2,2048,0.0,0.0078125
5937,4,-2,1024,0.0,0.01171875
5938,8,-1,4096,0.4178921568627451,0.125
5939,1,-2,2048,0.0,0.0078125
5940,2,-1,4096,0.0,0.03125
5941,2,1,1024,0.0,0.0078125
5942,1,-2,1024,0.0,0.00390625
5943,4,-2,2048,0.0,0.03125
5944,2,-1,1024,0.0,0.0078125
5945,1,1,4096,0.0,0.015625
5946,2,1,2048,0.0,0.015625
5947,8,-2,4096,0.0,0.109375
5948,8,-2,4096,0.0,0.109375
5949,4,2,1024,0.0,0.015625
5950,2,1,4096,0.0,0.03125
5951,8,2,1024,0.45955882352941174,0.03125
5952,1,2,4096,0.0,0.015625
5953,4,2,4096,0.0,0.0625
5954,4,1,4096,0.0,0.0625
5955,4,2,2048,0.0,0.0234375
5956,1,-1,1024,0.0,0.00390625
5957,4,2,1024,0.0,0.015625
5958,4,-1,1024,0.0,0.015625
5959,8,-1,4096,0.0,0.109375
5960,1,1,2048,0.0,0.0078125
5961,4,-1,1024,0.0,0.015625
5962,8,-2,1024,0.0,0.03125
5963,2,2,1024,0.0,0.0078125
5964,4,-1,1024,0.0,0.015625
5965,1,2,4096,0.0,0.015625
5966,4,-1,4096,0.0,0.0625
5967,4,2,2048,0.0,0.03125
5968,1,1,4096,0.0,0.015625
5969,1,2,2048,0.0,0.0078125
5970,4,2,1024,0.0,0.015625
5971,1,-2,4096,0.0,0.015625
5972,2,2,1024,0.0,0.0078125
5973,1,2,4096,0.0,0.015625
5974,8,1,4096,0.0,0.125
5975,4,2,1024,0.0,0.015625
5976,8,2,1024,0.0,0.03125
5977,1,1,2048,0.0,0.0078125
5978,1,-1,4096,0.0,0.015625
5979,4,2,1024,0.0,0.015625
5980,4,-2,4096,0.0,0.0625
5981,8,1,2048,0.0,0.0625
5982,8,2,4096,0.0,0.109375
5983,8,2,2048,0.0,0.0625
5984,1,-1,2048,0.0,0.0078125
5985,2,-2,2048,0.0,0.015625
5986,8,-1,1024,0.0,0.03125
5987,4,2,1024,0.0,0.015625
5988,8,1,1024,0.0,0.03125
5989,4,-2,4096,0.0,0.0625
5990,1,-2,2048,0.0,0.0078125
5991,2,-1,2048,0.0,0.015625
5992,8,-1,4096,0.0,0.109375
5993,4,-2,4096,0.0,0.046875
5994,1,-1,1024,0.0,0.00390625
5995,1,-1,2048,0.0,0.0078125
5996,8,-2,2048,0.0,0.0625
5997,8,-2,4096,0.0,0.125
5998,8,1,4096,0.0,0.109375
5999,1,2,2048,0.0,0.0078125
6000,4,2,1024,0.0,0.015625
6001,8,1,2048,0.0,0.0625
6002,4,-2,1024,0.0,0.015625
6003,4,2,4096,0.0,0.0625
6004,2,2,4096,0.0,0.03125
6005,1,-1,4096,0.0,0.015625
6006,2,-1,1024,0.0,0.0078125
6007,4,-2,2048,0.0,0.0234375
6008,1,2,4096,0.0,0.015625
6009,1,2,2048,0.0,0.0078125
6010,2,-2,4096,0.0,0.03125
6011,8,1,2048,0.0,0.0625
6012,4,-1,2048,0.0,0.03125
6013,4,1,2048,0.0,0.03125
6014,4,-2,1024,0.0,0.015625
6015,1,2,2048,0.0,0.0078125
6016,2,-1,1024,0.0,0.0078125
6017,1,2,4096,0.0,0.015625
6018,8,-2,2048,0.3915441176470588,0.0546875
6019,8,1,2048,0.33700980392156865,0.0625
6020,2,-1,4096,0.0,0.03125
6021,2,2,2048,0.0,0.015625
6022,2,1,4096,0.0,0.03125
6023,8,1,2048,0.0,0.0625
6024,2,-2,4096,0.0,0.03125
6025,8,1,4096,0.0,0.109375
6026,2,-2,1024,0.0,0.0078125
6027,4,-1,1024,0.0,0.015625
6028,4,-2,4096,0.0,0.0625
6029,2,-2,1024,0.0,0.0078125
6030,8,1,4096,0.0,0.125
6031,4,-2,1024,0.0,0.015625
6032,8,1,4096,0.0,0.125
6033,8,2,4096,1.0,0.109375
6034,1,-2,2048,0.0,0.0078125
6035,1,1,2048,0.0,0.0078125
6036,4,-1,2048,0.0,0.03125
6037,2,-1,2048,0.0,0.015625
6038,2,1,2048,0.0,0.015625
6039,1,1,1024,0.0,0.00390625
6040,2,1,1024,0.0,0.0078125
6041,2,-2,4096,0.0,0.015625
6042,2,1,4096,0.977328431372549,0.03125
6043,4,-1,2048,0.0,0.03125
6044,4,-1,4096,0.0,0.0625
6045,2,2,2048,0.0,0.015625
6046,1,-2,2048,0.0,0.0078125
6047,4,-1,1024,0.0,0.015625
6048,1,-1,2048,0.0,0.0078125
6049,2,-2,1024,0.0,0.0078125
6050,2,2,4096,0.0,0.03125
6051,1,-1,1024,0.0,0.00390625
6052,2,1,2048,0.0,0.0078125
6053,2,-1,2048,0.0,0.015625
6054,8,2,1024,0.0,0.03125
6055,8,1,2048,0.0,0.0625
6056,1,-1,1024,0.0,0.00390625
6057,4,2,1024,0.0,0.015625
6058,4,2,4096,0.0,0.0625
6059,2,1,2048,0.0,0.015625
6060,2,-2,2048,0.0,0.015625
6061,8,1,1024,0.0,0.03125
6062,2,1,1024,0.0,0.0078125
6063,1,-1,2048,0.0,0.0078125
6064,2,-2,4096,0.0,0.03125
6065,2,1,1024,0.0,0.0078125
6066,2,2,4096,0.8535539215686274,0.03125
6067,1,-1,1024,0.0,0.00390625
6068,1,-1,2048,0.0,0.0078125
6069,8,-2,1024,0.0,0.03125
6070,1,1,4096,0.0,0.015625
6071,4,2,4096,0.0,0.0625
6072,4,2,4096,0.0,0.0625
6073,4,-1,4096,0.0,0.0625
6074,8,-2,4096,0.0,0.125
6075,1,-1,2048,0.0,0.0078125
6076,2,2,4096,0.0,0.03125
6077,1,-2,1024,0.0,0.00390625
6078,4,-2,2048,0.0,0.03125
6079,4,2,4096,1.0,0.0625
6080,8,1,2048,0.0,0.0625
6081,2,-2,4096,1.0,0.03125
6082,1,-2,2048,0.0,0.0078125
6083,8,-1,2048,0.0,0.0625
6084,4,1,1024,0.0,0.015625
6085,8,2,1024,0.0,0.03125
6086,2,2,4096,0.0,0.03125
6087,2,-1,4096,0.0,0.03125
6088,2,-1,2048,0.0,0.015625
6089,4,2,4096,0.0,0.046875
6090,1,2,1024,0.0,0.00390625
6091,8,-2,4096,1.0,0.125
6092,1,1,2048,0.0,0.0078125
6093,2,1,2048,0.0,0.015625
6094,2,-2,1024,0.0,0.0078125
6095,4,2,2048,0.0,0.03125
6096,4,-1,4096,0.0,0.0625
6097,8,1,4096,0.0,0.125
6098,8,-1,2048,0.0,0.0625
6099,1,1,1024,0.0,0.00390625
6100,1,2,1024,0.0,0.00390625
6101,8,-1,1024,0.0,0.03125
6102,2,-1,1024,0.0,0.0078125
6103,1,2,4096,0.0,0.015625
6104,8,2,1024,0.0,0.03125
6105,4,2,1024,0.0,0.015625
6106,1,2,1024,0.0,0.00390625
6107,8,1,2048,0.0,0.0546875
6108,4,2,2048,0.0,0.03125
6109,4,2,1024,0.0,0.015625
6110,8,-2,2048,0.0,0.0546875
6111,2,1,1024,0.0,0.0078125
6112,2,-2,4096,0.0,0.03125
6113,4,1,1024,0.0,0.015625
6114,1,-1,1024,0.0,0.00390625
6115,1,-1,2048,0.0,0.0078125
6116,8,2,4096,0.0,0.09375
6117,1,1,2048,0.0,0.0078125
6118,4,1,1024,0.0,0.015625
6119,2,2,2048,0.0,0.015625
6120,1,-2,1024,0.0,0.00390625
6121,4,1,1024,0.0,0.015625
6122,8,-2,4096,0.0,0.09375
6123,2,-2,4096,0.0,0.03125
6124,1,-2,1024,0.0,0.00390625
6125,1,1,2048,0.0,0.0078125
6126,1,1,2048,0.0,0.0078125
6127,8,2,4096,0.9295343137254902,0.109375
6128,2,-1,4096,0.0,0.03125
6129,2,2,2048,0.0,0.015625
6130,1,-1,1024,0.0,0.00390625
6131,2,-2,1024,0.0,0.0078125
6132,8,-2,1024,0.0,0.02734375
6133,2,-2,4096,0.0,0.015625
6134,4,-1,4096,0.0,0.0625
6135,1,-1,4096,0.0,0.015625
6136,1,2,1024,0.0,0.00390625
6137,4,-2,1024,0.0,0.015625
6138,1,-1,1024,0.0,0.00390625
6139,2,2,2048,0.0,0.015625
6140,2,-2,1024,0.0,0.0078125
6141,1,-1,2048,0.0,0.0078125
6142,4,-2,4096,0.0,0.046875
6143,8,1,1024,0.0,0.03125
6144,1,2,4096,0.0,0.015625
6145,8,-2,2048,0.5496323529411765,0.0625
6146,4,-1,4096,0.0,0.046875
6147,4,-1,1024,0.0,0.015625
6148,1,2,1024,0.0,0.00390625
6149,8,2,1024,0.0,0.03125
6150,1,-2,4096,0.0,0.015625
6151,8,-1,4096,0.0,0.109375
6152,4,2,1024,0.0,0.015625
6153,2,-2,2048,0.0,0.015625
6154,1,2,4096,0.0,0.015625
6155,4,-2,4096,0.0,0.0625
6156,1,1,4096,0.0,0.015625
6157,4,2,4096,0.0,0.0625
6158,8,1,4096,0.0,0.09375
6159,2,2,4096,0.0,0.03125
6160,1,1,4096,0.0,0.015625
6161,1,-2,2048,0.0,0.0078125
6162,1,1,2048,0.0,0.0078125
6163,1,1,2048,0.0,0.0078125
6164,1,-1,4096,0.0,0.015625
6165,4,-2,1024,0.0,0.015625
6166,2,1,4096,0.0,0.03125
6167,8,1,2048,0.0,0.0625
6168,8,2,1024,0.0,0.03125
6169,8,-2,2048,0.0,0.0546875
6170,4,1,1024,0.0,0.015625
6171,2,2,4096,0.0,0.03125
6172,8,2,2048,0.0,0.0625
6173,1,2,2048,0.0,0.0078125
6174,2,-2,1024,0.0,0.0078125
6175,2,-2,1024,0.0,0.0078125
6176,4,1,4096,0.0,0.046875
6177,4,-1,4096,0.0,0.0625
6178,8,-2,1024,0.0,0.03125
6179,8,-2,4096,0.0,0.109375
6180,2,-2,2048,0.0,0.015625
6181,8,-1,2048,0.0,0.0625
6182,1,1,2048,0.0,0.0078125
6183,8,-2,4096,0.0,0.125
6184,1,-2,4096,0.0,0.015625
6185,8,-1,2048,0.0,0.0625
6186,2,2,2048,0.0,0.015625
6187,8,2,4096,0.6966911764705882,0.125
6188,1,-1,2048,0.0,0.0078125
6189,2,-2,2048,0.0,0.015625
6190,8,-2,2048,0.0,0.0625
6191,1,2,2048,0.0,0.0078125
6192,2,-1,1024,0.0,0.0078125
6193,1,-2,1024,0.0,0.00390625
6194,2,2,2048,0.0,0.015625
6195,2,1,1024,0.0,0.0078125
6196,4,-1,2048,0.0,0.03125
6197,2,-1,4096,0.0,0.03125
6198,1,-2,1024,0.0,0.00390625
6199,1,2,2048,0.0,0.0078125
6200,8,2,4096,0.0,0.125
6201,8,-2,1024,0.05759803921568627,0.02734375
6202,1,1,4096,0.0,0.015625
6203,1,-2,1024,0.0,0.00390625
6204,1,-1,4096,0.0,0.015625
6205,8,1,2048,0.0,0.0546875
6206,4,-2,1024,0.0,0.015625
6207,8,1,4096,0.0,0.125
6208,2,-2,1024,0.0,0.0078125
6209,4,1,2048,0.0,0.0234375
6210,1,-1,2048,0.0,0.0078125
6211,4,-2,4096,0.0,0.046875
6212,4,2,2048,0.7297794117647058,0.0234375
6213,2,-1,4096,0.0,0.03125
6214,4,2,2048,0.0,0.03125
6215,4,2,2048,0.0,0.03125
6216,2,-2,2048,0.0,0.015625
6217,1,1,4096,0.0,0.015625
6218,1,-1,2048,0.0,0.0078125
6219,8,1,1024,0.0,0.02734375
6220,2,1,4096,0.0,0.03125
6221,2,-1,2048,0.0,0.015625
6222,4,1,2048,0.0,0.03125
6223,2,-1,1024,0.0,0.0078125
6224,2,2,4096,0.0,0.03125
6225,4,2,1024,0.0,0.015625
6226,4,-2,4096,0.0,0.0625
6227,4,1,1024,0.0,0.015625
6228,1,2,2048,0.0,0.0078125
6229,2,-2,1024,0.0,0.0078125
6230,2,1,2048,0.0,0.015625
6231,4,2,4096,0.0,0.0625
6232,1,-2,2048,0.0,0.0078125
6233,1,1,2048,0.0,0.0078125
6234,8,2,1024,0.0,0.03125
6235,4,-1,4096,0.0,0.0625
6236,8,-2,2048,0.0,0.0625
6237,2,-1,2048,0.0,0.015625
6238,8,-1,4096,0.0,0.109375
6239,2,1,2048,0.0,0.015625
6240,4,-1,4096,0.0,0.0625
6241,1,-1,1024,0.0,0.00390625
6242,8,2,2048,0.0,0.0625
6243,2,1,2048,0.0,0.015625
6244,8,2,1024,0.009191176470588236,0.03125
6245,2,1,2048,0.0,0.015625
6246,8,2,4096,0.0,0.09375
6247,2,-2,4096,0.0,0.03125
6248,1,2,4096,0.0,0.015625
6249,1,2,4096,0.0,0.015625
6250,4,-2,4096,1.0,0.0625
6251,1,-1,1024,0.0,0.00390625
6252,2,-1,4096,0.0,0.03125
6253,4,-1,2048,0.0,0.03125
6254,2,2,4096,0.0,0.03125
6255,1,1,2048,0.0,0.0078125
6256,4,-2,1024,0.0,0.015625
6257,4,1,2048,0.0,0.03125
6258,4,2,4096,0.0,0.0625
6259,8,-1,1024,0.0,0.03125
6260,1,2,2048,0.0,0.0078125
6261,2,1,2048,0.0,0.015625
6262,1,2,2048,0.0,0.0078125
6263,8,2,4096,0.0,0.125
6264,4,-2,1024,0.0,0.015625
6265,1,2,2048,0.0,0.0078125
6266,4,-2,4096,0.0,0.0625
6267,1,2,2048,0.0,0.0078125
6268,2,2,1024,0.0,0.0078125
6269,4,-1,1024,0.0,0.015625
6270,4,-2,2048,0.0,0.03125
6271,8,-1,4096,0.36519607843137253,0.125
6272,4,-1,1024,0.0,0.015625
6273,8,1,1024,0.0661764705882353,0.02734375
6274,4,-2,2048,0.0,0.03125
6275,1,-2,1024,0.0,0.00390625
6276,1,-1,1024,0.0,0.00390625
6277,8,2,1024,0.0,0.03125
6278,1,-1,2048,0.0,0.0078125
6279,2,-1,4096,0.0,0.03125
6280,1,-2,1024,0.0,0.00390625
6281,2,-1,4096,0.0,0.03125
6282,4,-1,4096,1.0,0.0625
6283,1,-1,1024,0.0,0.00390625
6284,2,-1,4096,0.0,0.03125
6285,8,-1,1024,0.0,0.02734375
6286,1,1,4096,0.0,0.015625
6287,1,-1,4096,0.0,0.015625
6288,2,2,4096,0.0,0.03125
6289,8,1,2048,0.0,0.0625
6290,2,1,2048,0.0,0.015625
6291,4,1,1024,0.12438725490196079,0.015625
6292,1,2,2048,0.0,0.0078125
6293,4,-1,4096,0.0,0.0625
6294,1,2,1024,0.0,0.00390625
6295,4,-2,1024,0.0,0.015625
6296,1,-2,4096,0.0,0.015625
6297,8,2,2048,0.0,0.0625
6298,2,2,2048,0.0,0.015625
6299,1,-2,1024,0.0,0.00390625
6300,2,1,1024,0.0,0.0078125
6301,1,1,4096,0.0,0.015625
6302,1,-2,2048,0.0,0.0078125
6303,4,1,4096,0.0,0.046875
6304,2,1,2048,0.0,0.015625
6305,2,1,2048,0.0,0.015625
6306,8,1,1024,0.0,0.03125
6307,1,2,2048,0.0,0.0078125
6308,2,-2,1024,0.0,0.0078125
6309,1,1,4096,0.0,0.015625
6310,2,-1,2048,0.0,0.015625
6311,2,2,4096,0.0,0.03125
6312,1,-1,2048,0.0,0.0078125
6313,1,2,2048,0.0,0.0078125
6314,8,1,2048,0.0,0.0546875
6315,1,-2,2048,0.0,0.0078125
6316,8,2,2048,0.0,0.0625
6317,8,-2,4096,0.0,0.09375
6318,2,-1,4096,0.0,0.03125
6319,2,-1,1024,0.0,0.0078125
6320,8,1,1024,0.0,0.03125
6321,8,-1,1024,0.0,0.03125
6322,1,1,4096,0.0,0.015625
6323,8,1,1024,0.0,0.03125
6324,8,-2,2048,0.0,0.0625
6325,1,-2,4096,0.0,0.015625
6326,1,-1,1024,0.0,0.00390625
6327,4,-2,1024,0.0,0.015625
6328,1,2,1024,0.0,0.00390625
6329,4,-1,1024,0.0,0.015625
6330,1,-1,1024,0.0,0.00390625
6331,4,1,2048,0.0,0.03125
6332,1,2,4096,0.0,0.015625
6333,1,1,1024,0.0,0.00390625
6334,1,1,2048,0.0,0.0078125
6335,1,2,1024,0.0,0.00390625
6336,4,2,1024,0.0,0.015625
6337,1,-2,2048,0.0,0.0078125
6338,8,-2,4096,0.9822303921568627,0.109375
6339,4,-1,1024,0.0,0.015625
6340,2,2,4096,0.0,0.03125
6341,8,2,4096,1.0,0.109375
6342,4,1,1024,0.0,0.015625
6343,4,1,1024,0.0,0.015625
6344,1,-2,1024,0.0,0.00390625
6345,4,1,4096,0.0,0.0625
6346,4,-2,1024,0.0,0.015625
6347,8,1,2048,0.0,0.0546875
6348,2,-2,2048,0.0,0.015625
6349,4,-2,1024,0.0,0.015625
6350,2,2,1024,0.0,0.0078125
6351,1,2,1024,0.0,0.00390625
6352,1,1,1024,0.0,0.00390625
6353,8,1,2048,0.0,0.046875
6354,4,-2,4096,0.0,0.0625
6355,2,1,2048,0.0,0.015625
6356,4,1,1024,0.0,0.015625
6357,1,1,1024,0.0,0.00390625
6358,1,-1,4096,0.0,0.015625
6359,4,-1,4096,0.0,0.046875
6360,4,2,2048,0.0,0.03125
6361,8,-1,2048,0.0,0.0625
6362,8,2,1024,0.0,0.02734375
6363,2,2,4096,0.0,0.03125
6364,8,2,1024,0.0,0.03125
6365,2,1,1024,0.0,0.0078125
6366,8,-2,4096,1.0,0.125
6367,1,-2,1024,0.0,0.00390625
6368,1,1,1024,0.0,0.00390625
6369,1,-1,2048,0.0,0.0078125
6370,8,-2,1024,0.0,0.02734375
6371,1,2,1024,0.0,0.00390625
6372,8,2,2048,0.0,0.0625
6373,4,-1,1024,0.0,0.015625
6374,1,1,4096,0.0,0.015625
6375,8,-1,1024,0.0,0.02734375
6376,1,-1,2048,0.0,0.0078125
6377,1,1,1024,0.0,0.00390625
6378,4,-1,4096,0.0,0.0625
6379,2,2,4096,0.0,0.03125
6380,2,-2,4096,0.0,0.03125
6381,1,1,1024,0.0,0.00390625
6382,4,2,1024,0.0,0.015625
6383,1,2,4096,0.0,0.015625
6384,1,-2,4096,0.0,0.015625
6385,4,-2,1024,0.0,0.015625
6386,2,1,1024,0.0,0.0078125
6387,4,2,2048,0.0,0.03125
6388,1,2,2048,0.0,0.0
6389,4,2,2048,0.0,0.0234375
6390,8,-2,4096,0.0,0.109375
6391,2,1,2048,0.0,0.015625
6392,2,1,4096,0.0,0.03125
6393,4,1,4096,0.0,0.0625
6394,4,2,2048,0.0,0.0234375
6395,1,-2,4096,0.0,0.015625
6396,4,-1,2048,0.0,0.03125
6397,1,-1,1024,0.0,0.00390625
6398,4,2,1024,0.0,0.015625
6399,8,-2,2048,0.0,0.0625
6400,4,-1,4096,0.0,0.0625
6401,8,-2,4096,0.0,0.109375
6402,2,-2,1024,0.0,0.0078125
6403,8,2,1024,0.0,0.03125
6404,8,2,2048,0.0,0.0625
6405,8,-1,2048,0.0,0.046875
6406,4,1,4096,0.0,0.0625
6407,4,1,1024,0.0,0.015625
6408,4,2,4096,0.0,0.046875
6409,8,-1,2048,0.0,0.0546875
6410,8,2,2048,0.0,0.0625
6411,2,-1,2048,0.0,0.015625
6412,1,1,4096,0.0,0.015625
6413,1,-1,2048,0.0,0.0078125
6414,1,1,2048,0.0,0.0078125
6415,1,-1,4096,0.0,0.015625
6416,1,2,1024,0.0,0.00390625
6417,1,1,2048,0.0,0.0078125
6418,8,-1,4096,0.0,0.125
6419,1,2,4096,0.0,0.015625
6420,4,1,1024,0.0,0.015625
6421,2,-1,4096,0.0,0.03125
6422,1,-2,4096,0.0,0.015625
6423,4,2,2048,0.0,0.0234375
6424,8,2,4096,0.0,0.125
6425,8,1,2048,0.0,0.0625
6426,8,2,2048,0.0,0.0625
6427,4,1,2048,0.0,0.03125
6428,4,-2,1024,0.0,0.015625
6429,1,-2,4096,0.0,0.015625
6430,8,-2,1024,0.0,0.03125
6431,4,-2,1024,0.0,0.01171875
6432,2,1,4096,0.0,0.03125
6433,2,2,4096,0.0,0.03125
6434,4,-2,2048,0.0,0.03125
6435,1,1,2048,0.0,0.0078125
6436,8,-2,2048,0.0,0.0625
6437,2,-1,2048,0.0,0.015625
6438,1,2,2048,0.0,0.0078125
6439,2,2,2048,0.0,0.015625
6440,8,2,2048,0.0,0.0625
6441,2,-1,2048,0.0,0.015625
6442,4,2,4096,0.0,0.03125
6443,8,2,4096,0.0,0.09375
6444,1,-1,2048,0.0,0.0078125
6445,8,-1,2048,0.0,0.0625
6446,2,-2,1024,0.0,0.0078125
6447,4,2,1024,0.0,0.015625
6448,1,-2,4096,0.0,0.015625
6449,1,-1,2048,0.0,0.0078125
6450,8,-1,1024,0.0,0.02734375
6451,8,-2,2048,0.0,0.0546875
6452,8,2,4096,0.0,0.125
6453,4,1,2048,0.0,0.03125
6454,2,-2,4096,0.0,0.015625
6455,1,-2,2048,0.0,0.0078125
6456,2,-2,1024,0.0,0.0078125
6457,4,2,1024,0.0,0.015625
6458,2,-1,1024,0.0,0.0078125
6459,2,1,4096,0.0,0.03125
6460,1,-2,4096,0.0,0.015625
6461,2,-2,2048,0.0,0.015625
6462,1,1,4096,0.0,0.015625
6463,1,-2,2048,0.0,0.0078125
6464,1,1,4096,0.0,0.015625
6465,4,2,4096,0.0,0.0625
6466,2,-1,2048,0.0,0.015625
6467,1,1,2048,0.0,0.0078125
6468,4,2,1024,0.0,0.015625
6469,1,2,4096,0.0,0.015625
6470,1,-2,4096,0.0,0.015625
6471,1,-2,1024,0.0,0.00390625
6472,2,2,4096,0.0,0.03125
6473,8,2,1024,0.0,0.03125
6474,1,-1,2048,0.0,0.0078125
6475,2,1,4096,1.0,0.03125
6476,1,1,1024,0.0,0.00390625
6477,2,1,1024,0.0,0.0078125
6478,4,2,2048,0.0,0.03125
6479,2,-1,1024,0.0,0.0078125
6480,4,2,2048,0.0,0.03125
6481,8,-2,1024,0.0,0.02734375
6482,8,-2,1024,0.0,0.03125
6483,4,2,1024,0.0,0.015625
6484,4,-2,4096,0.0,0.0625
6485,8,2,4096,0.0,0.078125
6486,8,-1,1024,0.0,0.03125
6487,2,-1,1024,0.0,0.0078125
6488,1,-2,4096,0.0,0.015625
6489,1,2,1024,0.0,0.00390625
6490,8,-1,2048,0.9001225490196079,0.0625
6491,4,-2,4096,0.0,0.03125
6492,2,-1,1024,0.0,0.0078125
6493,2,-2,4096,0.0,0.03125
6494,2,2,1024,0.0,0.0078125
6495,8,-2,1024,0.0,0.02734375
6496,4,-1,2048,0.0,0.03125
6497,8,-1,4096,0.35110294117647056,0.09375
6498,2,-2,2048,0.0,0.015625
6499,2,-2,1024,0.0,0.0078125
6500,1,1,1024,0.0,0.00390625
6501,8,-1,4096,0.0,0.125
6502,4,-2,2048,0.0,0.03125
6503,4,-2,1024,0.0,0.015625
6504,2,2,2048,0.0,0.015625
6505,2,1,2048,0.0,0.015625
6506,8,1,1024,0.0,0.03125
6507,2,2,1024,0.0,0.0078125
6508,4,-2,4096,0.0,0.046875
6509,1,1,4096,0.0,0.015625
6510,2,2,1024,0.0,0.0078125
6511,8,-2,1024,0.0,0.03125
6512,1,1,2048,0.0,0.0078125
6513,1,2,2048,0.0,0.0078125
6514,8,1,2048,0.0,0.0625
6515,2,-2,4096,0.0,0.03125
6516,2,1,1024,0.0,0.0078125
6517,4,2,1024,0.0,0.015625
6518,1,-2,4096,0.0,0.015625
6519,1,1,4096,0.0,0.015625
6520,1,1,1024,0.0,0.00390625
6521,1,-1,2048,0.0,0.0078125
6522,1,-2,2048,0.0,0.0078125
6523,4,-2,1024,0.0,0.015625
6524,2,2,4096,0.0,0.03125
6525,1,2,1024,0.0,0.00390625
6526,1,-1,2048,0.0,0.0078125
6527,2,2,2048,0.0,0.015625
6528,8,2,4096,0.0,0.125
6529,2,1,1024,0.0,0.0078125
6530,1,1,1024,0.0,0.00390625
6531,1,2,2048,0.0,0.0078125
6532,2,1,4096,0.0,0.03125
6533,1,2,2048,0.0,0.0078125
6534,8,2,4096,0.0,0.125
6535,8,-2,2048,0.010416666666666666,0.0625
6536,2,1,1024,0.0,0.0078125
6537,8,1,2048,0.0,0.0625
6538,2,2,4096,0.0,0.015625
6539,1,-1,4096,0.0,0.015625
6540,8,2,4096,0.5153186274509803,0.125
6541,8,-1,1024,0.0,0.03125
6542,2,-1,2048,0.0,0.015625
6543,4,-2,2048,0.0,0.03125
6544,1,-1,2048,0.0,0.0078125
6545,4,2,4096,0.0,0.0625
6546,4,1,4096,0.0,0.046875
6547,4,1,1024,0.0,0.015625
6548,4,2,1024,0.0,0.015625
6549,4,-1,2048,0.0,0.03125
6550,4,1,4096,0.0,0.0625
6551,8,-1,4096,0.0,0.109375
6552,1,2,2048,0.0,0.0078125
6553,2,-1,2048,0.2665441176470588,0.015625
6554,2,2,4096,0.0,0.03125
6555,4,1,4096,0.0,0.0625
6556,1,2,1024,0.0,0.00390625
6557,2,2,1024,0.0,0.0078125
6558,8,2,2048,0.0,0.046875
6559,1,-1,2048,0.0,0.0078125
6560,4,1,1024,0.0,0.015625
6561,4,-1,1024,0.0,0.015625
6562,2,-2,1024,0.0,0.0078125
6563,1,1,1024,0.0,0.00390625
6564,1,-1,2048,0.0,0.0078125
6565,2,-1,4096,0.0,0.03125
6566,1,-2,1024,0.0,0.00390625
6567,1,1,1024,0.0,0.00390625
6568,1,1,1024,0.0,0.00390625
6569,1,-2,4096,0.0,0.015625
6570,8,1,2048,0.8143382352941176,0.0625
6571,4,-2,2048,0.0,0.03125
6572,1,-2,1024,0.0,0.00390625
6573,4,-1,4096,0.0,0.0625
6574,1,-1,1024,0.0,0.00390625
6575,2,2,4096,0.0,0.03125
6576,1,-2,4096,0.0,0.015625
6577,1,-1,2048,0.0,0.0078125
6578,1,1,4096,0.0,0.015625
6579,2,-2,4096,0.0,0.03125
6580,2,2,2048,0.0,0.015625
6581,2,1,4096,0.0,0.03125
6582,4,2,2048,0.0,0.0234375
6583,4,2,2048,0.0,0.03125
6584,4,-2,2048,0.0,0.03125
6585,4,-1,2048,0.0,0.03125
6586,4,1,1024,0.0,0.015625
6587,2,-2,1024,0.0,0.0078125
6588,1,-1,1024,0.0,0.00390625
6589,2,1,1024,0.0,0.0078125
6590,1,2,4096,0.0,0.015625
6591,8,-1,1024,0.0,0.03125
6592,2,2,4096,0.0,0.03125
6593,8,1,2048,0.0,0.0625
6594,8,-2,2048,0.0,0.0546875
6595,2,-1,1024,0.0,0.0078125
6596,8,2,4096,1.0,0.109375
6597,2,-2,2048,0.0,0.015625
6598,1,-2,2048,0.0,0.0078125
6599,1,-1,2048,0.0,0.0078125
6600,1,2,4096,0.0,0.015625
6601,8,1,2048,0.0,0.0546875
6602,2,-2,2048,0.0,0.015625
6603,2,-1,4096,0.0,0.03125
6604,2,2,4096,0.0,0.03125
6605,2,-2,4096,0.0,0.03125
6606,8,1,1024,0.0,0.02734375
6607,8,-1,4096,0.0,0.125
6608,1,2,1024,0.0,0.00390625
6609,4,2,2048,0.0,0.03125
6610,2,2,2048,0.0,0.015625
6611,1,-2,1024,0.0,0.00390625
6612,8,-1,1024,0.0,0.03125
6613,1,1,4096,0.0,0.015625
6614,1,-1,4096,0.0,0.015625
6615,1,1,1024,0.0,0.00390625
6616,2,1,2048,0.0,0.015625
6617,4,-1,1024,0.0,0.015625
6618,2,-2,2048,0.0,0.015625
6619,1,2,1024,0.0,0.00390625
6620,1,2,4096,0.0,0.015625
6621,8,2,2048,0.0,0.0625
6622,8,-1,2048,0.0,0.0625
6623,8,-1,4096,1.0,0.125
6624,4,-1,2048,0.0,0.03125
6625,4,-2,1024,0.0,0.015625
6626,8,-2,2048,0.7971813725490197,0.0625
6627,4,-1,4096,0.0,0.0625
6628,2,2,2048,0.0,0.0078125
6629,2,-2,1024,0.0,0.0078125
6630,2,1,1024,0.0,0.0078125
6631,1,1,1024,0.0,0.00390625
6632,1,-1,4096,0.0,0.0
6633,4,2,1024,0.0,0.015625
6634,8,-2,4096,0.0,0.125
6635,1,2,1024,0.0,0.00390625
6636,1,1,2048,0.0,0.0078125
6637,1,-1,4096,0.0,0.015625
6638,8,2,2048,0.0,0.046875
6639,2,-1,1024,0.0,0.0078125
6640,2,2,1024,0.07720588235294118,0.0078125
6641,1,-2,1024,0.0,0.00390625
6642,8,-2,4096,0.0,0.125
6643,2,1,1024,0.0,0.0078125
6644,8,2,1024,0.0,0.03125
6645,4,-2,4096,0.0,0.0625
6646,1,2,2048,0.0,0.0078125
6647,8,2,4096,0.9705882352941176,0.125
6648,4,-1,1024,0.0,0.015625
6649,4,2,2048,0.0,0.03125
6650,1,2,1024,0.0,0.00390625
6651,8,-2,2048,0.0,0.0546875
6652,8,2,1024,0.5441176470588235,0.03125
6653,2,1,4096,0.0,0.03125
6654,1,-2,2048,0.0,0.0078125
6655,8,1,1024,0.0,0.03125
6656,8,1,4096,0.0,0.109375
6657,4,2,1024,0.0,0.015625
6658,4,2,4096,0.0,0.0625
6659,1,-1,2048,0.0,0.0078125
6660,1,-1,4096,0.0,0.015625
6661,8,-2,1024,0.0,0.03125
6662,2,-2,4096,0.0704656862745098,0.03125
6663,2,1,2048,0.0,0.015625
6664,4,2,2048,0.0,0.03125
6665,1,-2,2048,0.0,0.0078125
6666,1,1,1024,0.0,0.00390625
6667,1,1,1024,0.0,0.00390625
6668,2,-2,1024,0.5747549019607843,0.0078125
6669,2,-2,2048,0.0,0.015625
6670,1,-1,2048,0.0,0.0078125
6671,2,1,2048,0.0,0.015625
6672,2,-1,4096,0.0,0.03125
6673,4,2,1024,0.0,0.015625
6674,4,-1,4096,0.0,0.0625
6675,8,-2,4096,0.0,0.109375
6676,8,-2,1024,0.0,0.02734375
6677,2,-1,4096,0.0,0.03125
6678,8,-1,1024,0.0,0.03125
6679,4,1,1024,0.0,0.015625
6680,1,-1,4096,0.0,0.015625
6681,2,-2,1024,0.0,0.0078125
6682,4,-2,1024,0.0,0.015625
6683,8,1,1024,0.0,0.03125
6684,2,-1,1024,0.0,0.0078125
6685,1,1,1024,0.0,0.00390625
6686,1,2,4096,0.0,0.015625
6687,1,-1,1024,0.0,0.00390625
6688,4,1,4096,0.0,0.0625
6689,4,2,1024,0.0,0.015625
6690,2,-2,4096,0.0,0.03125
6691,4,1,4096,0.0,0.0625
6692,8,-1,2048,0.43504901960784315,0.0625
6693,8,1,4096,0.12867647058823528,0.125
6694,1,1,1024,0.0,0.00390625
6695,4,-2,4096,0.0,0.0625
6696,8,-2,1024,0.0,0.03125
6697,8,-2,2048,0.0,0.0625
6698,2,-2,4096,0.0,0.03125
6699,2,-2,4096,0.0,0.03125
6700,8,1,1024,0.0,0.03125
6701,1,2,4096,0.0,0.015625
6702,4,-1,4096,0.0,0.0625
6703,1,2,4096,0.0,0.015625
6704,8,1,4096,0.0,0.125
6705,1,2,4096,0.0,0.015625
6706,1,1,4096,0.0,0.015625
6707,2,-2,4096,0.0,0.03125
6708,1,1,1024,0.0,0.00390625
6709,2,1,4096,0.0,0.03125
6710,2,1,1024,0.0,0.0078125
6711,2,2,2048,0.0,0.015625
6712,4,-2,2048,0.0,0.0234375
6713,4,1,1024,0.0,0.015625
6714,8,2,1024,0.21384803921568626,0.03125
6715,2,-2,1024,0.0,0.0078125
6716,4,-1,2048,0.0,0.0234375
6717,4,2,2048,0.0,0.03125
6718,1,-2,2048,0.0,0.0078125
6719,4,-2,1024,0.0,0.015625
6720,8,2,2048,0.0,0.0625
6721,2,-2,1024,0.0,0.0078125
6722,1,1,4096,0.0,0.015625
6723,2,2,1024,0.0,0.0078125
6724,2,-1,1024,0.0,0.0078125
6725,4,-1,1024,0.0,0.015625
6726,8,-1,2048,0.0,0.0625
6727,4,-1,4096,0.0,0.0625
6728,1,-1,2048,0.0,0.0078125
6729,2,1,2048,0.0,0.015625
6730,4,2,4096,0.0,0.0625
6731,2,2,1024,0.0,0.00390625
6732,4,2,4096,0.0,0.0625
6733,4,-2,2048,0.0,0.03125
6734,2,-1,1024,0.0,0.0078125
6735,4,2,1024,0.0,0.015625
6736,2,1,1024,0.0,0.0078125
6737,1,-1,4096,0.0,0.015625
6738,2,-1,2048,0.0,0.015625
6739,2,-2,2048,0.0,0.015625
6740,1,-1,2048,0.0,0.0078125
6741,8,-1,1024,0.0,0.03125
6742,4,-1,4096,0.0,0.0625
6743,1,1,2048,0.0,0.0078125
6744,8,-1,4096,0.0,0.109375
6745,8,-2,1024,0.0,0.02734375
6746,1,2,4096,0.0,0.015625
6747,1,-1,4096,0.0,0.015625
6748,2,-1,2048,0.0,0.015625
6749,4,1,4096,0.0,0.0625
6750,4,1,2048,0.0,0.03125
6751,2,1,4096,0.0,0.03125
6752,4,-2,4096,0.0,0.046875
6753,1,1,1024,0.0,0.00390625
6754,4,-2,4096,0.0,0.0625
6755,8,2,4096,0.0,0.09375
6756,4,-1,1024,0.0,0.015625
6757,2,-1,4096,0.0,0.03125
6758,2,-1,2048,0.0,0.015625
6759,8,-1,4096,0.0,0.125
6760,1,1,1024,0.0,0.00390625
6761,2,-1,1024,0.0,0.0078125
6762,1,-2,2048,0.0,0.0078125
6763,8,1,2048,0.39705882352941174,0.0625
6764,2,-1,2048,0.0,0.015625
6765,8,-2,1024,0.0,0.03125
6766,4,2,4096,0.0,0.0625
6767,4,-1,1024,0.0,0.015625
6768,4,1,1024,0.0,0.015625
6769,1,-2,2048,0.0,0.0078125
6770,4,-1,1024,0.0,0.015625
6771,4,-1,2048,0.0,0.03125
6772,8,-2,2048,0.0,0.0546875
6773,4,2,1024,0.0,0.01171875
6774,8,-1,4096,0.0,0.125
6775,8,1,4096,1.0,0.109375
6776,4,1,4096,0.0,0.0625
6777,2,-1,2048,0.0,0.015625
6778,1,1,2048,0.772671568627451,0.0078125
6779,2,1,4096,0.0,0.03125
6780,8,-2,4096,0.0,0.125
6781,1,1,4096,0.0,0.015625
6782,2,-2,1024,0.0,0.0078125
6783,4,-1,4096,0.0,0.0625
6784,1,-1,2048,0.0,0.0078125
6785,8,-1,4096,0.0,0.125
6786,4,-2,4096,0.0,0.0625
6787,1,1,1024,0.0,0.00390625
6788,1,-1,1024,0.0,0.00390625
6789,4,-2,1024,0.0,0.015625
6790,8,-2,2048,0.0,0.0625
6791,8,1,4096,0.0,0.125
6792,8,1,1024,0.0,0.03125
6793,1,1,1024,0.0,0.00390625
6794,4,1,2048,0.0,0.03125
6795,1,2,2048,0.0,0.0078125
6796,1,2,1024,0.0,0.00390625
6797,4,2,2048,0.0,0.03125
6798,2,2,4096,0.0,0.03125
6799,4,2,1024,0.0,0.015625
6800,8,-1,1024,0.0,0.02734375
6801,1,1,1024,0.0,0.00390625
6802,4,1,1024,0.0,0.015625
6803,8,-2,2048,0.3939950980392157,0.0546875
6804,2,1,1024,0.0,0.0078125
6805,4,1,2048,0.0,0.0234375
6806,2,1,1024,0.0,0.0078125
6807,8,2,4096,0.0,0.125
6808,1,1,2048,0.0,0.0078125
6809,8,2,1024,0.0,0.03125
6810,8,2,1024,0.0,0.03125
6811,8,2,2048,0.0,0.0625
6812,2,-1,2048,0.0,0.015625
6813,4,-2,1024,0.0,0.015625
6814,2,-1,1024,0.0,0.0078125
6815,2,1,2048,0.0,0.015625
6816,8,2,2048,0.0,0.0546875
6817,4,2,1024,0.0,0.015625
6818,4,1,2048,0.0,0.03125
6819,1,1,1024,0.0,0.00390625
6820,8,2,4096,0.0,0.109375
6821,4,1,4096,0.0,0.0625
6822,8,-2,1024,0.0,0.03125
6823,1,1,1024,0.0,0.00390625
6824,4,-1,1024,0.0,0.015625
6825,4,1,4096,0.0,0.0625
6826,4,1,4096,0.0,0.0625
6827,1,-1,1024,0.0,0.00390625
6828,2,-1,2048,0.0,0.015625
6829,2,-2,1024,0.0,0.0078125
6830,4,-1,4096,0.28308823529411764,0.0625
6831,1,2,1024,0.0,0.00390625
6832,2,1,1024,0.0,0.0078125
6833,4,2,4096,0.0,0.0625
6834,1,2,4096,0.0,0.015625
6835,8,2,2048,0.0,0.0625
6836,4,-2,4096,0.0,0.0625
6837,1,-1,1024,0.0,0.00390625
6838,1,-2,1024,0.0,0.00390625
6839,8,-2,2048,0.0,0.0625
6840,2,-2,2048,0.0,0.015625
6841,8,-1,2048,0.0,0.0546875
6842,2,-2,4096,0.0,0.03125
6843,2,2,4096,0.0,0.03125
6844,2,1,1024,0.0,0.0078125
6845,4,1,4096,0.0,0.0625
6846,1,1,1024,0.0,0.00390625
6847,2,2,2048,0.0,0.015625
6848,2,-2,2048,0.0,0.015625
6849,1,-1,2048,0.0,0.0078125
6850,2,-1,1024,0.6274509803921569,0.0078125
6851,4,1,2048,0.0,0.03125
6852,4,1,1024,0.0,0.015625
6853,1,2,4096,0.0,0.015625
6854,8,1,1024,0.0,0.03125
6855,8,-2,2048,0.0,0.0625
6856,4,1,1024,0.0,0.015625
6857,8,2,1024,0.0,0.02734375
6858,2,1,2048,0.0,0.015625
6859,8,1,4096,0.0,0.109375
6860,4,-2,2048,0.0,0.03125
6861,4,-2,4096,0.0,0.046875
6862,1,-2,4096,0.0,0.015625
6863,4,-2,2048,0.0,0.03125
6864,8,-1,4096,0.0,0.125
6865,8,2,2048,0.0,0.0625
6866,2,-1,2048,0.0,0.015625
6867,1,1,4096,0.0,0.015625
6868,4,2,2048,0.0,0.03125
6869,1,2,4096,0.0,0.015625
6870,1,1,1024,0.0,0.00390625
6871,4,2,2048,0.0,0.03125
6872,8,-1,2048,0.0,0.0625
6873,2,-1,1024,0.0,0.0078125
6874,2,-1,4096,0.0,0.015625
6875,2,2,1024,0.0,0.0078125
6876,2,-1,1024,0.0,0.0078125
6877,1,2,1024,0.0,0.00390625
6878,4,-2,4096,0.0,0.0625
6879,4,-2,1024,0.0,0.015625
6880,2,1,1024,0.0,0.0078125
6881,2,2,4096,0.0,0.03125
6882,8,1,1024,0.0,0.03125
6883,1,-1,1024,0.0,0.00390625
6884,1,-2,1024,0.0,0.00390625
6885,1,-1,2048,0.0,0.0078125
6886,8,-1,1024,0.0,0.02734375
6887,2,-1,4096,0.0,0.03125
6888,1,2,1024,0.0,0.00390625
6889,8,2,2048,0.0,0.0546875
6890,1,2,1024,0.0,0.00390625
6891,2,-2,1024,0.0,0.0078125
6892,1,-2,1024,0.0,0.00390625
6893,4,-1,4096,0.0,0.0625
6894,4,1,4096,0.0,0.0625
6895,8,1,1024,0.0,0.03125
6896,2,-1,1024,0.0,0.0078125
6897,2,-2,4096,0.0,0.03125
6898,8,-1,2048,0.0,0.0625
6899,8,2,1024,0.0,0.03125
6900,1,2,1024,0.0,0.00390625
6901,4,2,2048,0.0,0.03125
6902,8,1,2048,0.0,0.0625
6903,4,-2,2048,0.0,0.03125
6904,4,2,1024,0.0,0.015625
6905,1,-2,2048,0.0,0.0078125
6906,1,-1,1024,0.0,0.00390625
6907,1,2,2048,0.0,0.0078125
6908,1,1,1024,0.0,0.00390625
6909,8,-2,1024,0.0,0.03125
6910,4,1,4096,0.0,0.0625
6911,8,-2,2048,0.0,0.0625
6912,2,-1,2048,0.0,0.015625
6913,8,2,1024,0.0,0.03125
6914,1,-1,1024,0.0,0.00390625
6915,8,2,4096,0.0,0.109375
6916,1,1,4096,0.664828431372549,0.015625
6917,1,1,2048,0.0,0.0078125
6918,1,1,1024,0.0,0.00390625
6919,8,1,2048,0.0,0.0546875
6920,2,-2,1024,0.0,0.0078125
6921,2,2,1024,0.0,0.0078125
6922,2,-1,1024,0.0,0.0078125
6923,8,1,2048,0.0,0.0625
6924,2,1,2048,0.0,0.015625
6925,1,1,2048,0.0,0.0078125
6926,2,-1,4096,0.625,0.03125
6927,2,2,1024,0.0,0.0078125
6928,4,-2,1024,0.0,0.015625
6929,8,1,4096,1.0,0.09375
6930,1,1,1024,0.0,0.00390625
6931,8,1,1024,0.0,0.03125
6932,1,-2,4096,0.0,0.015625
6933,4,-1,1024,0.0,0.015625
6934,2,-2,1024,0.0,0.0078125
6935,2,1,4096,0.0,0.03125
6936,2,1,2048,0.0,0.015625
6937,2,1,1024,0.0,0.0078125
6938,8,2,4096,0.0,0.09375
6939,8,-1,1024,0.0,0.03125
6940,8,-1,4096,0.0,0.125
6941,2,-1,2048,0.0,0.015625
6942,4,-2,4096,0.0,0.0625
6943,2,2,4096,0.0,0.03125
6944,8,2,4096,0.0,0.09375
6945,4,-1,1024,0.0,0.015625
6946,2,2,4096,0.0,0.03125
6947,2,-2,1024,0.0,0.0078125
6948,2,-2,1024,0.0,0.0078125
6949,4,-1,2048,0.0,0.03125
6950,4,-1,1024,0.0,0.015625
6951,2,-2,2048,0.0,0.015625
6952,8,1,1024,0.0,0.03125
6953,8,2,2048,0.0,0.0625
6954,2,-1,2048,0.0,0.015625
6955,8,-1,2048,0.0,0.0625
6956,1,-2,2048,0.0,0.0078125
6957,8,-1,4096,0.0,0.125
6958,2,2,1024,0.0,0.0078125
6959,4,2,4096,0.0,0.03125
6960,2,-2,2048,0.0,0.015625
6961,2,-2,2048,0.0,0.015625
6962,2,2,2048,0.0,0.015625
6963,4,-2,1024,0.0,0.015625
6964,1,1,4096,0.0,0.015625
6965,8,2,1024,0.4730392156862745,0.03125
6966,8,2,4096,0.0,0.125
6967,4,1,1024,0.6274509803921569,0.015625
6968,4,-1,4096,0.0,0.0625
6969,4,2,2048,0.0,0.03125
6970,1,1,2048,0.0,0.0078125
6971,4,2,4096,0.0,0.0625
6972,1,1,1024,0.0,0.00390625
6973,4,2,2048,0.0,0.03125
6974,2,2,4096,0.0,0.03125
6975,4,-2,1024,0.0,0.015625
6976,8,-1,1024,0.0,0.03125
6977,1,2,2048,0.0,0.0078125
6978,4,-2,1024,0.0,0.015625
6979,2,1,4096,0.0,0.03125
6980,2,-1,4096,1.0,0.03125
6981,4,-2,1024,0.0,0.01171875
6982,8,1,1024,0.0,0.03125
6983,1,2,4096,0.0,0.015625
6984,8,2,2048,0.23713235294117646,0.0625
6985,8,-1,4096,1.0,0.109375
6986,4,-2,4096,0.0,0.0625
6987,4,2,2048,0.0,0.03125
6988,2,2,1024,0.0,0.0078125
6989,1,1,2048,0.0,0.0078125
6990,4,1,2048,0.0,0.03125
6991,8,1,2048,0.0,0.0546875
6992,1,-2,1024,0.0,0.00390625
6993,4,-2,1024,0.0,0.015625
6994,4,-2,2048,0.0,0.03125
6995,8,2,2048,0.8982843137254902,0.0625
6996,2,-2,2048,0.0,0.015625
6997,2,1,1024,0.0,0.0078125
6998,2,-1,4096,0.0,0.03125
6999,8,-2,4096,0.0,0.125
7000,8,2,4096,0.0,0.125
7001,2,-2,4096,0.0,0.015625
7002,8,2,2048,0.6427696078431373,0.0625
7003,4,2,1024,0.0,0.015625
7004,2,2,2048,0.0,0.015625
7005,1,-2,2048,0.0,0.0078125
7006,4,2,4096,0.0,0.0625
7007,4,1,1024,0.0,0.015625
7008,8,-1,1024,0.0,0.03125
7009,4,1,1024,0.0,0.015625
7010,1,-1,1024,0.0,0.00390625
7011,4,-1,2048,0.0,0.03125
7012,4,-1,1024,0.0,0.015625
7013,2,1,1024,0.0,0.0078125
7014,2,1,2048,0.0,0.015625
7015,8,-2,4096,0.0,0.109375
7016,4,-2,2048,0.0,0.03125
7017,4,2,1024,0.0,0.015625
7018,2,1,1024,0.0,0.0078125
7019,2,2,4096,0.0,0.03125
7020,4,-1,2048,0.0,0.03125
7021,8,-1,2048,0.9656862745098039,0.0625
7022,4,-1,4096,0.0,0.0625
7023,4,1,2048,0.0,0.03125
7024,1,2,2048,0.0,0.0078125
7025,8,1,4096,0.0,0.125
7026,1,-1,1024,0.0,0.00390625
7027,8,2,2048,0.0,0.0546875
7028,2,1,2048,0.0,0.015625
7029,8,-1,1024,0.0,0.03125
7030,8,-2,1024,0.0,0.03125
7031,8,1,4096,0.0,0.09375
7032,8,1,1024,0.0,0.03125
7033,4,2,2048,0.0,0.03125
7034,8,-2,2048,0.0,0.0625
7035,1,-2,1024,0.0,0.00390625
7036,1,2,1024,0.0,0.00390625
7037,4,1,2048,0.0,0.03125
7038,8,-2,4096,0.0,0.109375
7039,8,-2,2048,0.0,0.0546875
7040,4,-1,2048,0.0,0.03125
7041,4,1,2048,0.0,0.03125
7042,4,-2,4096,0.0,0.0625
7043,8,-1,4096,0.0,0.125
7044,8,1,1024,0.0,0.03125
7045,1,2,2048,0.0,0.0078125
7046,4,-1,2048,0.0,0.03125
7047,2,-1,1024,0.0,0.0078125
7048,8,-1,4096,0.0,0.125
7049,4,-2,1024,0.0,0.015625
7050,8,-2,4096,0.0,0.09375
7051,2,2,1024,0.0,0.0078125
7052,4,-2,2048,0.0,0.03125
7053,1,2,4096,0.0,0.015625
7054,8,-2,2048,0.0,0.0546875
7055,1,1,1024,0.0,0.00390625
7056,2,2,1024,0.0,0.0078125
7057,8,1,2048,0.0,0.0625
7058,8,1,4096,0.0,0.09375
7059,2,-1,2048,0.0,0.015625
7060,2,1,1024,0.0,0.0078125
7061,1,1,4096,0.0,0.015625
7062,8,-1,2048,0.0,0.0625
7063,1,-2,1024,0.0,0.00390625
7064,1,2,2048,0.0,0.0078125
7065,2,-2,1024,0.0,0.0078125
7066,1,2,4096,0.0,0.015625
7067,1,2,4096,0.0,0.015625
7068,4,-2,1024,0.0,0.015625
7069,4,1,2048,0.0,0.03125
7070,2,1,1024,0.0,0.0078125
7071,8,-2,2048,0.0,0.0625
7072,4,2,1024,0.0,0.015625
7073,1,-2,4096,0.0,0.015625
7074,4,-2,1024,0.0,0.015625
7075,4,2,4096,0.0,0.0625
7076,8,1,1024,0.0,0.03125
7077,1,-2,1024,0.0,0.00390625
7078,1,-2,4096,0.0,0.015625
7079,2,-1,4096,0.0,0.03125
7080,2,-2,1024,0.0,0.0078125
7081,8,-2,1024,0.6274509803921569,0.02734375
7082,4,1,4096,0.0,0.0625
7083,4,-2,4096,0.0,0.046875
7084,4,-1,2048,0.0,0.0234375
7085,8,-1,1024,0.0,0.03125
7086,2,2,1024,0.0,0.00390625
7087,1,2,1024,0.0,0.00390625
7088,1,2,4096,0.0,0.015625
7089,2,-1,1024,0.0,0.0078125
7090,4,1,2048,0.0,0.03125
7091,2,1,4096,0.0,0.03125
7092,2,2,1024,0.0,0.0078125
7093,2,1,4096,0.0,0.03125
7094,8,2,4096,0.0,0.125
7095,8,1,1024,0.0,0.03125
7096,1,2,1024,0.0,0.00390625
7097,1,1,1024,0.0,0.00390625
7098,1,1,1024,0.0,0.00390625
7099,8,1,1024,0.0,0.03125
7100,2,-1,4096,0.0,0.03125
7101,8,1,1024,0.0,0.03125
7102,4,-1,1024,0.0,0.015625
7103,4,1,4096,0.16850490196078433,0.0625
7104,2,-1,1024,0.0,0.0078125
7105,2,2,1024,0.0,0.0078125
7106,1,1,1024,0.0,0.00390625
7107,4,1,4096,0.0,0.0625
7108,2,-2,4096,0.0,0.03125
7109,2,2,4096,0.0,0.03125
7110,1,2,4096,0.0,0.015625
7111,8,-2,1024,0.0,0.03125
7112,8,-1,2048,0.0,0.0546875
7113,2,1,2048,0.0,0.015625
7114,4,2,1024,0.0,0.015625
7115,8,1,4096,1.0,0.125
7116,4,-1,2048,0.0,0.03125
7117,4,-1,4096,0.0,0.0625
7118,2,2,1024,0.0,0.0078125
7119,4,2,4096,0.0,0.0625
7120,4,2,1024,0.0,0.015625
7121,4,-1,1024,0.0,0.01171875
7122,4,-1,2048,0.0,0.03125
7123,4,-2,1024,0.0,0.015625
7124,1,2,1024,0.0,0.00390625
7125,8,2,4096,1.0,0.109375
7126,8,-2,2048,0.0,0.0625
7127,1,-2,2048,0.0,0.0078125
7128,2,1,1024,0.0,0.0078125
7129,8,-1,4096,0.0,0.125
7130,2,-1,4096,0.0,0.03125
7131,8,-1,4096,0.0,0.125
7132,8,1,2048,0.0,0.0625
7133,8,2,2048,0.0,0.0625
7134,1,2,1024,0.0,0.00390625
7135,2,-1,1024,0.0,0.0078125
7136,4,2,1024,0.0,0.015625
7137,8,1,2048,0.0,0.0625
7138,1,-2,4096,0.0,0.015625
7139,2,2,4096,1.0,0.03125
7140,1,-1,1024,0.0,0.00390625
7141,8,1,1024,0.0,0.03125
7142,8,1,1024,0.0,0.03125
7143,1,2,1024,0.13602941176470587,0.00390625
7144,1,2,2048,0.0,0.0078125
7145,2,2,4096,0.0,0.015625
7146,8,1,1024,0.0,0.03125
7147,2,-1,4096,0.0,0.03125
7148,2,-1,2048,0.0,0.015625
7149,2,2,2048,0.2696078431372549,0.015625
7150,4,-2,4096,0.0,0.03125
7151,2,1,4096,0.0,0.03125
7152,1,1,4096,0.0,0.015625
7153,8,-2,2048,0.0,0.0625
7154,2,1,1024,0.0,0.0078125
7155,2,-1,4096,1.0,0.03125
7156,4,-1,4096,0.0,0.0625
7157,4,1,4096,0.0,0.0625
7158,1,-2,2048,0.0,0.0078125
7159,1,-2,1024,0.0,0.00390625
7160,1,-1,1024,0.0,0.00390625
7161,8,1,2048,0.0,0.0546875
7162,4,-2,2048,0.0,0.03125
7163,8,-1,1024,0.0,0.03125
7164,4,-1,4096,0.0,0.0625
7165,2,1,2048,0.0,0.015625
7166,4,-1,1024,0.0,0.015625
7167,4,-2,2048,0.0,0.0234375
7168,2,1,4096,0.0,0.03125
7169,8,2,2048,0.0,0.0625
7170,8,1,4096,0.0,0.109375
7171,8,-1,4096,1.0,0.109375
7172,8,-1,2048,0.0,0.0625
7173,2,-2,2048,0.0,0.015625
7174,1,-2,1024,0.0,0.00390625
7175,2,-1,4096,0.0,0.03125
7176,4,1,4096,0.0,0.046875
7177,8,-1,2048,0.0,0.0625
7178,2,2,1024,0.0,0.0078125
7179,2,1,2048,0.0,0.015625
7180,2,-2,4096,0.0,0.03125
7181,8,1,1024,0.0,0.03125
7182,1,1,2048,0.0,0.0078125
7183,2,-2,2048,0.0,0.015625
7184,1,-1,2048,0.0,0.0078125
7185,8,2,2048,0.0,0.0625
7186,2,-1,4096,0.0,0.03125
7187,1,-1,1024,0.0,0.00390625
7188,2,-2,2048,0.0,0.015625
7189,1,-2,4096,0.0,0.015625
7190,2,-1,4096,0.0,0.03125
7191,8,2,2048,0.0,0.0625
7192,4,2,4096,0.0,0.046875
7193,8,1,1024,0.0,0.02734375
7194,4,2,2048,0.0,0.03125
7195,8,1,4096,0.0,0.109375
7196,2,1,2048,0.0,0.015625
7197,8,-1,2048,0.0,0.0546875
7198,1,-2,2048,0.0,0.0078125
7199,2,-1,2048,0.0,0.015625
7200,4,2,4096,0.0,0.0625
7201,2,1,2048,0.0,0.0078125
7202,2,2,1024,0.0,0.0078125
7203,1,-2,1024,0.0,0.00390625
7204,1,-2,4096,0.0,0.015625
7205,4,-1,2048,0.0,0.03125
7206,8,-1,1024,0.0,0.02734375
7207,1,2,1024,0.0,0.00390625
7208,2,-1,1024,0.0,0.0078125
7209,8,1,1024,0.0,0.03125
7210,8,1,4096,0.0,0.125
7211,1,-1,2048,0.0,0.0078125
7212,4,2,2048,0.0,0.03125
7213,1,-2,1024,0.0,0.00390625
7214,1,-2,4096,0.0,0.015625
7215,1,1,4096,0.0,0.015625
7216,4,1,4096,1.0,0.0625
7217,1,-1,2048,0.0,0.0078125
7218,2,2,2048,0.0,0.015625
7219,1,-2,1024,0.0,0.00390625
7220,2,-1,4096,0.0,0.03125
7221,4,-2,4096,0.0,0.046875
7222,2,-2,1024,0.0,0.0078125
7223,2,1,2048,0.0,0.015625
7224,4,1,1024,0.0,0.015625
7225,4,1,2048,0.0,0.03125
7226,1,2,1024,0.0,0.00390625
7227,8,-2,4096,0.0,0.125
7228,8,1,4096,0.0,0.125
7229,4,-2,4096,0.0,0.0625
7230,4,2,1024,0.0,0.015625
7231,4,1,1024,0.0,0.015625
7232,2,2,4096,0.0,0.03125
7233,2,1,1024,0.0,0.0078125
7234,2,-1,2048,0.11519607843137254,0.015625
7235,1,1,4096,0.0,0.015625
7236,8,2,2048,0.0,0.0546875
7237,2,-2,1024,0.0,0.0078125
7238,2,2,4096,0.0,0.03125
7239,8,1,4096,0.0,0.125
7240,4,-2,1024,0.0,0.015625
7241,4,2,2048,0.0,0.03125
7242,1,-2,2048,0.0,0.0078125
7243,2,1,2048,0.0,0.015625
7244,4,-2,4096,0.0,0.046875
7245,2,-2,4096,0.0,0.03125
7246,1,1,1024,0.0,0.00390625
7247,8,1,4096,0.0,0.125
7248,2,1,4096,0.0,0.03125
7249,4,-1,1024,0.0,0.015625
7250,2,2,1024,0.0,0.0078125
7251,4,-2,2048,0.0,0.03125
7252,8,2,4096,0.0,0.125
7253,8,-1,4096,0.0,0.078125
7254,1,1,2048,0.0,0.0078125
7255,4,2,1024,0.0,0.015625
7256,8,-1,1024,0.0,0.03125
7257,4,-1,4096,0.0,0.0625
7258,1,2,2048,0.0,0.0078125
7259,1,2,2048,0.0,0.0078125
7260,1,-2,4096,0.0,0.015625
7261,1,1,1024,0.0,0.00390625
7262,8,-1,1024,0.0,0.03125
7263,8,1,4096,1.0,0.09375
7264,4,-1,1024,0.0,0.015625
7265,4,-2,4096,0.0,0.0625
7266,8,2,4096,0.3400735294117647,0.09375
7267,2,1,1024,0.0,0.0078125
7268,2,-1,2048,0.0,0.015625
7269,4,-2,4096,0.0,0.0625
7270,2,-2,2048,0.0,0.015625
7271,1,-1,1024,0.0,0.00390625
7272,4,1,1024,0.0,0.015625
7273,8,-1,1024,0.0,0.03125
7274,1,1,1024,0.0,0.00390625
7275,1,-1,1024,0.0,0.00390625
7276,2,-2,1024,0.0,0.0078125
7277,8,1,4096,0.3174019607843137,0.125
7278,4,-2,2048,0.0,0.03125
7279,4,-2,1024,0.0,0.015625
7280,4,-2,1024,0.0,0.015625
7281,2,-1,1024,0.0,0.0078125
7282,4,1,1024,0.0,0.015625
7283,1,2,4096,0.0,0.015625
7284,1,-2,1024,0.0,0.00390625
7285,8,-2,2048,0.0,0.0546875
7286,4,-2,2048,0.0,0.03125
7287,1,-1,1024,0.0,0.00390625
7288,2,-2,1024,0.0,0.0078125
7289,1,-1,1024,0.0,0.00390625
7290,4,2,1024,0.0,0.015625
7291,8,-1,4096,0.0,0.109375
7292,2,1,4096,0.0,0.03125
7293,2,1,2048,0.0,0.015625
7294,1,-2,4096,1.0,0.015625
7295,2,-2,4096,0.0,0.03125
7296,2,-1,4096,0.0,0.03125
7297,1,-1,1024,0.0,0.00390625
7298,2,-2,4096,1.0,0.03125
7299,8,1,2048,0.0,0.0625
7300,8,-1,2048,0.0,0.0625
7301,2,-1,4096,0.0,0.03125
7302,8,1,2048,0.0,0.0546875
7303,1,2,1024,0.0,0.00390625
7304,8,2,1024,0.0,0.03125
7305,2,2,1024,0.0,0.0078125
7306,4,-1,1024,0.0,0.015625
7307,1,-2,2048,0.0,0.0078125
7308,8,-2,4096,0.0,0.109375
7309,2,-1,2048,0.0,0.015625
7310,8,-1,2048,0.0,0.0625
7311,1,-2,1024,0.0,0.00390625
7312,4,-2,2048,0.0,0.03125
7313,1,-2,4096,0.0,0.015625
7314,8,1,1024,0.0,0.03125
7315,2,-1,2048,0.0,0.015625
7316,4,-2,4096,0.0,0.0625
7317,8,1,2048,0.0,0.0625
7318,4,2,2048,0.0,0.03125
7319,1,-1,1024,0.0,0.00390625
7320,1,-1,4096,0.0,0.015625
7321,1,-1,2048,0.0,0.0078125
7322,8,-1,1024,0.0,0.03125
7323,8,-1,2048,0.0,0.0625
7324,2,2,4096,0.0,0.03125
7325,8,2,4096,0.0,0.125
7326,1,-1,1024,0.0,0.00390625
7327,4,2,2048,0.9730392156862745,0.03125
7328,2,2,4096,0.0,0.03125
7329,1,-2,4096,0.0,0.015625
7330,2,-1,2048,0.29473039215686275,0.015625
7331,2,1,1024,0.0,0.0078125
7332,2,-1,4096,0.0,0.03125
7333,1,-1,2048,0.0,0.0078125
7334,2,-1,2048,0.0,0.015625
7335,1,1,4096,0.0,0.015625
7336,8,-1,2048,0.0,0.0625
7337,2,1,2048,0.0,0.015625
7338,1,-2,1024,0.0,0.00390625
7339,4,2,4096,0.0,0.0625
7340,8,-2,2048,0.0,0.0546875
7341,2,-2,4096,0.0,0.03125
7342,8,-2,1024,0.0,0.02734375
7343,4,-1,4096,0.0,0.0625
7344,4,1,2048,0.0,0.03125
7345,2,2,1024,0.0,0.0078125
7346,1,-1,1024,0.0,0.00390625
7347,2,-2,1024,0.0,0.0078125
7348,8,-1,1024,0.0,0.03125
7349,8,-2,2048,0.0,0.0625
7350,8,-1,4096,0.0,0.125
7351,8,1,4096,0.0,0.125
7352,2,-2,4096,0.0,0.015625
7353,2,2,2048,0.0,0.015625
7354,8,-2,2048,0.0,0.0625
7355,4,1,1024,0.0,0.015625
7356,2,2,1024,0.0,0.0078125
7357,2,2,2048,0.0,0.015625
7358,8,1,4096,0.0,0.125
7359,1,1,1024,0.0,0.00390625
7360,1,-2,1024,0.0,0.00390625
7361,4,-2,1024,0.0,0.015625
7362,1,-1,1024,0.0,0.00390625
7363,1,1,1024,0.0,0.00390625
7364,8,1,1024,0.0,0.03125
7365,2,2,1024,0.0,0.0078125
7366,4,-1,2048,0.0,0.03125
7367,2,2,4096,0.0,0.03125
7368,1,-1,1024,0.0,0.00390625
7369,1,-2,1024,0.0,0.00390625
7370,8,1,4096,1.0,0.125
7371,1,-2,1024,0.0,0.00390625
7372,4,-1,4096,0.0,0.0625
7373,2,2,2048,0.0,0.015625
7374,2,2,4096,0.0,0.03125
7375,8,-1,1024,0.0,0.03125
7376,4,-2,1024,0.0,0.01171875
7377,4,-2,2048,0.0,0.0234375
7378,2,-2,1024,0.0,0.0078125
7379,2,2,1024,0.0,0.0078125
7380,4,2,4096,0.0,0.0625
7381,1,1,1024,0.0,0.00390625
7382,1,1,2048,0.0,0.0078125
7383,4,-1,4096,0.0,0.0625
7384,4,-2,1024,0.0,0.015625
7385,1,-2,1024,0.0,0.00390625
7386,8,1,2048,0.0,0.0625
7387,4,-2,1024,0.0,0.015625
7388,1,-2,4096,0.0,0.015625
7389,8,2,1024,0.0,0.03125
7390,8,1,1024,0.0,0.03125
7391,2,-1,1024,0.0,0.0078125
7392,2,-2,1024,0.0,0.0078125
7393,2,-2,1024,0.0,0.0078125
7394,4,-1,2048,0.0,0.03125
7395,1,-1,2048,0.0,0.0078125
7396,2,1,2048,0.0,0.015625
7397,1,-2,1024,0.0,0.00390625
7398,1,-2,1024,0.0,0.00390625
7399,2,-2,1024,0.0,0.0078125
7400,4,-1,1024,0.0,0.015625
7401,8,-1,4096,0.0,0.109375
7402,1,-2,1024,0.0,0.00390625
7403,1,1,1024,0.0,0.00390625
7404,2,-1,2048,0.0,0.015625
7405,4,-2,1024,0.0,0.015625
7406,8,1,2048,0.0,0.0625
7407,4,-1,2048,0.0,0.03125
7408,4,-1,4096,0.0,0.0625
7409,1,-1,1024,0.0,0.00390625
7410,1,-2,1024,0.0,0.00390625
7411,1,-1,4096,0.0,0.015625
7412,4,1,2048,0.0,0.03125
7413,2,-2,1024,0.0,0.0078125
7414,1,1,2048,0.0,0.0078125
7415,4,-2,2048,0.0,0.0234375
7416,8,1,4096,0.0,0.109375
7417,2,-2,4096,0.0,0.03125
7418,8,-2,2048,0.0,0.0546875
7419,4,-1,1024,0.0,0.015625
7420,4,1,4096,0.0,0.0625
7421,8,1,1024,0.0,0.03125
7422,1,-1,4096,0.0,0.015625
7423,8,-2,2048,0.0,0.0625
7424,8,-1,2048,0.0,0.046875
7425,8,2,4096,0.0,0.09375
7426,4,-2,2048,0.0,0.0234375
7427,8,1,2048,0.0,0.0625
7428,8,-1,1024,0.0,0.02734375
7429,8,-2,2048,0.0,0.0625
7430,8,1,1024,0.0,0.03125
7431,8,-2,1024,0.0,0.03125
7432,2,-1,1024,0.0,0.0078125
7433,4,-2,2048,0.0,0.03125
7434,2,1,4096,0.0,0.03125
7435,8,-2,1024,0.0,0.03125
7436,8,-2,1024,0.0,0.03125
7437,8,1,2048,0.0,0.0546875
7438,4,2,1024,0.0,0.015625
7439,2,-2,1024,0.0,0.0078125
7440,1,-1,2048,0.0,0.0078125
7441,4,2,2048,0.0,0.03125
7442,4,-1,1024,0.0,0.015625
7443,4,-1,1024,0.0,0.015625
7444,4,2,1024,0.0,0.015625
7445,8,1,4096,0.0,0.125
7446,1,-1,2048,0.0,0.0078125
7447,2,2,4096,0.0,0.015625
7448,4,1,1024,0.0,0.015625
7449,8,1,4096,0.0,0.109375
7450,8,-1,1024,0.0,0.03125
7451,8,2,4096,0.0,0.109375
7452,8,2,4096,0.0,0.125
7453,8,2,2048,0.0,0.0625
7454,4,1,4096,0.0,0.0625
7455,1,-1,4096,0.0,0.015625
7456,4,-2,4096,0.0,0.0625
7457,4,-2,1024,0.0,0.015625
7458,1,2,1024,0.0,0.00390625
7459,8,-1,4096,0.0,0.125
7460,4,-2,4096,0.0,0.046875
7461,8,-2,2048,0.0,0.0546875
7462,1,-2,1024,0.0,0.00390625
7463,8,1,2048,0.0,0.0625
7464,2,1,2048,0.0,0.015625
7465,4,-1,2048,0.0,0.03125
7466,4,1,2048,0.0,0.03125
7467,4,-1,4096,0.0,0.0625
7468,8,2,2048,0.0,0.0625
7469,1,2,4096,0.0,0.015625
7470,4,-2,1024,0.0,0.015625
7471,8,-1,4096,0.0,0.109375
7472,1,2,4096,0.0,0.015625
7473,2,1,2048,0.0,0.015625
7474,2,2,2048,0.0,0.015625
7475,4,-1,2048,0.0,0.03125
7476,8,-2,2048,1.0,0.0625
7477,8,2,4096,0.0,0.109375
7478,8,2,1024,0.0,0.03125
7479,2,1,2048,0.0,0.015625
7480,4,-1,4096,0.0,0.0625
7481,1,-2,2048,0.0,0.0078125
7482,2,1,2048,0.0,0.015625
7483,1,1,2048,0.0,0.0078125
7484,1,1,2048,0.0,0.0078125
7485,8,-2,2048,0.0,0.0625
7486,8,1,4096,0.0,0.125
7487,4,1,4096,0.0,0.0625
7488,1,2,4096,0.0,0.015625
7489,1,1,2048,0.0,0.0078125
7490,1,1,4096,0.0,0.015625
7491,4,-1,4096,0.0,0.03125
7492,1,1,1024,0.0,0.00390625
7493,2,1,4096,0.0,0.03125
7494,8,2,4096,0.0,0.125
7495,8,2,2048,0.0,0.0625
7496,8,-2,4096,0.0,0.09375
7497,2,2,1024,0.0,0.0078125
7498,4,2,4096,0.0,0.0625
7499,1,1,2048,0.0,0.0078125
7500,8,1,4096,0.0,0.09375
7501,1,1,2048,0.0,0.0078125
7502,4,-1,2048,0.0,0.03125
7503,4,-1,2048,0.0,0.03125
7504,8,2,2048,0.0,0.0625
7505,2,2,4096,0.0,0.03125
7506,1,-2,4096,0.0,0.015625
7507,8,2,1024,0.0,0.03125
7508,4,-1,2048,0.0,0.03125
7509,2,-2,1024,0.0,0.0078125
7510,2,2,1024,0.0,0.0078125
7511,2,-2,4096,0.0,0.03125
7512,2,-2,4096,0.0,0.03125
7513,2,-1,4096,0.0,0.03125
7514,2,-1,2048,0.0,0.015625
7515,2,-2,2048,0.8321078431372549,0.015625
7516,1,-2,4096,0.0,0.015625
7517,8,-1,1024,0.40808823529411764,0.03125
7518,1,-2,1024,0.0,0.0
7519,1,-2,2048,0.8560049019607843,0.0078125
7520,1,2,2048,0.0,0.0078125
7521,8,1,2048,0.0,0.0546875
7522,2,-2,1024,0.0,0.0078125
7523,2,-2,2048,0.0,0.015625
7524,2,2,4096,0.0,0.03125
7525,1,-1,1024,0.0,0.00390625
7526,2,-2,2048,0.0,0.015625
7527,1,1,1024,0.0,0.00390625
7528,8,2,1024,0.0,0.03125
7529,1,-1,2048,0.0,0.0078125
7530,2,1,2048,0.0,0.015625
7531,8,-1,2048,1.0,0.0625
7532,8,-2,1024,0.0,0.03125
7533,4,2,2048,0.0,0.03125
7534,1,2,1024,0.0,0.00390625
7535,2,2,2048,0.0,0.015625
7536,1,-2,4096,0.0,0.015625
7537,4,1,2048,0.0,0.0234375
7538,2,1,4096,0.0,0.03125
7539,4,-2,2048,0.0,0.03125
7540,4,2,4096,0.0,0.0625
7541,8,-2,4096,0.0,0.125
7542,2,-1,4096,0.0,0.03125
7543,8,2,2048,0.0,0.0625
7544,2,1,1024,0.0,0.0078125
7545,4,1,2048,0.0,0.03125
7546,4,-1,4096,0.0,0.0625
7547,8,2,2048,0.5949754901960784,0.0625
7548,2,-2,4096,0.0,0.03125
7549,8,1,4096,0.0,0.125
7550,2,-2,4096,0.0,0.03125
7551,2,-2,2048,0.0,0.015625
7552,2,1,1024,0.0,0.0078125
7553,4,-1,2048,0.0,0.03125
7554,4,-2,2048,0.0,0.03125
7555,1,2,4096,0.0,0.015625
7556,8,-1,1024,0.0,0.03125
7557,8,2,1024,0.0,0.02734375
7558,1,-2,1024,0.0,0.00390625
7559,8,-2,2048,0.9301470588235294,0.0625
7560,4,-1,1024,0.0,0.015625
7561,1,1,2048,0.037377450980392156,0.0078125
7562,2,-1,1024,0.0,0.0078125
7563,8,-2,4096,0.0,0.109375
7564,2,1,2048,0.0,0.0078125
7565,8,2,4096,0.0,0.125
7566,2,-2,2048,0.0,0.015625
7567,1,-1,1024,0.0,0.00390625
7568,2,-1,1024,0.0,0.0078125
7569,4,1,4096,0.0,0.0625
7570,4,-2,2048,0.0,0.03125
7571,8,-2,4096,0.0,0.125
7572,1,-2,4096,0.0,0.015625
7573,8,1,2048,0.0,0.0546875
7574,4,-2,2048,0.0,0.03125
7575,1,1,1024,0.0,0.00390625
7576,8,-1,1024,0.0,0.03125
7577,2,-1,1024,0.0,0.0078125
7578,4,2,1024,0.0,0.015625
7579,4,2,2048,0.0,0.03125
7580,1,2,4096,0.0,0.015625
7581,1,2,2048,0.0,0.0078125
7582,4,-2,2048,0.0,0.03125
7583,2,2,4096,0.0,0.03125
7584,1,-2,4096,0.0,0.015625
7585,1,-1,1024,0.0,0.00390625
7586,8,1,1024,0.2818627450980392,0.03125
7587,1,1,2048,0.0,0.0078125
7588,1,1,1024,0.0,0.00390625
7589,4,1,1024,0.0,0.015625
7590,1,-1,2048,0.0,0.0
7591,4,1,2048,0.0,0.03125
7592,4,-1,1024,0.0,0.015625
7593,4,-1,1024,0.0,0.015625
7594,2,1,4096,0.0,0.03125
7595,8,1,2048,0.0,0.0546875
7596,4,-1,2048,0.0,0.03125
7597,2,-2,1024,0.0,0.0078125
7598,1,-1,1024,0.0,0.00390625
7599,2,-1,2048,0.0,0.015625
7600,1,-2,1024,0.0,0.00390625
7601,1,-2,1024,0.0,0.00390625
7602,2,2,4096,0.0,0.03125
7603,1,-1,4096,0.0,0.015625
7604,1,1,2048,0.0,0.0078125
7605,2,-2,1024,0.0,0.0078125
7606,4,2,1024,0.0,0.015625
7607,1,-2,2048,0.0,0.0078125
7608,2,-1,4096,0.0,0.03125
7609,1,2,2048,0.0,0.0078125
7610,1,-2,2048,0.0,0.0078125
7611,1,1,1024,0.0,0.00390625
7612,2,2,1024,0.0,0.0078125
7613,4,-2,1024,0.0545343137254902,0.015625
7614,8,-2,2048,0.0,0.0625
7615,4,2,1024,0.0,0.015625
7616,4,-1,1024,0.0,0.015625
7617,8,2,2048,0.0,0.0625
7618,2,2,2048,0.0,0.015625
7619,8,2,4096,0.0,0.109375
7620,8,2,2048,0.0,0.0625
7621,4,2,1024,0.0,0.015625
7622,8,-1,4096,0.0,0.109375
7623,1,2,4096,0.0,0.015625
7624,8,-1,4096,0.0,0.109375
7625,4,1,4096,0.0,0.0625
7626,1,-2,2048,0.0,0.0078125
7627,1,2,4096,0.0,0.015625
7628,4,1,4096,0.0,0.0625
7629,2,2,2048,0.0,0.015625
7630,2,-1,4096,0.0,0.03125
7631,2,-1,4096,0.0,0.03125
7632,8,1,4096,0.0,0.109375
7633,2,2,2048,0.0,0.015625
7634,1,1,2048,0.0,0.0078125
7635,2,2,4096,1.0,0.03125
7636,1,-2,4096,0.0,0.015625
7637,4,2,1024,0.0,0.015625
7638,8,1,1024,0.0,0.02734375
7639,8,2,4096,0.0,0.125
7640,4,-2,1024,0.0,0.015625
7641,8,-1,4096,0.0,0.109375
7642,2,-2,1024,0.0,0.0078125
7643,4,-1,4096,0.0,0.0625
7644,1,2,4096,0.0,0.015625
7645,4,1,1024,0.0,0.015625
7646,4,2,1024,0.6274509803921569,0.015625
7647,1,1,4096,0.0,0.015625
7648,4,2,1024,0.0,0.01171875
7649,4,2,1024,0.0,0.015625
7650,2,1,4096,1.0,0.03125
7651,4,2,4096,0.0,0.0625
7652,2,-2,1024,0.0,0.0078125
7653,2,1,2048,0.0,0.015625
7654,1,1,2048,0.0,0.0078125
7655,2,2,2048,0.0,0.015625
7656,8,1,2048,0.0,0.0625
7657,8,-2,2048,0.0,0.0546875
7658,4,1,1024,0.0,0.015625
7659,4,2,1024,0.0,0.015625
7660,4,-2,4096,0.0,0.0625
7661,2,-2,1024,0.0,0.00390625
7662,2,1,4096,0.0,0.03125
7663,4,1,1024,0.0,0.015625
7664,8,1,4096,0.0,0.109375
7665,2,-2,2048,0.0,0.015625
7666,4,1,4096,0.0,0.0625
7667,2,1,4096,0.0,0.03125
7668,2,2,2048,0.0,0.015625
7669,2,-1,4096,0.0,0.03125
7670,1,-1,2048,0.0,0.0078125
7671,2,-2,4096,0.0,0.03125
7672,4,1,4096,0.0,0.046875
7673,4,1,4096,0.0,0.046875
7674,8,-1,4096,0.0,0.109375
7675,1,1,2048,0.0,0.0078125
7676,8,2,1024,0.0,0.03125
7677,8,-2,2048,0.6580882352941176,0.0625
7678,2,1,1024,0.0,0.0078125
7679,2,1,2048,0.0,0.015625
7680,2,-2,4096,0.0,0.03125
7681,4,-2,1024,0.0,0.015625
7682,8,-1,4096,0.9840686274509803,0.109375
7683,4,-2,2048,0.0,0.03125
7684,4,-1,1024,0.0,0.015625
7685,4,-2,4096,0.0,0.046875
7686,1,2,1024,0.0,0.00390625
7687,4,1,2048,0.0,0.03125
7688,1,-1,2048,0.0,0.0078125
7689,8,2,4096,0.0,0.109375
7690,8,-2,2048,0.0,0.0546875
7691,4,1,1024,0.0,0.015625
7692,2,1,2048,0.0,0.015625
7693,4,2,4096,0.0,0.0625
7694,4,-2,4096,0.02022058823529412,0.0625
7695,4,1,1024,0.0,0.015625
7696,4,2,2048,0.0,0.03125
7697,1,2,4096,0.0,0.015625
7698,1,-2,1024,0.0,0.00390625
7699,2,2,1024,0.0,0.0078125
7700,4,-1,4096,0.0,0.0625
7701,2,-1,2048,0.0,0.015625
7702,4,-2,2048,0.0,0.03125
7703,2,-2,2048,0.0,0.015625
7704,8,-1,2048,0.0,0.0625
7705,2,-2,1024,0.0,0.0078125
7706,8,1,4096,0.0,0.125
7707,2,1,2048,0.0,0.015625
7708,2,-1,2048,0.0,0.015625
7709,4,1,1024,0.0,0.015625
7710,2,1,1024,0.0,0.0078125
7711,1,-2,2048,0.0,0.0078125
7712,2,-1,1024,0.0,0.0078125
7713,8,2,4096,0.0,0.125
7714,1,-2,4096,0.0,0.015625
7715,2,2,1024,0.0,0.0078125
7716,4,2,1024,0.0,0.015625
7717,4,-1,2048,0.0,0.03125
7718,2,-1,1024,0.0,0.0078125
7719,1,-2,4096,0.0,0.015625
7720,1,1,1024,0.0,0.00390625
7721,2,-2,2048,0.0,0.015625
7722,8,2,1024,0.2849264705882353,0.03125
7723,1,-1,4096,0.0,0.015625
7724,8,2,1024,0.0,0.02734375
7725,4,2,2048,0.0,0.03125
7726,1,-1,4096,0.0,0.015625
7727,2,1,2048,0.0,0.015625
7728,1,-2,1024,0.0,0.00390625
7729,8,-2,1024,0.0,0.03125
7730,4,1,2048,0.0,0.03125
7731,2,-1,1024,0.0,0.0078125
7732,2,-1,2048,0.0,0.015625
7733,4,-2,2048,1.0,0.03125
7734,1,2,2048,0.0,0.0078125
7735,2,-1,4096,0.0,0.03125
7736,1,-1,4096,0.0,0.015625
7737,4,-1,1024,0.0,0.015625
7738,4,-1,4096,0.0,0.0625
7739,2,1,4096,0.0,0.03125
7740,1,2,1024,0.0,0.00390625
7741,2,1,2048,0.0,0.015625
7742,8,-2,2048,0.0,0.0625
7743,1,2,2048,0.0,0.0078125
7744,1,-1,2048,0.0,0.0078125
7745,1,-2,4096,0.0,0.015625
7746,8,-2,2048,0.0,0.0625
7747,1,2,4096,0.0,0.015625
7748,4,-1,2048,0.0,0.03125
7749,8,-2,2048,0.0,0.0625
7750,4,2,1024,0.0,0.01171875
7751,2,-1,1024,0.0,0.0078125
7752,1,2,2048,0.0,0.0078125
7753,1,2,1024,0.0,0.00390625
7754,1,-2,4096,0.0,0.015625
7755,8,1,1024,0.0,0.03125
7756,1,1,1024,0.0,0.00390625
7757,1,-2,4096,0.0,0.015625
7758,8,-1,1024,0.0,0.03125
7759,2,-1,1024,0.0,0.0078125
7760,2,-2,1024,0.0,0.0078125
7761,4,1,4096,0.0,0.046875
7762,4,-1,4096,0.0,0.0625
7763,8,2,1024,0.0,0.03125
7764,2,2,2048,0.0,0.015625
7765,4,1,2048,0.0,0.03125
7766,8,-2,4096,0.0,0.125
7767,2,-2,2048,0.0,0.015625
7768,2,-2,2048,0.022058823529411766,0.015625
7769,8,-1,2048,0.0,0.0625
7770,1,2,1024,0.0,0.00390625
7771,1,-2,2048,0.0,0.0078125
7772,4,1,2048,0.0,0.03125
7773,8,-2,4096,0.0,0.125
7774,1,-1,2048,0.0,0.0078125
7775,8,1,4096,0.0,0.125
7776,8,2,2048,0.0,0.0625
7777,8,2,4096,1.0,0.125
7778,2,1,4096,0.0,0.03125
7779,2,-2,1024,0.0,0.0078125
7780,4,-1,2048,0.0,0.03125
7781,1,2,4096,0.0,0.015625
7782,8,-2,2048,0.0,0.0625
7783,4,1,4096,0.0,0.0625
7784,2,1,2048,0.0,0.015625
7785,4,2,4096,0.3700980392156863,0.0625
7786,4,-2,2048,0.0,0.03125
7787,4,-2,2048,0.0,0.03125
7788,8,-2,1024,0.0,0.02734375
7789,8,-1,1024,0.0,0.02734375
7790,8,1,1024,0.0,0.03125
7791,4,-2,4096,0.0,0.0625
7792,4,1,2048,0.0,0.0234375
7793,2,-2,2048,0.0,0.015625
7794,1,1,2048,0.0,0.0078125
7795,2,-1,2048,0.0,0.015625
7796,8,2,4096,1.0,0.109375
7797,1,-1,2048,0.0,0.0078125
7798,4,2,2048,0.0,0.03125
7799,1,-2,2048,0.0,0.0078125
7800,2,-2,2048,0.0,0.015625
7801,1,-2,2048,0.0,0.0078125
7802,4,-1,1024,0.0,0.015625
7803,8,2,4096,0.0,0.109375
7804,8,-2,2048,0.0,0.0625
7805,4,2,2048,0.0,0.03125
7806,1,1,2048,0.0,0.0078125
7807,4,-1,2048,0.0,0.03125
7808,1,-1,4096,0.0,0.015625
7809,2,2,1024,0.0,0.0078125
7810,4,1,1024,0.0,0.015625
7811,4,-2,4096,0.0,0.0625
7812,1,2,4096,0.0,0.015625
7813,8,-1,2048,0.6721813725490197,0.0625
7814,2,-2,2048,0.0,0.015625
7815,8,2,2048,0.0,0.0546875
7816,4,2,4096,0.0,0.0625
7817,4,-1,2048,0.0,0.03125
7818,4,1,4096,0.0,0.0625
7819,8,-2,2048,0.0,0.0625
7820,1,2,2048,0.0,0.0078125
7821,4,-1,4096,0.0,0.0625
7822,1,-1,2048,0.0,0.0078125
7823,2,1,1024,0.0,0.0078125
7824,8,-1,1024,0.0,0.03125
7825,8,1,4096,0.0,0.109375
7826,2,1,2048,0.0,0.015625
7827,2,-1,1024,0.0,0.0078125
7828,4,2,4096,0.0,0.0625
7829,2,-1,4096,0.0,0.03125
7830,1,2,2048,0.0,0.0078125
7831,2,-1,2048,0.0,0.015625
7832,2,1,4096,0.0,0.03125
7833,4,1,1024,0.0,0.015625
7834,8,2,1024,0.2916666666666667,0.03125
7835,4,-2,2048,1.0,0.03125
7836,2,-2,2048,0.0,0.015625
7837,4,2,1024,0.0,0.015625
7838,8,2,1024,0.0,0.03125
7839,2,1,4096,0.0,0.03125
7840,2,-1,2048,0.0,0.015625
7841,1,-1,4096,0.0,0.015625
7842,8,1,2048,0.0,0.046875
7843,8,1,2048,0.34620098039215685,0.0546875
7844,1,-1,2048,0.0,0.0078125
7845,2,-2,2048,0.0,0.015625
7846,2,-2,4096,1.0,0.03125
7847,8,-1,4096,0.0,0.09375
7848,1,1,4096,0.0,0.015625
7849,1,-1,4096,0.553921568627451,0.015625
7850,2,1,1024,0.0,0.0078125
7851,4,-1,2048,0.0,0.03125
7852,1,-1,4096,0.0,0.015625
7853,4,1,2048,1.0,0.03125
7854,4,1,2048,0.0,0.03125
7855,8,2,1024,0.0,0.03125
7856,1,2,1024,0.0,0.00390625
7857,1,-1,4096,0.0,0.015625
7858,1,1,1024,0.0,0.00390625
7859,8,-1,2048,0.0,0.0546875
7860,4,2,2048,0.0,0.03125
7861,4,1,4096,0.0,0.0625
7862,8,2,4096,0.0,0.109375
7863,4,-1,2048,0.0,0.03125
7864,1,-2,1024,0.0,0.00390625
7865,4,-2,2048,0.0,0.03125
7866,4,1,4096,0.0,0.0625
7867,1,2,2048,0.0,0.0078125
7868,4,1,2048,0.0,0.03125
7869,2,2,4096,0.0,0.03125
7870,1,-1,2048,0.0,0.0078125
7871,2,2,2048,0.0,0.015625
7872,2,2,2048,0.0,0.015625
7873,2,-2,4096,0.0,0.03125
7874,2,2,2048,0.0,0.015625
7875,4,-2,1024,0.0,0.015625
7876,2,1,2048,0.0,0.015625
7877,2,-1,4096,0.0,0.03125
7878,8,-1,4096,0.5361519607843137,0.109375
7879,1,2,4096,0.0,0.015625
7880,2,1,4096,0.0,0.03125
7881,1,-2,4096,0.0,0.015625
7882,8,-2,2048,0.0,0.0625
7883,1,-2,2048,0.0,0.0078125
7884,8,-1,2048,0.0,0.0625
7885,1,-2,4096,0.0,0.0
7886,2,-1,2048,0.0,0.015625
7887,4,2,1024,0.0,0.015625
7888,8,2,1024,0.0,0.03125
7889,1,2,1024,0.0,0.00390625
7890,1,-1,2048,0.0,0.0078125
7891,8,1,4096,0.0,0.109375
7892,2,2,4096,0.0,0.03125
7893,1,-2,4096,0.0,0.0
7894,4,2,4096,0.0,0.0625
7895,1,1,1024,0.0,0.00390625
7896,8,-1,4096,0.0,0.109375
7897,8,-1,4096,0.0,0.125
7898,8,-1,4096,0.0,0.125
7899,2,-2,2048,0.0,0.015625
7900,1,-2,1024,0.0,0.00390625
7901,2,-1,4096,0.0,0.03125
7902,2,-2,1024,0.0,0.0078125
7903,8,1,4096,0.0,0.125
7904,4,-1,4096,0.0,0.046875
7905,8,-1,4096,1.0,0.09375
7906,8,-2,2048,0.0,0.0546875
7907,4,2,4096,0.0,0.0625
7908,1,1,4096,0.0,0.015625
7909,1,-1,4096,0.0,0.015625
7910,1,1,2048,0.0,0.0078125
7911,4,-1,2048,0.0,0.03125
7912,1,-2,4096,0.0,0.015625
7913,8,1,1024,0.0,0.03125
7914,1,2,1024,0.0,0.00390625
7915,8,1,2048,0.0,0.0625
7916,4,1,2048,0.0,0.03125
7917,1,-2,4096,0.0,0.015625
7918,1,1,4096,0.0,0.015625
7919,2,1,1024,0.0,0.0078125
7920,2,-1,1024,0.0,0.0078125
7921,2,-2,4096,0.0,0.03125
7922,4,2,2048,0.0,0.03125
7923,1,-1,1024,0.0,0.00390625
7924,1,-1,2048,0.0,0.0078125
7925,4,1,4096,1.0,0.0625
7926,8,-1,2048,0.0,0.0625
7927,2,1,2048,0.0,0.015625
7928,8,1,2048,0.0,0.0625
7929,2,-1,4096,0.0,0.03125
7930,2,-2,2048,0.0,0.015625
7931,1,-2,4096,0.0,0.015625
7932,2,2,4096,0.0,0.03125
7933,2,1,2048,0.0,0.015625
7934,4,-1,2048,0.0,0.03125
7935,1,-1,4096,0.0,0.015625
7936,1,1,1024,0.0,0.00390625
7937,2,2,1024,0.0,0.0078125
7938,1,2,1024,0.0,0.00390625
7939,1,1,4096,0.0,0.015625
7940,4,-1,4096,0.0,0.046875
7941,8,2,4096,0.0,0.109375
7942,4,2,1024,0.0,0.015625
7943,1,-1,1024,0.0,0.00390625
7944,8,2,1024,0.0,0.03125
7945,4,2,1024,0.0,0.015625
7946,4,2,1024,0.0,0.015625
7947,1,-2,2048,0.0,0.0078125
7948,4,-2,4096,0.0,0.0625
7949,1,-1,1024,0.0,0.00390625
7950,4,2,4096,0.0,0.0625
7951,1,-2,4096,0.0,0.015625
7952,8,-2,1024,0.0,0.03125
7953,1,-2,1024,0.0,0.00390625
7954,4,-2,2048,0.0,0.03125
7955,1,2,4096,0.0,0.0
7956,4,1,4096,0.0,0.0625
7957,2,1,4096,0.3014705882352941,0.03125
7958,8,-1,1024,0.0,0.03125
7959,4,1,4096,0.0,0.0625
7960,2,2,4096,0.0,0.03125
7961,1,1,2048,0.0,0.0078125
7962,4,2,1024,0.0,0.015625
7963,2,1,1024,0.0,0.0078125
7964,1,-1,1024,0.0,0.00390625
7965,4,1,4096,0.0,0.0625
7966,1,2,1024,0.0,0.00390625
7967,1,2,4096,0.0,0.015625
7968,1,-1,1024,0.0,0.00390625
7969,2,1,4096,0.0,0.03125
7970,1,2,4096,0.0,0.015625
7971,1,1,2048,0.0,0.0078125
7972,2,1,2048,0.0,0.015625
7973,1,-1,1024,0.0,0.00390625
7974,1,2,1024,0.0,0.00390625
7975,2,2,4096,0.0,0.03125
7976,1,-2,4096,0.0,0.015625
7977,8,-2,4096,1.0,0.109375
7978,2,-2,2048,0.0,0.015625
7979,8,-1,1024,0.0,0.03125
7980,8,-2,1024,0.0,0.03125
7981,8,2,4096,0.0,0.109375
7982,4,2,1024,0.0,0.015625
7983,2,-2,1024,0.0,0.0078125
7984,4,2,1024,0.0,0.015625
7985,1,-2,2048,0.0,0.0078125
7986,8,2,4096,0.0,0.125
7987,2,-1,2048,0.0,0.0078125
7988,1,-2,4096,0.0,0.015625
7989,1,-1,2048,0.0,0.0078125
7990,1,2,4096,0.0,0.015625
7991,1,2,1024,0.0,0.00390625
7992,4,-2,2048,0.0,0.03125
7993,1,2,1024,0.0,0.00390625
7994,8,-1,4096,0.0,0.125
7995,2,-1,2048,0.0,0.015625
7996,4,-2,1024,0.0,0.015625
7997,2,2,1024,0.0,0.0078125
7998,1,2,2048,0.0,0.0078125
7999,1,1,2048,0.0,0.0078125
8000,4,1,1024,0.0,0.015625
8001,4,2,2048,0.0,0.03125
8002,2,-2,4096,0.0,0.03125
8003,2,-2,4096,0.0,0.03125
8004,8,-2,1024,0.0,0.03125
8005,8,-1,4096,0.0,0.125
8006,2,-1,4096,0.0,0.03125
8007,1,-2,1024,0.0,0.00390625
8008,2,1,1024,0.0,0.0078125
8009,4,-2,1024,0.0,0.015625
8010,4,2,4096,0.0,0.0625
8011,1,1,4096,0.0,0.015625
8012,1,2,2048,0.0,0.0078125
8013,2,-2,4096,0.0,0.03125
8014,8,2,2048,0.0,0.046875
8015,1,1,4096,0.0,0.015625
8016,2,2,4096,0.0,0.03125
8017,1,1,4096,0.0,0.015625
8018,1,1,2048,0.0,0.0078125
8019,4,-2,2048,0.14522058823529413,0.03125
8020,2,1,1024,0.0,0.0078125
8021,2,-1,4096,0.0,0.03125
8022,8,2,1024,0.0,0.03125
8023,1,1,2048,0.0,0.0078125
8024,1,-2,2048,0.0,0.0078125
8025,8,2,4096,0.0,0.125
8026,4,-2,4096,0.0,0.0625
8027,1,-1,4096,0.0,0.015625
8028,2,-2,4096,0.0,0.03125
8029,4,2,4096,0.8805147058823529,0.0625
8030,2,-2,2048,0.0,0.015625
8031,4,2,2048,0.0,0.03125
8032,4,-2,4096,0.0,0.0625
8033,2,1,2048,0.0,0.015625
8034,8,-2,2048,0.0,0.0625
8035,2,-1,1024,0.0,0.0078125
8036,8,1,2048,0.0,0.0625
8037,1,1,2048,0.0,0.0078125
8038,2,2,1024,0.0,0.0078125
8039,4,2,4096,0.0,0.0625
8040,8,1,4096,0.48713235294117646,0.109375
8041,1,-1,4096,0.0,0.015625
8042,8,-1,1024,0.0,0.03125
8043,1,2,1024,0.0,0.00390625
8044,2,1,1024,0.0,0.0078125
8045,2,2,4096,0.0,0.03125
8046,2,-1,4096,0.0,0.03125
8047,8,-1,2048,0.0,0.0625
8048,4,2,1024,0.0,0.015625
8049,8,1,2048,0.0,0.0625
8050,2,-2,4096,0.0,0.015625
8051,8,1,2048,0.0,0.0625
8052,2,-2,1024,0.0,0.0078125
8053,4,2,2048,0.0,0.03125
8054,4,-2,4096,0.0,0.0625
8055,4,2,4096,0.0,0.0625
8056,4,2,2048,0.0,0.03125
8057,2,-2,4096,1.0,0.03125
8058,4,1,1024,0.0,0.015625
8059,8,-2,4096,0.0,0.125
8060,2,-1,1024,0.0,0.0078125
8061,4,-1,2048,0.0,0.03125
8062,1,1,2048,0.0,0.0078125
8063,2,2,4096,0.0,0.03125
8064,8,-1,1024,0.0,0.03125
8065,4,-1,1024,0.0,0.015625
8066,1,-2,4096,0.0,0.015625
8067,4,2,2048,0.0,0.03125
8068,8,-1,4096,0.0,0.125
8069,1,-1,2048,0.0,0.0078125
8070,1,-2,2048,0.0,0.0078125
8071,2,-1,4096,0.0,0.03125
8072,4,1,4096,0.0,0.046875
8073,2,2,4096,0.0,0.03125
8074,8,-1,4096,0.0,0.109375
8075,8,1,1024,0.0,0.03125
8076,4,2,1024,0.0,0.015625
8077,2,-1,4096,0.0,0.03125
8078,1,-1,2048,0.0,0.0078125
8079,8,-2,1024,0.0,0.03125
8080,8,2,1024,0.0,0.03125
8081,2,-2,2048,0.0,0.0078125
8082,4,-2,2048,0.0,0.03125
8083,8,-2,4096,0.0,0.109375
8084,4,1,4096,0.0,0.0625
8085,1,-1,4096,0.0,0.015625
8086,4,1,2048,0.0,0.03125
8087,8,1,4096,0.0,0.125
8088,8,-2,4096,0.30943627450980393,0.125
8089,2,-1,4096,0.0,0.03125
8090,4,-2,2048,0.0,0.0234375
8091,2,-2,1024,0.0,0.0078125
8092,4,-1,1024,0.0,0.015625
8093,1,-1,4096,0.0,0.015625
8094,2,-2,4096,0.4007352941176471,0.03125
8095,2,-1,4096,0.0,0.03125
8096,2,-1,4096,0.0,0.03125
8097,2,2,2048,0.0,0.015625
8098,1,1,1024,0.0,0.00390625
8099,4,-1,1024,0.0,0.015625
8100,2,-1,4096,0.0,0.03125
8101,8,-2,1024,0.0,0.03125
8102,1,-1,2048,0.0,0.0078125
8103,4,1,4096,0.0,0.046875
8104,1,-2,2048,0.0,0.0078125
8105,4,2,4096,0.0,0.0625
8106,2,1,2048,0.0,0.015625
8107,2,2,4096,0.0,0.03125
8108,4,-1,1024,0.0,0.015625
8109,8,2,2048,0.960171568627451,0.0625
8110,2,-1,1024,0.0,0.0078125
8111,8,2,1024,0.0,0.03125
8112,1,1,4096,0.0,0.015625
8113,2,1,2048,0.0,0.0078125
8114,2,-2,2048,0.0,0.015625
8115,8,2,2048,0.0,0.0625
8116,1,-2,1024,0.0,0.00390625
8117,2,-2,1024,0.0,0.0078125
8118,2,-1,4096,0.0,0.03125
8119,8,2,1024,0.0,0.03125
8120,2,2,2048,0.0,0.015625
8121,8,2,1024,0.0,0.03125
8122,4,1,4096,0.0,0.0625
8123,4,2,1024,0.0,0.015625
8124,8,-1,2048,0.0,0.0625
8125,1,-1,4096,0.0,0.015625
8126,2,-2,2048,0.0,0.015625
8127,4,2,2048,0.0,0.03125
8128,1,-1,2048,0.0,0.0078125
8129,1,-2,2048,0.0,0.0078125
8130,1,-1,1024,0.0,0.00390625
8131,8,1,2048,0.0,0.0546875
8132,4,-1,2048,0.0,0.03125
8133,2,-1,4096,0.0,0.03125
8134,4,-1,2048,0.0,0.03125
8135,4,1,4096,0.0,0.0625
8136,8,1,1024,0.0,0.03125
8137,8,1,2048,0.0,0.0625
8138,8,-2,2048,0.0,0.0625
8139,1,-1,4096,0.0,0.015625
8140,8,1,2048,0.0,0.0625
8141,2,-2,4096,0.0,0.03125
8142,2,-2,1024,0.0,0.0078125
8143,4,-1,4096,0.0,0.0625
8144,4,1,4096,0.0,0.0625
8145,2,1,2048,0.0,0.015625
8146,8,-2,1024,0.0,0.02734375
8147,1,1,2048,0.0,0.0078125
8148,1,-2,4096,0.0,0.015625
8149,1,1,2048,0.0,0.0078125
8150,8,1,1024,0.0,0.03125
8151,2,-2,2048,0.0,0.015625
8152,2,-1,4096,0.0,0.03125
8153,4,2,1024,0.0,0.015625
8154,2,-1,2048,0.0,0.015625
8155,4,1,2048,0.0,0.03125
8156,1,1,4096,1.0,0.015625
8157,1,-2,2048,0.0,0.0078125
8158,8,2,2048,0.0,0.046875
8159,2,-1,2048,0.0,0.015625
8160,1,2,2048,0.0,0.0078125
8161,2,-1,2048,0.0,0.015625
8162,2,1,1024,0.0,0.0078125
8163,2,-1,1024,0.0,0.0078125
8164,2,2,4096,0.0,0.03125
8165,4,-2,2048,0.0,0.03125
8166,1,2,2048,0.0,0.0078125
8167,2,-2,2048,0.0,0.015625
8168,2,2,4096,0.0,0.03125
8169,4,-2,4096,1.0,0.0625
8170,8,-2,2048,0.0,0.0625
8171,8,-2,1024,0.0,0.0234375
8172,2,1,4096,0.0,0.03125
8173,4,-1,1024,0.0,0.015625
8174,1,1,1024,0.0,0.00390625
8175,4,2,1024,0.0,0.015625
8176,1,-2,2048,0.0,0.0078125
8177,1,1,2048,0.0,0.0078125
8178,4,1,1024,0.0,0.015625
8179,1,-1,1024,0.0,0.00390625
8180,2,2,1024,0.0,0.0078125
8181,1,1,2048,0.0,0.0078125
8182,4,-2,1024,0.0,0.015625
8183,8,1,2048,0.5759803921568627,0.0546875
8184,4,-1,2048,0.0,0.03125
8185,8,-2,4096,0.0,0.125
8186,2,2,4096,0.0,0.03125
8187,1,-2,2048,0.0,0.0078125
8188,1,-2,2048,0.0,0.0078125
8189,1,-2,1024,0.0,0.00390625
8190,1,2,2048,0.0,0.0078125
8191,2,1,2048,0.0,0.015625
8192,1,2,1024,0.0,0.00390625
8193,4,-1,4096,0.0,0.0625
8194,1,-2,1024,0.0,0.00390625
8195,4,-1,1024,0.0,0.015625
8196,2,-2,4096,0.0,0.03125
8197,4,1,4096,0.023284313725490197,0.0625
8198,4,-1,2048,0.0,0.03125
8199,8,2,2048,0.0,0.0625
8200,2,-1,4096,0.0,0.03125
8201,2,-1,1024,0.0,0.0078125
8202,4,2,2048,0.0,0.0234375
8203,4,1,1024,0.0,0.01171875
8204,2,-2,2048,0.0,0.015625
8205,4,-1,4096,0.0,0.0625
8206,2,-1,2048,0.0,0.015625
8207,2,1,4096,0.0,0.03125
8208,2,1,2048,0.0,0.015625
8209,8,1,4096,0.0,0.125
8210,4,2,1024,0.0,0.015625
8211,1,1,1024,0.0,0.00390625
8212,8,-1,1024,0.0,0.03125
8213,4,-2,4096,0.0,0.0625
8214,1,1,2048,0.0,0.0078125
8215,4,-1,1024,0.0,0.015625
8216,4,-1,1024,0.0,0.015625
8217,8,2,2048,0.0,0.0625
8218,2,2,1024,0.0,0.0078125
8219,4,-1,4096,0.0,0.0625
8220,2,1,4096,0.0,0.03125
8221,2,2,4096,0.0,0.03125
8222,4,-2,1024,0.0,0.015625
8223,8,-1,2048,0.0,0.0625
8224,8,1,2048,0.0,0.0625
8225,8,-1,2048,0.0,0.0625
8226,4,2,2048,0.2506127450980392,0.03125
8227,4,-1,1024,0.0,0.015625
8228,2,-2,1024,0.0,0.0078125
8229,8,-1,2048,0.0,0.0625
8230,2,-1,1024,0.0,0.0078125
8231,2,2,1024,0.0,0.0078125
8232,8,-2,2048,0.0,0.0546875
8233,4,-2,4096,0.0,0.046875
8234,2,-2,2048,0.0,0.015625
8235,8,1,1024,0.0,0.03125
8236,8,2,4096,1.0,0.125
8237,2,1,4096,0.0,0.03125
8238,4,2,1024,0.0,0.015625
8239,2,2,1024,0.0,0.0078125
8240,4,1,4096,0.0,0.0625
8241,8,1,2048,0.0,0.0625
8242,4,-2,1024,0.0,0.015625
8243,8,2,1024,0.0,0.03125
8244,4,2,1024,0.0,0.015625
8245,8,2,2048,0.0,0.0625
8246,2,2,2048,0.0,0.015625
8247,2,-1,2048,0.0,0.015625
8248,2,-2,1024,0.0,0.0078125
8249,8,2,2048,0.0,0.0546875
8250,4,-1,2048,0.0,0.03125
8251,1,2,4096,0.0,0.015625
8252,1,1,4096,0.0,0.015625
8253,4,-1,1024,0.0,0.015625
8254,8,-1,1024,0.0,0.03125
8255,2,1,2048,0.0,0.015625
8256,4,-1,2048,0.0,0.03125
8257,8,-1,4096,0.0,0.109375
8258,4,-2,2048,0.0,0.03125
8259,8,1,1024,0.0,0.03125
8260,4,-2,2048,0.0,0.03125
8261,4,-2,4096,0.0,0.0625
8262,8,-2,1024,0.48223039215686275,0.02734375
8263,4,1,4096,0.0,0.0625
8264,1,-2,1024,0.0,0.00390625
8265,2,-1,4096,0.0,0.03125
8266,1,-2,2048,0.0,0.0078125
8267,4,1,2048,0.0,0.03125
8268,1,-2,1024,0.0,0.00390625
8269,4,-2,4096,0.0,0.0625
8270,2,-1,2048,0.0,0.015625
8271,1,1,2048,0.0,0.0078125
8272,1,-2,2048,0.0,0.0078125
8273,4,-1,2048,0.0,0.03125
8274,1,2,2048,0.0,0.0078125
8275,8,1,4096,0.0,0.109375
8276,8,2,1024,0.0,0.03125
8277,4,-1,1024,0.0,0.015625
8278,1,2,4096,0.0,0.015625
8279,8,-2,4096,0.0,0.109375
8280,4,1,2048,0.0,0.03125
8281,2,-1,2048,0.0,0.015625
8282,1,-2,1024,0.0,0.00390625
8283,4,2,1024,0.0,0.015625
8284,8,1,4096,0.0,0.109375
8285,1,-2,2048,0.0,0.0078125
8286,1,-2,1024,0.0,0.00390625
8287,2,1,4096,0.0,0.03125
8288,4,1,2048,0.0,0.03125
8289,2,-2,2048,0.0,0.015625
8290,2,2,4096,0.0,0.03125
8291,2,1,4096,0.0,0.03125
8292,1,-1,1024,0.0,0.00390625
8293,1,-2,2048,0.0,0.0078125
8294,1,-1,1024,0.0,0.00390625
8295,4,-1,4096,0.0,0.0625
8296,8,-2,4096,0.0,0.125
8297,2,-1,2048,0.0,0.015625
8298,1,-2,1024,0.0,0.00390625
8299,2,-2,4096,0.0,0.03125
8300,8,-2,2048,0.0,0.0546875
8301,1,-1,1024,0.0,0.00390625
8302,2,-1,2048,0.0,0.015625
8303,4,-1,2048,0.0,0.03125
8304,2,1,1024,0.0,0.0078125
8305,2,1,4096,0.0,0.03125
8306,2,-2,4096,0.5557598039215687,0.03125
8307,2,2,1024,0.0,0.0078125
8308,4,1,4096,0.0,0.0625
8309,4,-1,2048,0.0,0.03125
8310,1,-2,4096,0.0,0.015625
8311,1,2,4096,0.0,0.015625
8312,2,1,2048,0.0,0.015625
8313,8,-1,4096,0.0,0.078125
8314,1,-2,4096,0.0,0.015625
8315,1,-2,4096,0.0,0.015625
8316,4,-1,2048,0.0,0.03125
8317,2,-2,4096,0.0,0.03125
8318,1,-2,4096,0.0,0.015625
8319,1,-1,4096,0.0,0.015625
8320,4,-2,1024,0.0,0.015625
8321,4,-1,2048,0.0,0.03125
8322,4,2,2048,0.0,0.03125
8323,2,2,2048,0.6256127450980392,0.015625
8324,4,-2,2048,0.0,0.03125
8325,8,1,4096,0.0,0.125
8326,2,2,2048,0.0,0.015625
8327,2,1,4096,0.0,0.03125
8328,1,-1,4096,0.0,0.015625
8329,4,-1,1024,0.0,0.015625
8330,1,-2,2048,0.0,0.0078125
8331,1,-1,2048,0.0,0.0078125
8332,4,2,4096,0.0,0.046875
8333,1,1,2048,0.0,0.0078125
8334,8,-1,2048,0.0,0.046875
8335,2,-2,4096,0.0,0.03125
8336,2,2,1024,0.0,0.0078125
8337,4,-2,2048,0.0,0.03125
8338,4,1,4096,0.0,0.0625
8339,2,-1,4096,0.0,0.03125
8340,8,-1,1024,0.0,0.03125
8341,8,-2,4096,0.0,0.109375
8342,1,-1,1024,0.0,0.00390625
8343,4,1,1024,0.0,0.015625
8344,2,-1,4096,0.0,0.03125
8345,8,-2,2048,1.0,0.0625
8346,2,-1,2048,0.0,0.015625
8347,2,-2,2048,0.0,0.015625
8348,4,-1,4096,0.0,0.0625
8349,8,2,1024,0.0,0.03125
8350,1,2,1024,0.0,0.00390625
8351,4,2,2048,0.0,0.03125
8352,2,-2,4096,0.0,0.03125
8353,4,-1,2048,0.0,0.03125
8354,4,-2,4096,0.0,0.0625
8355,8,-1,4096,0.0,0.125
8356,8,1,4096,0.0,0.125
8357,4,2,2048,0.0,0.03125
8358,4,-1,2048,0.0,0.03125
8359,8,-2,1024,0.0,0.02734375
8360,1,-1,1024,0.0,0.00390625
8361,4,-1,2048,0.0,0.03125
8362,8,1,4096,0.0,0.125
8363,1,-2,4096,0.0,0.015625
8364,8,1,2048,0.15441176470588236,0.0625
8365,4,-1,2048,0.0,0.03125
8366,2,1,4096,0.0,0.03125
8367,2,2,1024,0.0,0.0078125
8368,2,-2,1024,0.0,0.0078125
8369,8,2,4096,0.14399509803921567,0.125
8370,8,-2,2048,0.0,0.0625
8371,8,2,1024,0.0,0.02734375
8372,4,-1,1024,0.0,0.015625
8373,1,1,1024,0.0,0.00390625
8374,8,2,1024,0.0,0.03125
8375,1,1,2048,0.0,0.0078125
8376,1,-1,4096,0.0,0.015625
8377,1,2,4096,0.0,0.015625
8378,8,-1,4096,0.2653186274509804,0.125
8379,2,1,4096,0.0,0.03125
8380,1,1,1024,0.0,0.00390625
8381,1,-1,1024,0.0,0.00390625
8382,2,-2,1024,0.0,0.0078125
8383,4,-1,4096,0.0,0.0625
8384,8,2,2048,0.0,0.0546875
8385,4,1,4096,0.0,0.0625
8386,4,1,2048,0.0,0.03125
8387,8,-1,4096,0.7408088235294118,0.125
8388,8,1,2048,0.0,0.0625
8389,2,-1,4096,0.0,0.03125
8390,8,-2,1024,0.0,0.03125
8391,4,-2,4096,0.49080882352941174,0.0625
8392,8,-1,2048,0.0,0.0546875
8393,1,1,1024,0.0,0.00390625
8394,1,-1,1024,0.0,0.00390625
8395,8,-2,1024,0.0,0.02734375
8396,4,-1,1024,0.0,0.015625
8397,1,-1,4096,0.0,0.015625
8398,8,1,1024,0.0,0.03125
8399,1,-1,2048,0.0,0.0078125
8400,4,-1,2048,0.0,0.03125
8401,1,-2,2048,0.0,0.0078125
8402,1,1,2048,0.0,0.0078125
8403,8,2,4096,0.0,0.125
8404,8,1,4096,0.0,0.125
8405,1,-1,4096,0.0,0.015625
8406,1,-1,2048,0.0,0.0078125
8407,4,-1,4096,0.0,0.0625
8408,1,-2,1024,0.20710784313725492,0.00390625
8409,4,-2,4096,0.0,0.0625
8410,8,2,1024,0.0,0.03125
8411,8,2,1024,0.0,0.03125
8412,1,2,4096,0.0,0.015625
8413,1,1,4096,0.0,0.015625
8414,4,2,1024,0.0,0.015625
8415,1,-1,4096,0.0,0.015625
8416,4,-1,1024,0.0,0.015625
8417,2,-2,1024,0.0,0.0078125
8418,4,-2,4096,0.3700980392156863,0.0625
8419,1,1,1024,0.0,0.00390625
8420,8,-2,1024,0.0,0.03125
8421,4,2,4096,0.0,0.0625
8422,1,2,2048,0.0,0.0078125
8423,2,-1,2048,0.0,0.015625
8424,1,1,4096,0.0,0.015625
8425,2,-2,1024,0.0,0.0078125
8426,2,-1,4096,0.0,0.03125
8427,1,-2,1024,0.0,0.00390625
8428,4,-2,2048,0.0,0.03125
8429,4,-2,1024,0.0,0.015625
8430,1,2,1024,0.0,0.00390625
8431,1,1,1024,0.0,0.00390625
8432,1,2,2048,0.0,0.0078125
8433,4,2,4096,0.0,0.0625
8434,2,2,1024,0.0,0.0078125
8435,1,2,2048,0.0,0.0078125
8436,1,-2,4096,0.0,0.015625
8437,8,2,4096,0.6072303921568627,0.109375
8438,2,1,4096,0.0,0.03125
8439,4,-2,1024,0.0,0.015625
8440,2,-2,2048,0.0,0.015625
8441,1,2,2048,0.0,0.0078125
8442,2,2,2048,0.0,0.015625
8443,1,-1,1024,0.0,0.00390625
8444,4,-2,1024,0.0,0.015625
8445,2,-1,4096,0.0,0.03125
8446,2,-2,1024,0.0,0.0078125
8447,1,1,4096,0.0,0.015625
8448,8,-1,1024,0.0,0.03125
8449,1,-2,2048,0.0,0.0078125
8450,4,2,2048,0.0,0.0234375
8451,8,2,4096,1.0,0.109375
8452,4,2,4096,0.8253676470588235,0.0625
8453,4,2,1024,0.0,0.015625
8454,8,-2,4096,0.0,0.109375
8455,1,2,1024,0.0,0.00390625
8456,8,2,4096,0.0,0.125
8457,4,2,4096,0.0,0.0625
8458,2,-1,1024,0.0,0.0078125
8459,2,-1,2048,0.0,0.015625
8460,4,2,4096,0.0,0.0625
8461,8,-2,4096,0.0,0.125
8462,4,1,2048,0.0,0.03125
8463,1,2,1024,0.0,0.00390625
8464,2,2,2048,0.0,0.015625
8465,4,1,4096,0.7432598039215687,0.0625
8466,2,2,2048,0.0,0.015625
8467,8,2,1024,0.0,0.03125
8468,4,2,1024,0.0,0.01171875
8469,1,-2,1024,0.0,0.00390625
8470,4,-2,2048,0.0,0.03125
8471,1,-1,2048,0.0,0.0078125
8472,2,-1,2048,0.0,0.015625
8473,2,-1,4096,0.0,0.03125
8474,8,-2,2048,0.0,0.0546875
8475,8,1,2048,0.0,0.0625
8476,2,-2,2048,0.0,0.015625
8477,4,2,2048,0.0,0.03125
8478,4,1,4096,0.0,0.0625
8479,4,2,1024,0.0,0.015625
8480,4,-2,2048,0.0,0.03125
8481,8,-1,1024,0.0,0.03125
8482,8,2,1024,0.0,0.03125
8483,8,-1,1024,0.0,0.03125
8484,1,1,2048,0.0,0.0078125
8485,2,-2,4096,0.0,0.03125
8486,2,2,4096,0.0,0.03125
8487,4,-1,1024,0.0,0.015625
8488,4,2,4096,0.0,0.046875
8489,4,-1,1024,0.0,0.015625
8490,2,-2,1024,0.0,0.0078125
8491,2,1,2048,0.0,0.015625
8492,2,-1,4096,0.0,0.03125
8493,8,-1,2048,0.8884803921568627,0.0625
8494,2,2,1024,0.0,0.0078125
8495,1,-1,2048,0.0,0.0078125
8496,8,-1,1024,0.0,0.03125
8497,1,1,1024,0.0,0.00390625
8498,4,-2,1024,0.0,0.015625
8499,8,2,2048,0.0,0.0546875
8500,2,-2,1024,0.0,0.0078125
8501,2,-2,4096,0.0,0.03125
8502,2,-2,1024,0.0,0.0078125
8503,1,-1,1024,0.0,0.00390625
8504,1,1,4096,0.0,0.015625
8505,1,1,4096,0.0,0.015625
8506,2,2,2048,0.0,0.015625
8507,4,2,1024,0.0,0.01171875
8508,1,-1,1024,0.0,0.00390625
8509,8,2,4096,0.0,0.109375
8510,4,-2,4096,0.0,0.0625
8511,1,-2,4096,0.0,0.015625
8512,8,-1,4096,0.0,0.109375
8513,1,1,1024,0.0,0.00390625
8514,4,-2,4096,0.4675245098039216,0.0625
8515,2,2,2048,0.0,0.015625
8516,4,-1,4096,0.0,0.0625
8517,8,-1,2048,0.0,0.0546875
8518,8,1,4096,0.0,0.125
8519,2,-1,4096,0.0,0.03125
8520,4,-1,4096,0.0,0.0625
8521,8,2,2048,0.0,0.0625
8522,4,-1,1024,0.0,0.015625
8523,8,-2,2048,0.0,0.0546875
8524,2,1,2048,0.0,0.015625
8525,2,1,1024,0.0,0.00390625
8526,4,-2,4096,0.0,0.0625
8527,8,2,1024,0.0,0.03125
8528,8,-1,2048,0.0,0.0546875
8529,4,-2,4096,0.0,0.0625
8530,4,-2,4096,0.0,0.0625
8531,4,1,2048,0.0,0.03125
8532,2,-2,4096,0.0,0.03125
8533,2,-1,4096,0.0,0.03125
8534,2,1,1024,0.0,0.0078125
8535,8,2,4096,0.0,0.125
8536,4,-1,2048,0.0,0.03125
8537,8,2,2048,0.0,0.0625
8538,1,-1,1024,0.0,0.00390625
8539,8,2,2048,0.0,0.0546875
8540,4,-1,4096,0.0,0.0625
8541,8,-2,4096,0.0,0.109375
8542,2,1,4096,0.0,0.03125
8543,2,2,4096,0.0,0.03125
8544,1,2,2048,0.0,0.0078125
8545,8,2,4096,0.0,0.125
8546,4,-2,1024,0.0,0.015625
8547,8,1,4096,0.0,0.125
8548,1,1,1024,0.0,0.00390625
8549,1,1,2048,0.0,0.0078125
8550,8,-2,4096,0.0,0.109375
8551,1,-2,4096,0.0,0.015625
8552,4,1,4096,0.3112745098039216,0.0625
8553,2,2,4096,0.0,0.03125
8554,8,-2,2048,0.0,0.046875
8555,8,-2,1024,0.0,0.03125
8556,8,-1,4096,0.0,0.125
8557,2,-1,2048,0.0,0.015625
8558,4,2,4096,0.0,0.0625
8559,4,2,2048,0.0,0.0234375
8560,8,1,4096,0.0,0.109375
8561,1,2,2048,0.0,0.0078125
8562,8,-2,1024,0.0,0.03125
8563,2,2,1024,0.0,0.0078125
8564,1,-1,4096,0.0,0.015625
8565,4,-1,4096,0.0,0.0625
8566,8,-2,1024,0.0,0.02734375
8567,1,-2,4096,0.0,0.015625
8568,1,-2,4096,0.0,0.015625
8569,8,-1,2048,0.0,0.0625
8570,8,-2,4096,0.0,0.109375
8571,1,-2,1024,0.0,0.00390625
8572,8,1,2048,0.0,0.0546875
8573,8,2,2048,0.13909313725490197,0.0625
8574,8,-2,2048,0.0,0.0625
8575,1,1,1024,0.0,0.00390625
8576,4,2,2048,0.0,0.03125
8577,8,-1,2048,0.0,0.0625
8578,8,-2,1024,0.0,0.03125
8579,4,-2,2048,0.0,0.03125
8580,1,2,2048,0.0,0.0078125
8581,1,-1,4096,0.0,0.015625
8582,2,-2,2048,0.0,0.015625
8583,1,2,2048,0.0,0.0078125
8584,1,2,2048,0.0,0.0078125
8585,1,1,2048,0.0,0.0078125
8586,8,-2,1024,0.0,0.03125
8587,4,-2,4096,0.0,0.046875
8588,4,-2,2048,0.0,0.03125
8589,8,-2,2048,0.0,0.0625
8590,2,1,1024,0.0,0.0078125
8591,2,-1,4096,0.0,0.03125
8592,1,2,2048,0.0,0.0078125
8593,2,-2,1024,0.0,0.0078125
8594,1,1,1024,0.0,0.00390625
8595,4,2,2048,0.0,0.03125
8596,8,-2,4096,0.0,0.125
8597,4,1,1024,0.0,0.015625
8598,2,1,1024,0.0,0.0078125
8599,4,-2,2048,0.0,0.03125
8600,8,-1,2048,0.0,0.0546875
8601,2,2,4096,0.0,0.03125
8602,2,2,4096,0.0,0.03125
8603,4,-1,2048,0.0,0.03125
8604,1,-2,2048,0.0,0.0078125
8605,8,-2,2048,0.0,0.0625
8606,2,2,2048,0.0,0.015625
8607,2,1,1024,0.0,0.0078125
8608,4,-1,2048,0.0,0.03125
8609,1,-2,4096,0.0,0.015625
8610,1,2,2048,0.0,0.0078125
8611,1,-1,2048,0.0,0.0078125
8612,2,1,4096,0.0,0.03125
8613,4,2,1024,0.0,0.015625
8614,1,1,1024,0.0,0.00390625
8615,2,2,4096,0.0,0.03125
8616,8,1,4096,0.0,0.09375
8617,8,-1,2048,0.0,0.0625
8618,1,2,4096,0.0,0.015625
8619,4,1,2048,0.0,0.03125
8620,1,2,4096,0.0,0.015625
8621,4,-2,1024,0.0,0.015625
8622,8,1,4096,0.19607843137254902,0.125
8623,8,1,1024,0.0,0.03125
8624,1,-2,1024,0.0,0.00390625
8625,2,-1,4096,0.0,0.03125
8626,8,2,1024,0.0,0.03125
8627,8,1,2048,0.0,0.0625
8628,2,2,4096,0.0,0.03125
8629,1,-2,4096,0.0,0.015625
8630,2,-2,2048,0.0,0.015625
8631,4,2,1024,0.0,0.015625
8632,2,-1,1024,0.0,0.0078125
8633,8,2,2048,0.0,0.0625
8634,8,2,2048,0.0,0.0546875
8635,8,-1,4096,0.0,0.109375
8636,1,2,4096,0.0,0.015625
8637,8,2,2048,0.0,0.0625
8638,8,-2,2048,0.0,0.0625
8639,2,-2,2048,0.0,0.015625
8640,4,-2,1024,0.0,0.015625
8641,8,1,2048,0.0,0.0625
8642,8,-2,4096,1.0,0.09375
8643,4,-1,4096,0.0,0.0625
8644,1,-1,4096,0.0,0.015625
8645,4,-2,4096,1.0,0.0625
8646,4,-1,2048,0.0,0.03125
8647,1,1,2048,0.0,0.0078125
8648,8,2,4096,0.0,0.125
8649,1,-1,2048,0.0,0.0078125
8650,8,1,4096,0.0,0.09375
8651,4,1,2048,0.0,0.03125
8652,2,-1,1024,0.0,0.0078125
8653,1,1,1024,0.0,0.00390625
8654,1,2,1024,0.0,0.00390625
8655,4,-2,1024,0.0,0.015625
8656,2,1,4096,0.22732843137254902,0.03125
8657,8,-2,4096,0.0,0.09375
8658,1,2,4096,0.0,0.015625
8659,8,1,1024,0.0,0.03125
8660,8,-2,2048,0.0,0.0625
8661,1,1,1024,0.0,0.00390625
8662,4,-1,1024,0.0,0.015625
8663,8,-2,2048,0.7708333333333334,0.0546875
8664,2,2,4096,0.0,0.03125
8665,1,-1,1024,0.0,0.00390625
8666,8,-2,2048,0.0,0.0625
8667,2,1,1024,0.0,0.0078125
8668,1,-1,4096,0.0,0.015625
8669,8,1,1024,0.0,0.03125
8670,4,-2,2048,0.0,0.03125
8671,1,2,1024,0.0,0.00390625
8672,2,-1,2048,0.0,0.015625
8673,1,-1,2048,0.0,0.0078125
8674,8,2,2048,0.0,0.0625
8675,1,1,4096,0.0,0.015625
8676,8,-2,4096,0.0,0.09375
8677,4,1,2048,0.0,0.03125
8678,4,1,4096,0.0,0.0625
8679,8,-1,2048,0.0,0.0625
8680,8,-2,1024,0.0,0.03125
8681,1,-2,2048,0.0,0.0078125
8682,1,2,4096,0.0,0.015625
8683,1,-2,1024,0.0,0.00390625
8684,4,1,2048,0.0,0.03125
8685,4,2,2048,0.0,0.03125
8686,1,-1,1024,0.0,0.00390625
8687,1,-2,2048,0.0,0.0078125
8688,4,1,2048,0.0,0.03125
8689,4,1,2048,0.0,0.03125
8690,2,-2,4096,0.0,0.03125
8691,8,1,2048,0.0,0.0625
8692,8,-2,2048,0.0,0.0625
8693,8,-1,1024,0.6274509803921569,0.03125
8694,2,-1,1024,0.0,0.0078125
8695,8,2,4096,0.0,0.125
8696,4,2,4096,0.0,0.015625
8697,4,1,4096,0.0,0.0625
8698,2,1,1024,0.0,0.0078125
8699,8,-2,4096,0.0,0.125
8700,4,-2,1024,0.0,0.015625
8701,1,2,1024,0.0,0.00390625
8702,8,-1,1024,0.0,0.03125
8703,1,1,4096,0.0,0.015625
8704,4,1,2048,0.0,0.03125
8705,4,-1,2048,0.0,0.03125
8706,4,1,4096,0.0,0.0625
8707,1,1,1024,0.0,0.00390625
8708,2,-2,1024,0.0,0.0078125
8709,8,1,4096,0.0,0.109375
8710,1,-2,2048,0.0,0.0078125
8711,4,-1,4096,0.0,0.046875
8712,8,2,2048,0.3627450980392157,0.0625
8713,8,2,1024,0.0,0.03125
8714,4,-2,2048,0.0,0.0234375
8715,2,1,4096,0.0,0.03125
8716,4,1,1024,0.0,0.015625
8717,2,1,1024,0.0,0.0078125
8718,4,2,2048,0.0,0.03125
8719,4,-2,2048,0.0,0.03125
8720,4,1,2048,0.0,0.03125
8721,1,-1,1024,0.0,0.00390625
8722,8,-2,4096,0.0,0.125
8723,4,-1,1024,0.0,0.015625
8724,8,-2,1024,0.0,0.03125
8725,4,1,4096,0.0,0.0625
8726,8,1,2048,0.0,0.0625
8727,8,1,2048,0.0,0.0625
8728,8,-2,2048,0.0,0.0625
8729,4,2,1024,0.0,0.015625
8730,4,-2,2048,0.0,0.03125
8731,1,-1,4096,1.0,0.015625
8732,2,-1,1024,0.0,0.0078125
8733,2,1,4096,0.0,0.03125
8734,8,-1,1024,0.0,0.03125
8735,4,2,4096,0.0,0.046875
8736,2,2,4096,0.0,0.03125
8737,1,2,4096,0.0,0.015625
8738,4,-2,2048,0.0,0.03125
8739,2,2,4096,0.0,0.03125
8740,1,-2,4096,0.0,0.015625
8741,2,2,2048,0.0,0.015625
8742,8,2,4096,0.0,0.125
8743,1,-2,2048,0.0,0.0078125
8744,2,-2,4096,0.0,0.03125
8745,4,1,4096,0.0,0.0625
8746,1,-2,2048,0.08088235294117647,0.0078125
8747,1,2,1024,0.0,0.00390625
8748,8,1,1024,0.0,0.03125
8749,4,1,1024,0.0,0.015625
8750,1,2,2048,0.0,0.0078125
8751,1,-2,2048,0.0,0.0078125
8752,2,1,4096,0.0,0.03125
8753,4,2,1024,0.0,0.015625
8754,4,-2,1024,0.0,0.015625
8755,1,-2,2048,0.0,0.0078125
8756,4,-2,1024,0.0,0.015625
8757,8,-1,4096,0.0,0.109375
8758,1,-2,1024,0.0,0.00390625
8759,1,-2,2048,0.0,0.0078125
8760,8,2,4096,0.0,0.125
8761,4,-1,2048,0.0,0.03125
8762,8,-1,4096,0.0,0.109375
8763,2,-1,2048,0.0,0.015625
8764,2,2,4096,1.0,0.03125
8765,1,-1,4096,0.0,0.015625
8766,1,-1,2048,0.0,0.0078125
8767,2,2,1024,0.0,0.0078125
8768,1,-2,4096,0.0,0.015625
8769,8,-1,1024,0.0,0.03125
8770,4,1,2048,0.0,0.03125
8771,8,1,2048,0.0,0.0625
8772,4,2,4096,0.0,0.0625
8773,2,2,2048,0.0,0.015625
8774,4,-1,2048,0.0,0.03125
8775,1,2,2048,0.0,0.0078125
8776,8,-2,4096,0.0,0.09375
8777,4,-2,2048,0.0,0.03125
8778,1,2,4096,0.0,0.0
8779,4,-2,1024,0.0,0.015625
8780,4,-1,2048,0.0,0.03125
8781,1,1,4096,0.0,0.015625
8782,1,-1,4096,0.0,0.015625
8783,8,2,2048,0.0,0.0546875
8784,2,-1,4096,0.0,0.03125
8785,4,1,2048,0.0,0.03125
8786,1,-2,2048,0.0,0.0078125
8787,4,-2,4096,0.0,0.0625
8788,1,-2,4096,0.0,0.015625
8789,2,1,4096,0.0,0.03125
8790,4,-2,4096,0.0,0.0625
8791,2,1,1024,0.0,0.0078125
8792,4,-1,2048,0.0,0.03125
8793,1,1,2048,0.0,0.0078125
8794,2,2,4096,0.0,0.03125
8795,8,2,1024,0.0,0.03125
8796,2,-2,4096,0.0,0.03125
8797,1,2,1024,0.0,0.00390625
8798,8,2,2048,0.0,0.0625
8799,8,1,4096,0.0,0.125
8800,4,-2,1024,0.0,0.015625
8801,8,1,1024,0.0,0.03125
8802,8,1,4096,0.0,0.109375
8803,4,1,1024,0.0,0.015625
8804,4,-1,4096,0.0,0.046875
8805,1,1,4096,0.0,0.015625
8806,4,1,2048,0.0,0.03125
8807,2,-1,4096,0.0,0.03125
8808,8,2,1024,0.0,0.03125
8809,2,1,4096,0.0,0.03125
8810,8,-1,1024,0.0,0.02734375
8811,4,1,4096,0.0,0.0625
8812,4,2,4096,0.0,0.046875
8813,8,-1,1024,0.0,0.03125
8814,2,1,4096,0.0,0.03125
8815,2,-2,2048,0.0,0.015625
8816,2,-1,4096,0.0,0.03125
8817,8,1,2048,0.0,0.0625
8818,8,2,1024,0.0,0.03125
8819,1,1,4096,0.0,0.0
8820,2,1,1024,0.0,0.0078125
8821,2,-1,2048,0.0,0.015625
8822,4,1,1024,0.0,0.015625
8823,1,-1,1024,0.0,0.00390625
8824,4,-2,1024,0.0,0.015625
8825,4,-2,1024,0.0,0.015625
8826,1,1,4096,0.0,0.015625
8827,1,2,4096,0.0,0.015625
8828,4,-1,4096,0.0,0.0625
8829,2,2,1024,0.0,0.0078125
8830,8,2,4096,0.0,0.125
8831,8,1,2048,0.0,0.0625
8832,8,2,4096,0.0,0.109375
8833,4,-1,4096,0.0,0.046875
8834,8,-1,1024,0.0,0.03125
8835,1,1,4096,0.0,0.015625
8836,2,1,2048,0.0,0.015625
8837,1,1,2048,0.0,0.0078125
8838,4,-1,2048,0.0,0.03125
8839,4,2,1024,0.0,0.015625
8840,2,-2,1024,0.0,0.0078125
8841,2,-2,4096,0.0,0.03125
8842,4,-1,4096,0.0,0.0625
8843,1,-2,2048,0.0,0.0078125
8844,4,-1,4096,0.0,0.0625
8845,4,1,2048,0.0,0.03125
8846,1,-1,1024,0.0,0.00390625
8847,1,-2,4096,0.0,0.015625
8848,2,-1,4096,0.0,0.03125
8849,4,1,1024,0.0,0.015625
8850,2,2,4096,0.0,0.015625
8851,2,2,2048,0.0,0.015625
8852,4,1,4096,0.0,0.0625
8853,1,-2,1024,0.0,0.00390625
8854,4,-2,2048,0.0,0.03125
8855,1,-1,1024,0.0,0.00390625
8856,1,-2,4096,0.0,0.015625
8857,1,1,2048,0.0,0.0078125
8858,2,-1,1024,0.0,0.0078125
8859,1,2,4096,0.0,0.015625
8860,8,-1,4096,0.0,0.109375
8861,2,-1,2048,0.0,0.015625
8862,8,1,4096,0.0,0.109375
8863,8,-2,4096,0.0,0.125
8864,8,2,2048,0.0,0.046875
8865,8,1,4096,0.0,0.125
8866,1,1,1024,0.0,0.00390625
8867,2,-1,4096,0.0,0.03125
8868,4,2,2048,0.0,0.03125
8869,4,2,1024,0.0,0.015625
8870,1,-2,4096,0.0,0.015625
8871,4,1,4096,0.0,0.046875
8872,8,2,4096,0.0,0.109375
8873,8,-1,1024,0.0,0.03125
8874,2,1,4096,0.0,0.03125
8875,1,2,4096,0.0,0.015625
8876,2,-1,4096,0.0,0.03125
8877,2,1,2048,0.0,0.015625
8878,2,1,4096,0.0,0.03125
8879,2,-2,4096,0.0,0.015625
8880,2,-2,1024,0.0,0.0078125
8881,1,1,1024,0.0,0.00390625
8882,2,-2,4096,0.0,0.03125
8883,2,2,2048,0.0,0.015625
8884,1,1,1024,0.0,0.00390625
8885,8,1,1024,0.0,0.03125
8886,4,-1,4096,0.0,0.0625
8887,8,-1,1024,0.5134803921568627,0.03125
8888,4,-1,1024,0.0,0.015625
8889,1,1,2048,0.0,0.0078125
8890,8,-1,4096,0.0,0.109375
8891,2,-1,2048,0.0,0.015625
8892,4,-2,2048,0.0,0.03125
8893,2,1,4096,0.0,0.03125
8894,2,1,2048,0.0,0.015625
8895,2,1,4096,0.0,0.03125
8896,2,-1,1024,0.0,0.0078125
8897,4,-2,2048,0.0,0.03125
8898,4,-1,1024,0.0,0.015625
8899,1,-1,4096,0.0,0.015625
8900,1,-2,4096,0.0,0.015625
8901,8,2,4096,0.0,0.125
8902,4,-1,1024,0.0,0.015625
8903,8,-1,4096,0.522671568627451,0.125
8904,4,1,2048,0.0,0.03125
8905,4,2,1024,0.0,0.015625
8906,8,-1,2048,0.0,0.046875
8907,4,1,2048,0.0,0.03125
8908,2,-2,2048,0.0,0.0078125
8909,4,1,4096,0.0,0.0625
8910,1,-2,2048,0.0,0.0078125
8911,2,-2,1024,0.0,0.0078125
8912,4,1,2048,0.0,0.03125
8913,1,-2,1024,0.0,0.00390625
8914,4,-2,1024,0.0,0.015625
8915,4,-2,1024,0.0,0.015625
8916,2,2,4096,0.0,0.03125
8917,1,1,2048,0.0,0.0078125
8918,4,-1,1024,0.0,0.015625
8919,8,2,2048,0.0,0.0546875
8920,4,-1,4096,0.0,0.0625
8921,2,2,2048,0.0,0.015625
8922,4,-1,4096,0.0,0.0625
8923,2,-2,2048,0.0,0.015625
8924,2,-2,4096,0.0,0.03125
8925,2,-1,2048,0.07475490196078431,0.015625
8926,1,-2,2048,0.0,0.0078125
8927,8,-2,1024,0.6274509803921569,0.03125
8928,4,-1,1024,0.0,0.015625
8929,1,2,4096,0.0,0.015625
8930,8,-2,4096,0.0,0.109375
8931,1,-2,2048,0.0,0.0078125
8932,4,2,2048,0.0,0.03125
8933,1,-2,1024,0.0,0.00390625
8934,2,2,2048,0.0,0.015625
8935,4,1,1024,0.0,0.015625
8936,8,2,2048,0.0,0.0625
8937,8,1,1024,0.0,0.03125
8938,8,1,4096,0.0,0.125
8939,1,-2,4096,0.0,0.015625
8940,1,1,1024,0.0,0.00390625
8941,8,1,1024,0.0,0.03125
8942,8,2,4096,0.0,0.109375
8943,2,-2,1024,0.0,0.0078125
8944,1,-2,2048,0.0,0.0078125
8945,4,-2,1024,0.0,0.015625
8946,1,2,2048,0.0,0.0078125
8947,1,-2,1024,0.0,0.00390625
8948,8,2,1024,0.0,0.02734375
8949,2,-1,2048,0.0,0.015625
8950,1,-1,1024,0.0,0.00390625
8951,4,2,4096,0.0,0.0625
8952,2,1,2048,0.0,0.015625
8953,4,1,2048,0.0,0.03125
8954,8,2,2048,0.0,0.0546875
8955,1,2,4096,0.0,0.0
8956,4,1,4096,0.0,0.0625
8957,8,-1,1024,0.0,0.03125
8958,2,2,4096,0.0,0.03125
8959,8,1,2048,0.0,0.0625
8960,2,2,4096,0.0,0.03125
8961,2,2,4096,0.0,0.03125
8962,8,1,4096,0.0,0.125
8963,4,-1,4096,0.0,0.046875
8964,8,2,1024,0.0,0.03125
8965,8,2,4096,0.0,0.125
8966,4,-2,4096,0.0,0.0625
8967,1,1,1024,0.0,0.00390625
8968,2,1,1024,0.0,0.0078125
8969,8,1,2048,0.0,0.0546875
8970,4,2,2048,0.0,0.03125
8971,2,-1,4096,0.0,0.03125
8972,2,2,2048,0.0,0.015625
8973,8,1,1024,0.0,0.03125
8974,1,-2,2048,0.0,0.0078125
8975,1,1,4096,0.0,0.015625
8976,8,-2,4096,0.0,0.109375
8977,2,2,1024,0.0,0.0078125
8978,8,2,4096,0.0,0.09375
8979,4,2,1024,0.0,0.015625
8980,8,1,4096,0.0,0.109375
8981,4,-1,4096,0.0,0.0625
8982,8,-1,1024,0.0,0.03125
8983,8,2,4096,0.0,0.109375
8984,1,-2,2048,0.0,0.0078125
8985,8,2,4096,0.0,0.125
8986,4,-1,1024,0.0,0.015625
8987,1,1,4096,0.0,0.015625
8988,1,1,4096,0.0,0.015625
8989,2,-2,1024,0.0,0.0078125
8990,1,-2,2048,0.0,0.0078125
8991,2,-2,2048,0.0,0.0078125
8992,8,2,1024,0.0,0.03125
8993,2,-2,4096,0.0,0.03125
8994,1,1,1024,0.0,0.00390625
8995,2,-2,1024,0.0,0.0078125
8996,1,2,2048,0.0,0.0078125
8997,8,2,2048,0.0,0.0625
8998,1,-1,1024,0.0,0.00390625
8999,8,-2,4096,0.0,0.125
9000,2,-1,1024,0.0,0.0078125
9001,1,1,1024,0.0,0.00390625
9002,4,1,2048,0.0,0.03125
9003,2,1,4096,0.0,0.03125
9004,8,1,1024,0.0,0.03125
9005,4,1,2048,0.0,0.03125
9006,8,-2,4096,0.0,0.09375
9007,2,-2,4096,0.0,0.03125
9008,1,2,1024,0.0,0.00390625
9009,1,1,2048,0.0,0.0078125
9010,2,2,4096,0.0,0.03125
9011,2,1,4096,0.0,0.03125
9012,8,-1,2048,0.0,0.0625
9013,2,1,4096,0.0,0.015625
9014,8,1,2048,0.0,0.0625
9015,1,-2,1024,0.0,0.00390625
9016,2,-1,2048,0.0,0.015625
9017,8,1,2048,0.0,0.0625
9018,1,-2,4096,0.0,0.015625
9019,2,-2,4096,1.0,0.03125
9020,8,-2,2048,0.0,0.0625
9021,4,1,4096,0.0,0.0625
9022,8,-2,1024,0.7714460784313726,0.03125
9023,4,-1,4096,0.0,0.0625
9024,8,-2,1024,0.0,0.03125
9025,8,-1,2048,0.0,0.0625
9026,8,-2,4096,0.0,0.125
9027,1,2,2048,0.0,0.0078125
9028,4,-1,4096,0.0,0.0625
9029,1,-2,2048,0.0,0.0078125
9030,1,1,1024,0.0,0.00390625
9031,2,2,2048,0.0,0.015625
9032,4,2,1024,0.0,0.015625
9033,2,2,2048,0.0,0.015625
9034,8,-1,2048,0.8768382352941176,0.0546875
9035,2,-1,1024,0.0,0.00390625
9036,4,-1,2048,0.0,0.03125
9037,8,-1,1024,0.11397058823529412,0.03125
9038,8,2,1024,0.0,0.03125
9039,1,-2,2048,0.0,0.0078125
9040,4,2,4096,0.0,0.046875
9041,1,2,1024,0.0,0.00390625
9042,4,2,1024,0.0,0.015625
9043,2,1,1024,0.0,0.0078125
9044,8,2,2048,0.0,0.0546875
9045,8,-2,1024,0.0,0.03125
9046,8,2,2048,0.0,0.0625
9047,8,1,4096,0.4050245098039216,0.125
9048,2,2,1024,0.0,0.0078125
9049,4,-2,4096,0.0,0.0625
9050,1,2,2048,0.0,0.0078125
9051,4,1,2048,0.0,0.03125
9052,1,-2,2048,0.0,0.0078125
9053,4,1,4096,0.0,0.0625
9054,8,-2,2048,0.0,0.0546875
9055,4,-2,4096,0.0,0.0625
9056,8,1,1024,0.0,0.02734375
9057,1,2,1024,0.0,0.00390625
9058,8,-2,2048,0.0,0.0625
9059,4,-1,1024,0.0,0.015625
9060,4,-1,1024,0.6004901960784313,0.015625
9061,8,1,1024,0.0,0.03125
9062,4,-2,1024,0.0,0.01171875
9063,2,1,1024,0.0,0.0078125
9064,4,-1,4096,0.0,0.046875
9065,4,2,2048,0.0,0.03125
9066,8,-1,1024,0.0,0.03125
9067,2,-1,1024,0.0,0.0078125
9068,4,-2,4096,0.0,0.0625
9069,4,2,4096,0.0,0.0625
9070,1,2,1024,0.0,0.00390625
9071,1,-1,2048,0.0,0.0078125
9072,1,-1,1024,0.0,0.00390625
9073,4,2,2048,0.0,0.03125
9074,2,-1,2048,0.0,0.015625
9075,8,-2,4096,0.7475490196078431,0.125
9076,4,-2,2048,0.0,0.03125
9077,1,1,4096,0.0,0.015625
9078,1,-2,4096,0.0,0.015625
9079,2,-2,4096,0.0,0.03125
9080,8,-2,4096,0.0,0.125
9081,1,2,4096,0.0,0.015625
9082,1,2,1024,0.0,0.00390625
9083,1,2,4096,0.0,0.015625
9084,2,-1,4096,0.0,0.03125
9085,8,-1,2048,0.0,0.0625
9086,4,-1,4096,0.0,0.0625
9087,2,1,4096,0.0,0.03125
9088,1,-2,1024,0.0,0.00390625
9089,2,1,1024,0.0,0.0078125
9090,4,-2,4096,0.0,0.0625
9091,2,-1,2048,0.0,0.015625
9092,4,-1,4096,0.0,0.0625
9093,8,1,2048,0.0,0.0625
9094,1,2,2048,0.0,0.0078125
9095,2,1,1024,0.0,0.0078125
9096,1,-1,1024,0.0,0.00390625
9097,4,1,1024,0.0,0.015625
9098,2,1,2048,0.4724264705882353,0.015625
9099,2,-2,1024,0.0,0.0078125
9100,1,2,4096,0.0,0.015625
9101,1,2,1024,0.0,0.00390625
9102,2,-2,4096,0.0,0.015625
9103,4,-2,1024,0.0,0.015625
9104,1,-2,1024,0.0,0.00390625
9105,1,1,2048,0.0,0.0078125
9106,2,-2,4096,0.0,0.03125
9107,4,-2,4096,0.0,0.046875
9108,2,1,2048,0.0,0.015625
9109,2,-2,2048,0.0,0.015625
9110,1,-2,4096,0.0,0.015625
9111,4,-2,4096,0.0,0.046875
9112,8,1,4096,0.0,0.109375
9113,8,-1,1024,0.0,0.03125
9114,4,-1,2048,0.0,0.03125
9115,4,1,4096,0.0,0.0625
9116,2,-2,2048,0.0,0.015625
9117,1,1,1024,0.0,0.00390625
9118,2,-1,2048,0.0,0.015625
9119,4,1,1024,0.0,0.015625
9120,4,1,2048,0.0,0.03125
9121,8,1,2048,0.0,0.0625
9122,8,-2,4096,0.0,0.109375
9123,1,-2,4096,0.0,0.015625
9124,1,1,4096,0.0,0.015625
9125,2,-2,4096,0.0,0.03125
9126,8,-1,1024,0.0,0.03125
9127,8,1,4096,0.0,0.109375
9128,1,2,2048,0.0,0.0078125
9129,1,1,4096,0.0,0.015625
9130,4,2,1024,0.0,0.015625
9131,4,1,2048,0.0,0.03125
9132,8,-1,1024,0.0,0.03125
9133,8,-2,2048,0.0,0.0625
9134,1,1,1024,0.0,0.00390625
9135,1,2,1024,0.0,0.00390625
9136,4,-1,1024,0.0,0.015625
9137,4,-2,1024,0.0,0.015625
9138,8,-2,4096,0.0,0.125
9139,4,1,4096,0.0,0.0625
9140,4,1,1024,0.0,0.015625
9141,2,-2,4096,0.0,0.03125
9142,1,-2,2048,0.0,0.0078125
9143,8,1,1024,0.0,0.03125
9144,8,-1,4096,0.018995098039215685,0.109375
9145,1,-1,1024,0.0,0.00390625
9146,4,-1,1024,0.0,0.015625
9147,2,1,1024,0.0,0.0078125
9148,2,1,1024,0.0,0.0078125
9149,8,-2,2048,0.0,0.0546875
9150,8,-2,1024,0.0,0.02734375
9151,1,1,1024,0.0,0.00390625
9152,2,1,2048,0.3541666666666667,0.015625
9153,8,-2,2048,0.0,0.0546875
9154,8,-2,4096,0.0,0.125
9155,1,1,1024,0.0,0.00390625
9156,8,-1,2048,0.0,0.0625
9157,2,-2,1024,0.0,0.0078125
9158,4,1,4096,0.0,0.0625
9159,1,-2,1024,0.0,0.00390625
9160,4,-2,4096,0.0,0.0625
9161,4,1,4096,0.0,0.046875
9162,4,-2,1024,0.0,0.015625
9163,8,-2,1024,0.0,0.03125
9164,8,2,1024,0.0,0.03125
9165,8,-2,2048,0.0,0.046875
9166,4,1,2048,0.0,0.03125
9167,8,2,2048,0.0,0.0546875
9168,4,2,2048,0.0,0.03125
9169,4,2,4096,1.0,0.0625
9170,4,-1,2048,0.0,0.03125
9171,8,2,1024,0.6274509803921569,0.03125
9172,1,-2,1024,0.0,0.00390625
9173,4,-1,4096,0.0,0.0625
9174,2,-2,1024,0.0,0.0078125
9175,8,1,1024,0.0,0.0234375
9176,1,2,1024,0.0,0.00390625
9177,4,2,2048,0.0,0.03125
9178,1,2,1024,0.0,0.00390625
9179,8,-2,2048,0.0,0.0546875
9180,8,2,4096,0.0,0.125
9181,1,1,4096,0.0,0.015625
9182,8,-1,2048,0.0,0.0625
9183,2,-2,4096,0.0,0.03125
9184,8,-2,2048,0.03002450980392157,0.0546875
9185,4,2,4096,0.0,0.046875
9186,1,-1,1024,0.0,0.00390625
9187,1,1,4096,0.0,0.015625
9188,2,2,1024,0.0,0.0078125
9189,1,-1,1024,0.0,0.00390625
9190,1,-2,1024,0.0,0.00390625
9191,8,-1,2048,0.0,0.0625
9192,8,-2,2048,0.0,0.0625
9193,2,-2,1024,0.2689950980392157,0.0078125
9194,1,2,4096,0.0,0.015625
9195,1,-1,1024,0.0,0.00390625
9196,8,1,2048,0.0,0.0546875
9197,2,1,2048,0.0,0.015625
9198,1,1,2048,0.0,0.0078125
9199,2,1,4096,0.0,0.03125
9200,2,-2,4096,0.0,0.03125
9201,4,1,4096,0.0,0.0625
9202,2,2,4096,0.0,0.03125
9203,8,-2,4096,0.0,0.109375
9204,4,-2,2048,0.0,0.0234375
9205,8,1,2048,0.0,0.0625
9206,2,2,1024,0.0,0.0078125
9207,4,-1,4096,0.0,0.0625
9208,2,2,4096,0.0,0.03125
9209,4,-2,4096,0.0,0.046875
9210,4,1,4096,0.0,0.046875
9211,2,2,4096,0.0,0.03125
9212,8,-1,4096,0.20772058823529413,0.109375
9213,8,1,1024,0.0,0.03125
9214,8,-2,1024,0.0,0.02734375
9215,1,1,2048,0.0,0.0078125
9216,4,1,2048,0.0,0.03125
9217,1,2,4096,0.0,0.015625
9218,1,-2,4096,0.0,0.015625
9219,8,-1,4096,0.0,0.125
9220,1,1,4096,0.0,0.015625
9221,8,2,1024,0.0,0.03125
9222,2,-2,2048,0.0,0.015625
9223,2,1,1024,0.0,0.0078125
9224,1,2,2048,0.0,0.0078125
9225,4,1,2048,0.0,0.03125
9226,4,-1,4096,0.0,0.0625
9227,2,-2,1024,0.0,0.0078125
9228,8,-1,2048,0.0,0.0625
9229,2,-2,4096,0.0,0.03125
9230,4,-2,2048,0.0,0.03125
9231,2,-1,1024,0.0,0.0078125
9232,4,-2,1024,0.5563725490196079,0.015625
9233,1,-2,2048,0.0,0.0078125
9234,2,1,2048,0.0,0.015625
9235,4,-2,4096,0.0,0.0625
9236,4,-2,2048,0.0,0.03125
9237,2,1,2048,0.0,0.015625
9238,4,2,2048,0.0,0.03125
9239,4,1,1024,0.0,0.015625
9240,2,-2,1024,0.0,0.0078125
9241,1,-2,2048,0.0,0.0078125
9242,4,1,4096,0.0,0.046875
9243,8,1,2048,0.0,0.0625
9244,8,-1,1024,0.0,0.02734375
9245,4,2,4096,0.0,0.0625
9246,8,2,1024,0.0,0.03125
9247,8,1,4096,0.0,0.125
9248,4,1,4096,0.0,0.0625
9249,1,2,4096,1.0,0.015625
9250,4,-2,1024,0.0,0.015625
9251,4,1,1024,0.0,0.015625
9252,2,2,2048,0.0,0.015625
9253,8,-2,4096,0.8866421568627451,0.09375
9254,8,-2,4096,0.0,0.125
9255,2,-1,2048,0.0,0.015625
9256,2,-1,1024,0.0,0.0078125
9257,1,2,4096,0.0,0.015625
9258,1,-1,4096,0.0,0.015625
9259,2,1,2048,0.0,0.015625
9260,2,2,2048,0.0,0.015625
9261,2,2,1024,0.0,0.00390625
9262,1,1,4096,0.0,0.015625
9263,2,2,1024,0.0,0.0078125
9264,4,1,4096,0.0,0.0625
9265,2,-2,4096,0.0,0.03125
9266,4,1,4096,1.0,0.0625
9267,2,-1,4096,0.0,0.03125
9268,4,-1,4096,0.0,0.0625
9269,4,1,1024,0.0,0.015625
9270,8,-1,2048,0.0,0.0625
9271,1,-2,2048,0.0,0.0078125
9272,8,2,4096,1.0,0.109375
9273,2,1,4096,0.0,0.03125
9274,1,1,2048,0.0,0.0078125
9275,4,2,2048,0.0,0.03125
9276,1,1,1024,0.0,0.00390625
9277,1,1,1024,0.0,0.00390625
9278,8,2,2048,0.0,0.0625
9279,1,-1,4096,0.0,0.015625
9280,4,2,4096,0.0,0.0625
9281,1,1,2048,0.0,0.0078125
9282,1,-2,1024,0.0,0.00390625
9283,1,-2,4096,0.0,0.015625
9284,1,2,2048,0.0,0.0078125
9285,2,2,2048,0.0,0.015625
9286,2,2,2048,0.0,0.015625
9287,1,-2,4096,0.0,0.015625
9288,2,2,1024,0.0,0.0078125
9289,2,2,1024,0.0,0.0078125
9290,4,2,1024,0.0,0.015625
9291,8,-1,4096,0.0,0.109375
9292,4,1,1024,0.0,0.015625
9293,8,-1,1024,0.0,0.03125
9294,1,-2,2048,0.0,0.0078125
9295,1,1,4096,0.0,0.015625
9296,8,-2,2048,0.0,0.046875
9297,2,-2,4096,0.0,0.03125
9298,8,-2,4096,0.7573529411764706,0.125
9299,2,-1,2048,0.0,0.015625
9300,1,-2,2048,0.0,0.0078125
9301,8,2,2048,0.0,0.0625
9302,4,2,4096,0.0,0.0625
9303,8,2,1024,0.0,0.03125
9304,2,-1,4096,0.0,0.03125
9305,1,-2,2048,0.0,0.0078125
9306,4,1,4096,0.0,0.0625
9307,1,1,2048,0.0,0.0078125
9308,4,-2,4096,0.0,0.046875
9309,2,2,1024,0.0,0.0078125
9310,8,-1,1024,0.0,0.03125
9311,8,2,1024,0.11948529411764706,0.03125
9312,2,-2,4096,0.0,0.03125
9313,8,-1,4096,0.571078431372549,0.125
9314,1,-1,4096,0.0,0.015625
9315,1,-2,1024,0.0,0.00390625
9316,8,1,1024,0.0,0.03125
9317,4,2,2048,0.0,0.03125
9318,2,1,4096,0.0,0.03125
9319,1,-1,1024,0.0,0.00390625
9320,2,1,2048,0.0,0.015625
9321,4,-1,2048,0.0,0.03125
9322,8,-1,2048,0.0,0.0625
9323,8,2,2048,0.0,0.0625
9324,2,1,2048,0.35294117647058826,0.015625
9325,2,-1,4096,0.0,0.015625
9326,1,-1,1024,0.0,0.00390625
9327,1,2,2048,0.0,0.0078125
9328,2,1,1024,0.0,0.0078125
9329,4,-2,1024,0.0,0.015625
9330,1,2,2048,0.0,0.0078125
9331,2,1,2048,0.0,0.015625
9332,4,-1,1024,0.0,0.015625
9333,8,2,1024,0.0,0.03125
9334,8,2,4096,0.0,0.125
9335,2,2,4096,0.8474264705882353,0.03125
9336,2,-1,4096,0.0,0.03125
9337,8,2,1024,0.0,0.03125
9338,4,2,1024,0.0,0.015625
9339,2,2,1024,0.0,0.0078125
9340,4,1,1024,0.0,0.015625
9341,1,-1,2048,0.0,0.0078125
9342,2,-2,2048,0.0,0.0078125
9343,2,2,1024,0.0,0.0078125
9344,8,1,2048,0.0,0.0546875
9345,1,2,2048,0.0,0.0078125
9346,8,1,1024,0.0,0.03125
9347,2,1,2048,0.0,0.015625
9348,1,-2,2048,0.0,0.0078125
9349,4,-1,4096,0.0,0.0625
9350,4,1,1024,0.0,0.015625
9351,1,-2,1024,0.0,0.00390625
9352,1,-2,4096,0.0,0.015625
9353,1,1,2048,0.0,0.0078125
9354,2,-2,2048,0.0,0.015625
9355,1,1,4096,0.0,0.015625
9356,4,-1,4096,0.9019607843137255,0.0625
9357,1,-1,1024,0.0,0.00390625
9358,8,-2,4096,0.0,0.125
9359,8,-1,2048,0.0,0.0546875
9360,4,1,2048,0.0,0.03125
9361,8,1,4096,0.0,0.125
9362,8,-1,1024,0.0,0.03125
9363,1,-2,4096,0.0,0.015625
9364,2,2,2048,0.0,0.015625
9365,8,2,4096,1.0,0.109375
9366,2,2,2048,0.0,0.015625
9367,4,-1,4096,0.0,0.0625
9368,8,1,2048,0.0,0.0625
9369,8,-2,2048,0.0,0.0546875
9370,2,2,2048,0.0,0.015625
9371,2,-2,4096,0.0,0.03125
9372,1,-1,4096,0.0,0.015625
9373,2,2,1024,0.0,0.0078125
9374,2,1,4096,0.0,0.03125
9375,2,2,2048,0.0,0.015625
9376,2,-1,1024,0.0,0.0078125
9377,8,-2,4096,0.0,0.09375
9378,8,-2,1024,0.47794117647058826,0.03125
9379,4,-2,4096,0.0,0.0625
9380,1,-2,2048,0.0,0.0078125
9381,2,-1,4096,0.0,0.03125
9382,4,-2,2048,0.0,0.03125
9383,1,-2,1024,0.0,0.00390625
9384,2,-1,4096,0.0,0.03125
9385,4,1,4096,0.0,0.0625
9386,8,1,1024,0.0,0.03125
9387,8,-2,1024,0.0,0.03125
9388,2,2,4096,0.0,0.03125
9389,2,1,4096,0.0,0.03125
9390,2,-1,1024,0.0,0.0078125
9391,4,-1,4096,1.0,0.0625
9392,2,2,1024,0.0,0.0078125
9393,2,-1,1024,0.0,0.0078125
9394,1,-2,2048,0.0,0.0078125
9395,2,-1,4096,0.0,0.03125
9396,1,-2,4096,0.0,0.015625
9397,4,-2,2048,0.0,0.03125
9398,8,-1,1024,0.0,0.03125
9399,8,-2,2048,0.0,0.0546875
9400,2,-1,4096,0.0,0.03125
9401,8,-2,4096,0.0,0.125
9402,8,1,1024,0.0,0.03125
9403,2,-2,2048,0.0,0.015625
9404,8,-2,2048,0.0,0.0546875
9405,2,2,2048,0.0,0.015625
9406,8,-2,1024,0.0,0.02734375
9407,2,-1,1024,0.0,0.0078125
9408,2,1,2048,0.0,0.015625
9409,1,-1,1024,0.0,0.00390625
9410,8,-1,2048,0.0,0.0625
9411,2,-2,1024,0.0,0.0078125
9412,8,-1,4096,0.0,0.109375
9413,1,2,1024,0.0,0.00390625
9414,4,1,2048,0.0,0.03125
9415,2,2,2048,0.0,0.015625
9416,2,1,2048,0.0,0.0078125
9417,1,2,2048,0.44546568627450983,0.0078125
9418,1,-1,2048,0.0,0.0078125
9419,2,1,4096,0.0,0.03125
9420,2,1,4096,0.0,0.015625
9421,8,2,1024,0.0,0.03125
9422,2,1,4096,0.0,0.03125
9423,1,-1,2048,0.0,0.0078125
9424,2,-2,1024,0.0,0.0078125
9425,4,2,4096,0.0,0.0625
9426,2,-1,4096,0.0,0.03125
9427,8,2,1024,0.0,0.03125
9428,2,1,1024,0.0,0.0078125
9429,4,-2,2048,0.38174019607843135,0.03125
9430,1,1,4096,0.0,0.015625
9431,1,-1,1024,0.0,0.00390625
9432,8,-2,2048,0.0,0.0625
9433,2,-1,2048,0.0,0.015625
9434,2,1,4096,0.0,0.03125
9435,4,-2,4096,0.0,0.0625
9436,1,1,4096,0.0,0.015625
9437,4,2,1024,0.0,0.015625
9438,2,-2,4096,0.0,0.03125
9439,1,-2,2048,0.0,0.0078125
9440,2,-2,2048,0.0,0.015625
9441,2,1,4096,0.0,0.015625
9442,1,2,4096,0.0,0.015625
9443,4,2,1024,0.0,0.015625
9444,4,-2,1024,0.0,0.015625
9445,2,-1,4096,0.0,0.03125
9446,8,-2,4096,1.0,0.125
9447,4,-1,2048,0.0,0.0234375
9448,8,-1,1024,0.0,0.03125
9449,1,1,1024,0.0,0.00390625
9450,8,2,4096,0.0,0.125
9451,2,2,4096,0.0,0.03125
9452,4,-2,4096,0.0,0.0625
9453,8,-2,2048,0.0,0.0546875
9454,2,-1,2048,0.0,0.0078125
9455,2,-1,1024,0.0,0.0078125
9456,1,-1,4096,0.0,0.015625
9457,4,1,4096,0.0,0.0625
9458,8,1,1024,0.0,0.03125
9459,2,2,2048,0.0,0.015625
9460,1,1,2048,0.0,0.0078125
9461,2,-1,4096,0.0,0.03125
9462,2,-2,4096,0.0,0.03125
9463,8,-1,1024,0.026348039215686275,0.03125
9464,1,2,4096,0.0,0.015625
9465,2,2,1024,0.0,0.0078125
9466,4,-1,4096,0.0,0.046875
9467,1,-2,4096,0.0,0.015625
9468,8,-2,1024,0.0,0.03125
9469,8,-2,4096,0.0,0.125
9470,2,1,1024,0.0,0.0078125
9471,4,1,1024,0.0,0.015625
9472,8,1,1024,0.0,0.02734375
9473,4,-2,4096,0.0,0.0625
9474,1,-1,4096,0.0,0.015625
9475,1,-2,2048,0.0,0.0078125
9476,2,-1,4096,0.0,0.03125
9477,1,1,2048,0.0,0.0078125
9478,2,-1,2048,0.0,0.015625
9479,4,1,4096,0.0,0.0625
9480,4,-1,2048,0.0,0.03125
9481,1,1,2048,0.9754901960784313,0.0078125
9482,1,-1,1024,0.0,0.00390625
9483,1,-1,2048,0.0,0.0078125
9484,2,-2,4096,0.0,0.03125
9485,8,1,4096,0.0,0.125
9486,2,2,1024,0.0,0.0078125
9487,2,1,2048,0.0,0.015625
9488,4,1,2048,0.0,0.03125
9489,1,2,4096,0.0,0.015625
9490,1,-2,4096,0.0,0.015625
9491,1,2,4096,0.0,0.0
9492,4,-2,4096,0.0,0.0625
9493,2,1,2048,0.0,0.015625
9494,4,2,2048,0.0,0.03125
9495,4,2,2048,0.0,0.03125
9496,2,-1,2048,0.0,0.015625
9497,8,2,4096,1.0,0.125
9498,8,1,4096,0.0,0.109375
9499,1,-2,4096,0.0,0.015625
9500,8,-2,2048,0.0,0.0625
9501,1,2,1024,0.0,0.00390625
9502,1,2,1024,0.0,0.00390625
9503,4,2,1024,0.0,0.015625
9504,1,-1,2048,0.0,0.0078125
9505,2,-1,2048,0.0,0.015625
9506,1,2,2048,0.0,0.0078125
9507,2,-2,4096,0.0,0.03125
9508,8,2,2048,0.0,0.0625
9509,8,1,4096,0.7879901960784313,0.09375
9510,1,1,2048,0.0,0.0078125
9511,4,-1,4096,0.0,0.0625
9512,2,2,1024,0.0,0.0078125
9513,2,1,1024,0.0,0.0078125
9514,4,-2,4096,0.0,0.046875
9515,8,1,4096,0.0,0.125
9516,2,2,2048,0.0,0.015625
9517,1,-2,1024,0.0,0.00390625
9518,8,1,1024,0.0,0.03125
9519,8,-2,2048,0.0,0.0546875
9520,2,1,4096,0.0,0.03125
9521,4,2,2048,0.0,0.03125
9522,8,-1,4096,0.0,0.109375
9523,4,-2,2048,0.0,0.03125
9524,2,-2,1024,0.0,0.0078125
9525,8,1,2048,0.0,0.0625
9526,8,2,2048,0.7303921568627451,0.0625
9527,4,-1,1024,0.0,0.015625
9528,1,2,4096,0.0,0.015625
9529,2,-1,1024,0.0,0.0078125
9530,4,-2,4096,0.0,0.0625
9531,2,1,4096,0.0,0.03125
9532,4,2,4096,0.0,0.0625
9533,4,-1,1024,0.0,0.015625
9534,1,2,4096,0.0,0.015625
9535,4,1,2048,0.0,0.03125
9536,4,-1,4096,0.0,0.0625
9537,1,1,1024,0.0,0.00390625
9538,4,-1,4096,0.0,0.0625
9539,4,-2,1024,0.0,0.015625
9540,1,2,4096,0.0,0.015625
9541,4,-1,1024,0.0,0.015625
9542,2,1,4096,0.0,0.03125
9543,2,1,4096,0.0,0.03125
9544,4,-2,2048,0.0,0.03125
9545,1,1,2048,0.0,0.0078125
9546,1,-1,1024,0.0,0.00390625
9547,2,1,1024,0.0,0.0078125
9548,8,-1,4096,0.9050245098039216,0.125
9549,1,2,4096,0.0,0.015625
9550,8,-2,4096,0.0,0.125
9551,1,-2,1024,0.0,0.00390625
9552,2,-1,1024,0.0,0.0078125
9553,2,-2,4096,0.0,0.03125
9554,2,-2,2048,0.0,0.015625
9555,1,1,1024,0.0,0.00390625
9556,8,2,1024,0.0,0.03125
9557,2,1,4096,0.0,0.03125
9558,8,-1,4096,0.0,0.109375
9559,4,2,1024,0.0,0.015625
9560,4,-1,4096,1.0,0.0625
9561,2,-2,2048,0.0,0.015625
9562,4,2,4096,0.0,0.0625
9563,8,1,2048,0.0,0.0546875
9564,8,-1,4096,0.0,0.109375
9565,8,1,2048,0.0,0.0625
9566,1,1,4096,0.0,0.015625
9567,4,-2,4096,0.0,0.0625
9568,2,-2,2048,0.0,0.015625
9569,8,1,1024,0.0,0.03125
9570,8,-2,1024,0.0,0.03125
9571,8,1,2048,0.0,0.0546875
9572,1,-1,2048,0.0,0.0078125
9573,2,-2,4096,0.0,0.03125
9574,4,1,1024,0.0,0.015625
9575,4,-1,4096,0.0,0.0625
9576,2,-1,1024,0.0,0.0078125
9577,1,-2,2048,0.0,0.0078125
9578,1,1,2048,0.0,0.0078125
9579,4,2,2048,0.0,0.03125
9580,2,1,1024,0.0,0.0078125
9581,2,-2,4096,0.0,0.03125
9582,8,2,1024,0.0,0.03125
9583,1,-2,4096,0.0,0.015625
9584,8,-1,2048,0.0,0.0625
9585,2,-2,4096,0.0,0.03125
9586,8,2,4096,0.0,0.109375
9587,8,-2,4096,0.0,0.109375
9588,4,1,2048,0.0,0.03125
9589,2,-2,2048,0.0,0.015625
9590,1,-2,2048,0.0,0.0078125
9591,1,1,2048,0.0,0.0078125
9592,8,2,4096,0.4987745098039216,0.125
9593,1,-2,2048,0.0,0.0078125
9594,2,-2,2048,0.0,0.015625
9595,2,-1,1024,0.0,0.0078125
9596,4,2,1024,0.0,0.015625
9597,8,-2,4096,0.0,0.109375
9598,4,-2,4096,0.0,0.046875
9599,8,-1,2048,0.8014705882352942,0.0625
9600,4,-1,2048,0.0,0.03125
9601,2,-2,1024,0.0,0.0078125
9602,1,1,1024,0.0,0.00390625
9603,1,1,4096,0.0,0.015625
9604,2,-2,2048,0.0,0.015625
9605,1,1,1024,0.0,0.00390625
9606,2,-2,1024,0.0,0.0078125
9607,2,1,1024,0.0,0.0078125
9608,2,-1,4096,0.0,0.03125
9609,8,-2,2048,0.0,0.0546875
9610,8,-2,1024,0.0,0.02734375
9611,4,2,4096,0.0,0.0625
9612,1,1,4096,0.0,0.015625
9613,2,1,2048,0.0,0.015625
9614,4,-2,1024,0.0,0.015625
9615,4,-2,1024,0.0,0.015625
9616,2,-2,4096,0.0,0.015625
9617,2,-1,2048,0.0,0.015625
9618,2,-1,2048,0.0,0.015625
9619,4,2,1024,0.0,0.015625
9620,1,2,4096,0.0,0.015625
9621,4,-1,4096,0.0,0.0625
9622,1,-1,2048,0.0,0.0078125
9623,4,-1,1024,0.0,0.015625
9624,8,1,2048,0.8333333333333334,0.0625
9625,4,1,4096,0.0,0.0625
9626,2,1,2048,0.0,0.015625
9627,8,-2,1024,0.0,0.02734375
9628,4,-1,1024,0.0,0.015625
9629,2,2,1024,0.0,0.0078125
9630,1,-1,2048,0.04350490196078431,0.0078125
9631,1,-2,2048,0.0,0.0078125
9632,1,-2,2048,0.0,0.0078125
9633,1,-2,4096,0.0,0.015625
9634,4,2,1024,0.0,0.015625
9635,4,-2,4096,0.0,0.046875
9636,8,1,1024,0.0,0.03125
9637,4,-1,2048,0.0,0.03125
9638,8,-2,1024,0.0,0.03125
9639,4,2,2048,0.0,0.03125
9640,2,1,4096,0.0,0.03125
9641,4,2,1024,0.0,0.015625
9642,2,2,2048,0.0,0.015625
9643,2,2,2048,0.0,0.015625
9644,2,1,2048,0.0,0.015625
9645,4,1,2048,0.0,0.03125
9646,2,1,2048,0.0,0.015625
9647,4,-1,4096,0.02267156862745098,0.0625
9648,8,-2,1024,0.0,0.03125
9649,2,-1,2048,0.0,0.015625
9650,2,-1,2048,0.0,0.015625
9651,2,-2,4096,0.0,0.03125
9652,8,2,4096,0.0,0.125
9653,1,2,4096,0.0,0.015625
9654,8,-1,1024,0.0,0.03125
9655,2,-1,1024,0.0,0.0078125
9656,8,2,2048,0.0,0.0625
9657,8,-1,2048,0.0,0.0625
9658,8,1,1024,0.0,0.03125
9659,8,1,4096,0.0,0.125
9660,1,-1,4096,0.0,0.015625
9661,4,2,2048,0.0,0.03125
9662,1,-2,4096,0.0,0.015625
9663,2,-2,2048,0.9037990196078431,0.015625
9664,1,1,2048,0.0,0.0078125
9665,4,1,4096,0.0,0.0625
9666,4,2,1024,0.0,0.015625
9667,4,1,1024,0.0,0.015625
9668,1,-2,2048,0.0,0.0078125
9669,2,2,4096,0.0,0.03125
9670,4,-1,2048,0.0,0.03125
9671,8,-2,2048,0.0,0.0546875
9672,8,1,1024,0.0,0.02734375
9673,1,-2,2048,0.0,0.0078125
9674,2,-1,1024,0.0,0.0078125
9675,1,-1,1024,0.0,0.00390625
9676,8,-2,4096,0.0,0.125
9677,1,2,2048,0.0,0.0078125
9678,8,1,1024,0.0,0.03125
9679,1,2,1024,0.0,0.00390625
9680,1,-1,2048,0.0,0.0078125
9681,8,1,1024,0.25,0.02734375
9682,2,2,2048,0.0,0.015625
9683,2,-2,2048,0.0,0.015625
9684,4,2,4096,0.0,0.0625
9685,2,-2,2048,0.0,0.015625
9686,4,2,1024,0.0,0.015625
9687,2,1,2048,0.0,0.015625
9688,2,1,2048,0.0,0.015625
9689,2,-2,1024,0.0,0.0078125
9690,1,1,1024,0.0,0.00390625
9691,2,1,1024,0.0,0.0078125
9692,4,2,4096,0.0,0.0625
9693,1,2,1024,0.0,0.00390625
9694,1,-1,4096,0.0,0.015625
9695,4,-1,2048,0.0,0.03125
9696,2,-1,4096,0.0,0.03125
9697,1,-1,1024,0.6274509803921569,0.00390625
9698,4,-2,2048,0.0,0.03125
9699,8,-2,1024,0.0,0.03125
9700,1,2,4096,0.0,0.015625
9701,1,-1,2048,0.0,0.0078125
9702,2,-1,1024,0.0,0.0078125
9703,4,1,4096,0.0,0.0625
9704,1,1,4096,0.0,0.015625
9705,8,-1,4096,0.0,0.125
9706,2,2,4096,0.0,0.015625
9707,1,-2,1024,0.0,0.00390625
9708,8,-1,2048,0.0,0.0625
9709,1,-2,4096,0.0,0.015625
9710,1,1,2048,0.0,0.0078125
9711,8,-2,2048,0.0,0.0625
9712,4,2,4096,0.0,0.0625
9713,2,1,2048,0.0,0.015625
9714,4,-2,1024,0.0,0.015625
9715,4,1,1024,0.0,0.015625
9716,4,-1,4096,0.0,0.0625
9717,1,1,1024,0.5759803921568627,0.00390625
9718,4,-2,2048,0.0,0.03125
9719,2,1,2048,0.0,0.015625
9720,8,-2,2048,0.0,0.0625
9721,4,-2,1024,0.0,0.015625
9722,1,1,1024,0.0,0.00390625
9723,8,1,4096,0.0,0.09375
9724,2,-1,1024,0.0,0.0078125
9725,2,-2,1024,0.0,0.0078125
9726,8,-1,4096,0.0,0.125
9727,8,2,1024,0.0,0.03125
9728,8,1,2048,0.0,0.0546875
9729,4,-2,1024,0.0,0.015625
9730,8,2,4096,0.0,0.109375
9731,1,-1,1024,0.0,0.00390625
9732,4,1,2048,0.5557598039215687,0.03125
9733,2,-2,2048,0.0,0.015625
9734,2,-1,4096,0.0,0.03125
9735,1,2,1024,0.0,0.00390625
9736,1,-1,2048,0.0,0.0078125
9737,2,-2,2048,0.0,0.015625
9738,8,-2,1024,0.08823529411764706,0.03125
9739,4,2,1024,0.0,0.015625
9740,2,2,4096,0.0,0.015625
9741,2,-2,2048,0.0,0.015625
9742,4,2,2048,0.0,0.0234375
9743,1,2,4096,0.0,0.015625
9744,4,-1,2048,0.0,0.03125
9745,4,1,4096,0.0,0.046875
9746,1,-1,4096,0.0,0.015625
9747,4,-2,2048,0.0,0.03125
9748,4,1,1024,0.0,0.015625
9749,4,-2,2048,0.0,0.03125
9750,2,-1,1024,0.0,0.0078125
9751,4,-1,4096,1.0,0.0625
9752,8,-2,1024,0.0,0.03125
9753,1,2,4096,0.0,0.015625
9754,4,1,2048,0.0,0.03125
9755,4,2,2048,0.0,0.03125
9756,2,1,1024,0.0,0.0078125
9757,2,-2,1024,0.0,0.0078125
9758,8,-1,4096,1.0,0.125
9759,2,-1,4096,0.0,0.03125
9760,4,2,1024,0.4987745098039216,0.015625
9761,1,-2,1024,0.0,0.00390625
9762,8,1,1024,0.0,0.03125
9763,4,-2,4096,0.0,0.046875
9764,8,2,2048,0.0,0.0546875
9765,4,1,1024,0.0,0.015625
9766,2,-1,1024,0.0,0.0078125
9767,2,-1,1024,0.0,0.0078125
9768,4,-1,4096,0.0,0.0625
9769,8,-2,4096,1.0,0.109375
9770,1,1,2048,0.0,0.0078125
9771,8,2,4096,0.0,0.109375
9772,8,-2,1024,0.0,0.03125
9773,1,1,2048,0.0,0.0078125
9774,1,1,1024,0.0,0.00390625
9775,4,2,4096,1.0,0.046875
9776,8,2,2048,0.539828431372549,0.0625
9777,2,-2,4096,0.0,0.03125
9778,4,-2,2048,0.0,0.03125
9779,8,2,2048,0.0,0.0625
9780,2,-2,4096,0.0,0.03125
9781,1,1,4096,0.0,0.015625
9782,8,2,2048,0.0,0.0625
9783,2,1,2048,0.0,0.015625
9784,2,-2,2048,0.0,0.015625
9785,2,-2,1024,0.0,0.0078125
9786,4,1,2048,0.0,0.03125
9787,2,2,4096,0.0,0.03125
9788,4,-1,4096,0.0,0.0625
9789,4,1,2048,0.0,0.03125
9790,1,2,2048,0.0,0.0078125
9791,2,2,4096,0.0,0.03125
9792,1,1,1024,0.0,0.00390625
9793,1,1,1024,0.0,0.00390625
9794,8,2,1024,0.0,0.02734375
9795,4,2,1024,0.0,0.015625
9796,4,-1,4096,0.0,0.046875
9797,8,1,1024,0.6274509803921569,0.03125
9798,4,-1,1024,0.0,0.015625
9799,8,2,2048,0.0,0.0546875
9800,4,-2,2048,0.0,0.03125
9801,2,-2,4096,0.0,0.03125
9802,4,-1,4096,0.0,0.046875
9803,2,-2,2048,0.0,0.015625
9804,8,1,1024,0.0,0.03125
9805,1,1,1024,0.0,0.00390625
9806,8,2,4096,0.0,0.109375
9807,8,1,2048,0.0,0.0625
9808,1,1,4096,0.0,0.015625
9809,4,1,2048,0.0,0.03125
9810,8,-2,4096,0.0,0.109375
9811,4,1,2048,0.0,0.03125
9812,2,-2,4096,0.0,0.03125
9813,8,1,2048,0.1133578431372549,0.0625
9814,4,2,1024,0.25,0.015625
9815,1,2,1024,0.0,0.00390625
9816,1,1,1024,0.0,0.00390625
9817,4,-1,2048,0.0,0.0234375
9818,2,2,4096,0.0,0.03125
9819,1,2,2048,0.0,0.0078125
9820,8,-1,4096,1.0,0.125
9821,1,-2,1024,0.0,0.00390625
9822,1,1,2048,0.0,0.0078125
9823,2,1,2048,0.0,0.015625
9824,1,2,1024,0.0,0.00390625
9825,2,2,2048,0.0,0.015625
9826,8,-2,2048,0.0,0.0625
9827,8,-1,2048,0.0,0.0625
9828,8,2,2048,0.0,0.0625
9829,2,-1,1024,0.0,0.0078125
9830,1,-1,4096,0.0,0.015625
9831,8,-1,1024,0.0,0.03125
9832,2,-1,4096,0.0,0.03125
9833,4,1,4096,0.0,0.0625
9834,1,-1,1024,0.0,0.00390625
9835,4,-1,1024,0.0,0.015625
9836,4,-1,2048,0.0,0.03125
9837,8,-2,4096,0.0,0.125
9838,1,2,2048,0.0,0.0078125
9839,2,2,2048,0.0,0.015625
9840,8,-1,4096,0.0,0.125
9841,2,-2,2048,0.0,0.015625
9842,4,1,4096,0.0,0.0625
9843,1,1,4096,0.0,0.015625
9844,4,1,1024,0.0,0.015625
9845,2,1,2048,0.0,0.015625
9846,4,1,1024,0.0,0.01171875
9847,8,-2,1024,0.0,0.03125
9848,4,-2,1024,0.0,0.015625
9849,2,-2,1024,0.0,0.00390625
9850,1,-2,1024,0.0,0.00390625
9851,2,2,4096,0.0,0.03125
9852,8,1,2048,0.0,0.0625
9853,1,1,2048,0.0,0.0078125
9854,4,1,4096,0.0,0.0625
9855,2,-2,4096,0.0,0.03125
9856,2,-2,2048,0.0,0.015625
9857,4,2,2048,0.0,0.03125
9858,2,-1,2048,0.0,0.015625
9859,2,1,2048,0.0,0.015625
9860,4,2,2048,0.0,0.03125
9861,8,-2,1024,0.6274509803921569,0.03125
9862,8,2,1024,0.0,0.03125
9863,4,1,1024,0.0,0.015625
9864,4,-1,2048,0.0,0.03125
9865,8,-1,4096,0.0,0.109375
9866,2,-2,2048,0.0,0.015625
9867,2,-2,1024,0.0,0.0078125
9868,2,-2,2048,0.0,0.015625
9869,4,2,4096,0.0,0.0625
9870,4,-2,2048,0.0,0.03125
9871,1,-1,1024,0.0,0.00390625
9872,8,-2,1024,0.0,0.03125
9873,2,-1,2048,0.35784313725490197,0.015625
9874,8,-2,4096,1.0,0.109375
9875,4,-1,1024,0.0,0.015625
9876,8,1,4096,0.0,0.125
9877,4,2,4096,0.0,0.0625
9878,4,-1,1024,0.0,0.015625
9879,1,1,1024,0.0,0.00390625
9880,2,1,1024,0.0,0.0078125
9881,8,2,2048,0.0,0.0546875
9882,2,2,1024,0.0,0.0078125
9883,1,-2,4096,0.0,0.015625
9884,1,1,1024,0.0,0.00390625
9885,4,2,2048,0.0,0.03125
9886,4,-1,4096,0.0,0.0625
9887,8,1,1024,0.0,0.03125
9888,8,-1,1024,0.0,0.03125
9889,4,-1,4096,0.0,0.0625
9890,4,-2,1024,0.0,0.015625
9891,8,-2,2048,0.0,0.0625
9892,1,1,1024,0.0,0.00390625
9893,4,2,1024,0.0,0.015625
9894,2,1,2048,0.0,0.015625
9895,8,-2,2048,0.0,0.0546875
9896,8,-2,2048,0.0,0.0546875
9897,4,1,4096,0.0,0.0625
9898,4,-2,1024,0.0,0.015625
9899,4,1,2048,0.0,0.03125
9900,4,2,1024,0.0,0.015625
9901,1,-2,4096,0.0,0.015625
9902,2,1,2048,0.0,0.015625
9903,4,2,4096,0.0,0.0625
9904,4,-1,1024,0.0,0.015625
9905,1,2,2048,0.0,0.0078125
9906,8,2,1024,0.0,0.03125
9907,8,-1,1024,0.0,0.03125
9908,4,-1,4096,0.0,0.046875
9909,1,1,4096,0.0,0.015625
9910,8,1,1024,0.0,0.03125
9911,1,-1,2048,0.0,0.0078125
9912,2,-2,4096,0.0,0.03125
9913,8,1,1024,0.0,0.03125
9914,4,-2,4096,0.0,0.0625
9915,1,-2,1024,0.0,0.00390625
9916,1,-2,2048,0.0,0.0078125
9917,2,-1,4096,0.0,0.03125
9918,4,-2,4096,0.0,0.0625
9919,4,-1,1024,0.0,0.015625
9920,1,-2,1024,0.0,0.00390625
9921,1,-1,1024,0.0,0.00390625
9922,4,2,2048,0.0,0.03125
9923,1,-1,1024,0.0,0.00390625
9924,1,1,4096,0.0,0.015625
9925,2,-2,1024,0.0,0.0078125
9926,4,-2,2048,0.0,0.03125
9927,1,2,4096,0.0,0.0
9928,1,1,2048,0.0,0.0078125
9929,1,-2,2048,0.0,0.0078125
9930,2,1,1024,0.0,0.0078125
9931,1,-2,4096,0.0,0.0
9932,1,-2,4096,0.0,0.015625
9933,2,-1,4096,0.0,0.03125
9934,1,1,1024,0.0,0.00390625
9935,2,1,2048,0.0,0.015625
9936,4,2,4096,0.0,0.046875
9937,1,-2,4096,0.0,0.015625
9938,4,-2,2048,0.1715686274509804,0.03125
9939,4,1,4096,0.0,0.0625
9940,4,2,1024,0.0,0.015625
9941,4,1,4096,0.0,0.0625
9942,8,1,2048,0.0,0.0625
9943,1,-2,4096,0.0,0.015625
9944,1,2,2048,0.0,0.0078125
9945,2,2,2048,0.0,0.015625
9946,4,1,4096,0.0,0.0625
9947,8,-1,4096,0.0,0.125
9948,8,1,4096,0.0,0.09375
9949,4,1,1024,0.0,0.01171875
9950,2,2,2048,0.0,0.015625
9951,2,-2,4096,0.0,0.03125
9952,1,1,4096,0.0,0.015625
9953,2,1,2048,0.0,0.015625
9954,4,-1,4096,0.0,0.0625
9955,1,2,2048,0.0,0.0078125
9956,8,-2,1024,0.0,0.03125
9957,8,-2,4096,0.0,0.125
9958,2,2,2048,0.0,0.015625
9959,8,-2,2048,0.0,0.0625
9960,1,-1,1024,0.0,0.00390625
9961,8,-1,1024,0.36151960784313725,0.03125
9962,8,1,2048,0.16605392156862744,0.0625
9963,1,-2,4096,0.0,0.015625
9964,4,-1,1024,0.0,0.015625
9965,2,2,4096,0.0,0.03125
9966,8,-1,4096,0.0,0.109375
9967,1,1,2048,0.0,0.0078125
9968,1,2,4096,0.0,0.015625
9969,2,1,4096,1.0,0.03125
9970,1,2,4096,0.0,0.015625
9971,2,2,4096,0.0,0.03125
9972,4,1,4096,0.0,0.046875
9973,4,2,4096,0.0,0.046875
9974,4,1,1024,0.0,0.015625
9975,1,2,2048,0.0,0.0078125
9976,1,1,4096,0.0,0.015625
9977,8,-1,2048,0.0,0.0625
9978,2,1,1024,0.0,0.0078125
9979,1,-1,4096,0.0,0.015625
9980,2,-1,2048,0.0,0.015625
9981,1,-1,4096,0.0,0.015625
9982,2,-1,1024,0.0,0.0078125
9983,8,-1,1024,0.0,0.03125
9984,2,1,2048,0.0,0.015625
9985,4,-1,1024,0.0,0.01171875
9986,2,-1,2048,0.0,0.015625
9987,2,-2,2048,0.0,0.0078125
9988,4,-1,1024,0.0,0.015625
9989,4,-1,4096,0.0,0.0625
9990,2,2,1024,0.0,0.0078125
9991,1,-1,4096,0.0,0.015625
9992,8,-2,1024,0.0,0.03125
9993,1,-1,2048,0.0,0.0078125
9994,8,1,4096,0.0,0.109375
9995,2,-2,1024,0.0,0.0078125
9996,8,-2,4096,0.0,0.125
9997,2,-1,1024,0.0,0.0078125
9998,4,-1,4096,0.0,0.0625
9999,4,-1,4096,1.0,0.0625
